source,sku,name,brand,category,price_inr,availability,volume_tiers,url,image
handypanda,SANJAQWCXRCRSY,WC,Jaquar,Bathware & plumbing,8039.0,InStock,0,https://www.handypanda.in/products/jaquar-wc-4bzwr2r,https://cdn.handypanda.in/products/SANJAQWCXRCRSY-0.jpg
handypanda,SHOJAQAQUKKCHR,Aquamax Exposed Part Kit of Single Lever Shower Mixer (Kubix Prime),Jaquar,Bathware & plumbing,5323.0,OutOfStock,0,https://www.handypanda.in/products/jaquar-aquamax-exposed-part-kit-of-single-lever-shower-mixer-kubix-pri-q6wa3sv,https://cdn.handypanda.in/products/SHOJAQAQUKKCHR-0.jpg
handypanda,SHOJAQCON125HW,Aquamax Concealed Body,Jaquar,Bathware & plumbing,5137.0,OutOfStock,0,https://www.handypanda.in/products/jaquar-aquamax-concealed-body-98e14aw,https://cdn.handypanda.in/products/SHOJAQCON125HW-0.jpg?v=1781606829768
handypanda,TAPJAQCENB1OOD,Center Hole Basin Mixture,Jaquar,Bathware & plumbing,4877.0,OutOfStock,0,https://www.handypanda.in/products/jaquar-center-hole-basin-mixture-heolnoo,https://cdn.handypanda.in/products/TAPJAQCENB1OOD-0.jpg
handypanda,TAPJAQPIL226AC,PIllar Cock Jaquar,Jaquar,Bathware & plumbing,4029.0,OutOfStock,0,https://www.handypanda.in/products/jaquar-pillar-cock-jaquar-81405tp,https://cdn.handypanda.in/products/TAPJAQPIL226AC-primary.jpg
handypanda,SHOJAQCONOQVLI,Concealed cistern body,Jaquar,Bathware & plumbing,3993.0,OutOfStock,0,https://www.handypanda.in/products/jaquar-concealed-cistern-body-tg73wnq,https://cdn.handypanda.in/products/SHOJAQCONOQVLI-0.jpg
handypanda,SHOJAQSHO1PJP5,Concealed Body for Single Lever High Flow Diverter,Jaquar,Bathware & plumbing,3816.0,OutOfStock,0,https://www.handypanda.in/products/jaquar-concealed-body-for-single-lever-high-flow-diverter-ds0lruv,https://cdn.handypanda.in/products/SHOJAQSHO1PJP5-0.jpg?v=1781606959358
handypanda,SHOJAQAQUA3PK6,Aquamax Exposed Part Kit of Single Lever Shower Mixer (Ornamix Prime),Jaquar,Bathware & plumbing,3549.0,OutOfStock,0,https://www.handypanda.in/products/jaquar-aquamax-exposed-part-kit-of-single-lever-shower-mixer-ornamix-p-z0m9083,https://cdn.handypanda.in/products/SHOJAQAQUA3PK6-0.jpg
handypanda,SHOJAQAQUUQO6L,Aquamax Exposed Part Kit of Single Lever Shower Mixer (Opal Prime),Jaquar,Bathware & plumbing,3549.0,OutOfStock,0,https://www.handypanda.in/products/jaquar-aquamax-exposed-part-kit-of-single-lever-shower-mixer-opal-prim-0uckyjp,https://cdn.handypanda.in/products/imports-cmqdue5ki000ql404d1t4upc6-0.jpg?v=1781457714447
handypanda,SHOJAQAQU0K7DR,Aquamax Exposed Part Kit of Single Lever Shower Mixer (Vignette Prime),Jaquar,Bathware & plumbing,3549.0,OutOfStock,0,https://www.handypanda.in/products/jaquar-aquamax-exposed-part-kit-of-single-lever-shower-mixer-vignette-tye66ez,https://cdn.handypanda.in/products/imports-cmqdue5kh000al404bd7dplnd-0.jpg?v=1781457692284
handypanda,SHOJAQOVEQAGEZ,Overhead Shower,Jaquar,Bathware & plumbing,3519.0,OutOfStock,0,https://www.handypanda.in/products/jaquar-overhead-shower-i3aspm5,https://cdn.handypanda.in/products/SHOJAQOVEQAGEZ-0.jpg
handypanda,SHOJAQSHOB9U9O,Shower head,Jaquar,Bathware & plumbing,3481.0,OutOfStock,0,https://www.handypanda.in/products/jaquar-shower-head-f8ghqi8,https://cdn.handypanda.in/products/SHOJAQSHOB9U9O-0.jpg
handypanda,SHOJAQAQU17U0F,Aquamax Exposed Part Kit of Single Lever Shower Mixer (Alive),Jaquar,Bathware & plumbing,3428.0,OutOfStock,0,https://www.handypanda.in/products/jaquar-aquamax-exposed-part-kit-of-single-lever-shower-mixer-alive-nepl2i4,https://cdn.handypanda.in/products/imports-cmqdue5kj0019l4042rxhnzgk-0.jpg?v=1781457780281
handypanda,SHOJAQWASV4ZWQ,Washbasin diverter,Jaquar,Bathware & plumbing,3325.0,InStock,0,https://www.handypanda.in/products/jaquar-washbasin-diverter-tlynr59,https://cdn.handypanda.in/products/SHOJAQWASV4ZWQ-0.jpg
handypanda,SHOKOHTOWWDZ3K,Towel rack,Kohler,Bathware & plumbing,3257.0,OutOfStock,0,https://www.handypanda.in/products/kohler-towel-rack-4svzsuh,https://cdn.handypanda.in/products/SHOKOHTOWWDZ3K-0.jpg
handypanda,SHOJAQAQUBKKK5,Aquamax Exposed Part Kit of Single Lever Shower Mixer (Aria),Jaquar,Bathware & plumbing,3226.0,OutOfStock,0,https://www.handypanda.in/products/jaquar-aquamax-exposed-part-kit-of-single-lever-shower-mixer-aria-tiko8p0,https://cdn.handypanda.in/products/imports-cmqdue5kj0018l404vjomk5ci-0.jpg?v=1781457736828
handypanda,SHOJAQAQU1TOD9,Aquamax Exposed Part Kit of Single Lever Shower Mixer (Lyric),Jaquar,Bathware & plumbing,3226.0,OutOfStock,0,https://www.handypanda.in/products/jaquar-aquamax-exposed-part-kit-of-single-lever-shower-mixer-lyric-60crkfu,https://cdn.handypanda.in/products/SHOJAQAQU1TOD9-0.jpg
handypanda,SHOJAQAQU52WIP,Aquamax Exposed Part Kit of Single Lever Shower Mixer (Fusion),Jaquar,Bathware & plumbing,3146.0,OutOfStock,0,https://www.handypanda.in/products/jaquar-aquamax-exposed-part-kit-of-single-lever-shower-mixer-fusion-ptpzcwa,https://cdn.handypanda.in/products/imports-cmqdue5kj001al404oi2hknew-0.jpg?v=1781457787892
handypanda,TAPJAQSPOSXYFR,Spout,Jaquar,Bathware & plumbing,2571.0,OutOfStock,0,https://www.handypanda.in/products/jaquar-spout-9ioasjq,https://cdn.handypanda.in/products/TAPJAQSPOSXYFR-0.jpg
handypanda,SHOJAQSHOD1BB2,Aquamax diverter,Jaquar,Bathware & plumbing,2099.0,OutOfStock,0,https://www.handypanda.in/products/jaquar-aquamax-diverter-g9npo8m,https://cdn.handypanda.in/products/SHOJAQSHOD1BB2-0.jpg
handypanda,TAPJAQBIBFIMOK,Bib cock long body,Jaquar,Bathware & plumbing,1596.0,OutOfStock,0,https://www.handypanda.in/products/jaquar-bib-cock-long-body-if4jovo,https://cdn.handypanda.in/products/TAPJAQBIBFIMOK-0.jpg
handypanda,PIPASTPIP2B1EZ,Pipe 20ft PVC,Astral,Bathware & plumbing,1475.0,OutOfStock,0,https://www.handypanda.in/products/astral-pipe-20ft-pvc-1racml3,https://cdn.handypanda.in/products/PIPASTPIP2B1EZ-primary.jpg
handypanda,HEAJAQCONMNRG5,Concealed stop cock,Jaquar,Bathware & plumbing,1431.0,OutOfStock,0,https://www.handypanda.in/products/jaquar-concealed-stop-cock-2o5wnu5,https://cdn.handypanda.in/products/HEAJAQCONMNRG5-0.jpg
handypanda,TAPSOMWAY7TLLO,2 Way Angle Valve,Somany,Bathware & plumbing,1400.0,OutOfStock,0,https://www.handypanda.in/products/somany-2-way-angle-valve-0xe3ljc,https://cdn.handypanda.in/products/TAPSOMWAY7TLLO-0.jpg
handypanda,HEAJAQHEA1I9GA,Health Faucet,Jaquar,Bathware & plumbing,1397.0,OutOfStock,0,https://www.handypanda.in/products/jaquar-health-faucet-m16zfkk,https://cdn.handypanda.in/products/HEAJAQHEA1I9GA-0.jpg
handypanda,TANSUPSIPUHBVG,Siphon set,Superflo,Bathware & plumbing,1320.0,OutOfStock,0,https://www.handypanda.in/products/superflo-siphon-set-sv3w4nf,https://cdn.handypanda.in/products/TANSUPSIPUHBVG-0.jpg
handypanda,ACCKOHGLAWWEON,Glass shelf,Kohler,Bathware & plumbing,1318.0,OutOfStock,0,https://www.handypanda.in/products/kohler-glass-shelf-gfetod0,https://cdn.handypanda.in/products/ACCKOHGLAWWEON-0.jpg
handypanda,SANJAQCISC0K7E,Cistern Plate,Jaquar,Bathware & plumbing,1253.0,OutOfStock,0,https://www.handypanda.in/products/jaquar-cistern-plate-4sd9kku,https://cdn.handypanda.in/products/SANJAQCISC0K7E-0.jpg
handypanda,HEAJAQHEAAN296,Shower tube,Jaquar,Bathware & plumbing,947.0,OutOfStock,0,https://www.handypanda.in/products/jaquar-shower-tube-vn0u2u9,https://cdn.handypanda.in/products/HEAJAQHEAAN296-0.jpg
handypanda,TAPONTCON6WWJ8,Concealed stop cock,Generic,Bathware & plumbing,931.0,InStock,0,https://www.handypanda.in/products/generic-concealed-stop-cock-rlgxcfk,https://cdn.handypanda.in/products/Sunfit/TAPONTCON6WWJ8.jpg
handypanda,PIPASTPIPNCHX7,Pipe 10ft PVC,Astral,Bathware & plumbing,917.0,InStock,0,https://www.handypanda.in/products/astral-pipe-10ft-pvc-q87f1zx,https://cdn.handypanda.in/products/PIPASTPIPNCHX7-0.jpg
handypanda,FLOLOCSINHBI4H,Sink basin SS,Generic,Bathware & plumbing,859.0,OutOfStock,0,https://www.handypanda.in/products/generic-sink-basin-ss-uqgwrfc,https://cdn.handypanda.in/products/FLOLOCSINHBI4H-1.jpg
handypanda,PIPASTNRVZIHB0,NRV CPVC,Astral,Bathware & plumbing,856.0,OutOfStock,0,https://www.handypanda.in/products/astral-nrv-cpvc-mufbsvu,https://cdn.handypanda.in/products/PIPASTNRVZIHB0-0.jpg
handypanda,SANLOCSEAWHQWW,WC Seat Cover,Generic,Bathware & plumbing,850.0,OutOfStock,0,https://www.handypanda.in/products/generic-wc-seat-cover-a9d194f,https://cdn.handypanda.in/products/SANLOCSEAWHQWW-0.jpg
handypanda,TAPORV2INURC3H,2 Way Angle Valve,Generic,Bathware & plumbing,795.0,InStock,0,https://www.handypanda.in/products/generic-2-way-angle-valve-pma44g7,https://cdn.handypanda.in/products/TAPORV2INURC3H-0.jpg?v=1777139258172
handypanda,TAPONTSINL1MQW,Sink Cock,Ontake,Bathware & plumbing,783.0,OutOfStock,0,https://www.handypanda.in/products/ontake-sink-cock-yjofgjs,https://cdn.handypanda.in/products/TAPONTSINL1MQW-0.jpg
handypanda,TANLOCBOTMHUB7,Bottle trap,Generic,Bathware & plumbing,774.0,OutOfStock,0,https://www.handypanda.in/products/generic-bottle-trap-ddaswkk,https://cdn.handypanda.in/products/TANLOCBOTMHUB7-0.jpg
handypanda,TAPLOCROF52B2D,RO faucet,Generic,Bathware & plumbing,689.0,OutOfStock,0,https://www.handypanda.in/products/generic-ro-faucet-lcihaf0,https://cdn.handypanda.in/products/TAPLOCROF52B2D-0.jpg
handypanda,TAPORBWASHFA2G,Washing machine tap,Generic,Bathware & plumbing,616.0,InStock,0,https://www.handypanda.in/products/generic-washing-machine-tap-5qoilj4,https://cdn.handypanda.in/products/TAPORBWASHFA2G-0.jpg
handypanda,HEAJAQANGH6PXX,Angle valve,Jaquar,Bathware & plumbing,595.0,OutOfStock,0,https://www.handypanda.in/products/jaquar-angle-valve-d24rlrr,https://cdn.handypanda.in/products/HEAJAQANGH6PXX-0.jpg
handypanda,TAPONTBIBX6TGC,Nozzle Bib cock,Generic,Bathware & plumbing,554.0,OutOfStock,0,https://www.handypanda.in/products/generic-nozzle-bib-cock-kqhn92m,https://cdn.handypanda.in/products/TAPONTBIBX6TGC-0.jpg?v=1777137567219
handypanda,SHOGENROU2FE8C,Shower Head Round,Generic,Bathware & plumbing,550.0,OutOfStock,0,https://www.handypanda.in/products/generic-shower-head-round-89jazfn,https://cdn.handypanda.in/products/SHOGENROU2FE8C-0.jpg?v=1779712917570
handypanda,PIPZOLBALG1TA9,Ball valve,Zoloto,Bathware & plumbing,493.0,OutOfStock,0,https://www.handypanda.in/products/zoloto-ball-valve-vyi4bvr,https://cdn.handypanda.in/products/PIPZOLBALG1TA9-0.jpg
handypanda,SANLOCINDWALAS,Indian WC Seat,Generic,Bathware & plumbing,490.0,OutOfStock,0,https://www.handypanda.in/products/generic-indian-wc-seat-pxrk30i,https://cdn.handypanda.in/products/SANLOCINDWALAS-0.jpg
handypanda,FLOSANGRAEKLXJ,Grating vent 5 inch,Sanjay Chilli,Bathware & plumbing,392.0,OutOfStock,0,https://www.handypanda.in/products/sanjay-chilli-grating-vent-5-inch-itnkfpo,https://cdn.handypanda.in/products/FLOSANGRAEKLXJ-0.jpg
handypanda,TAPORBHEAGV4R6,Health faucet,Generic,Bathware & plumbing,377.0,InStock,0,https://www.handypanda.in/products/generic-health-faucet-wbcen2y,https://cdn.handypanda.in/products/TAPORBHEAGV4R6-primary.jpg
handypanda,PIPASTCLAJ526V,Clamp CPVC,Astral,Bathware & plumbing,306.0,OutOfStock,0,https://www.handypanda.in/products/astral-clamp-cpvc-eeaz50s,https://cdn.handypanda.in/products/PIPASTCLAJ526V-0.jpg
handypanda,TAPLOCFASSSDIY,Fastener SS,Generic,Bathware & plumbing,294.0,OutOfStock,0,https://www.handypanda.in/products/generic-fastener-ss-3b5fuwo,https://cdn.handypanda.in/products/TAPLOCFASSSDIY-0.jpg
handypanda,WASORBRACRDOVA,Rack bolt/ Fastener,Generic,Bathware & plumbing,279.0,OutOfStock,0,https://www.handypanda.in/products/generic-rack-bolt-fastener-r1syqa4,https://cdn.handypanda.in/products/WASORBRACRDOVA-0.jpg
handypanda,PIPASTPIP0SQUV,Pipe 10ft CPVC,Astral,Bathware & plumbing,269.0,InStock,0,https://www.handypanda.in/products/astral-pipe-10ft-cpvc-oowcrrz,https://cdn.handypanda.in/products/PIPASTPIP0SQUV-0.jpg
handypanda,PIPSUPDOO54MFG,Door Bend PVC,Supreme,Bathware & plumbing,260.0,OutOfStock,0,https://www.handypanda.in/products/supreme-door-bend-pvc-s6jimqu,https://cdn.handypanda.in/products/PIPSUPDOO54MFG-0.jpg
handypanda,PIPSUPPTRL1PHA,P Trap PVC,Supreme,Bathware & plumbing,250.0,InStock,0,https://www.handypanda.in/products/supreme-p-trap-pvc-jumqc3e,https://cdn.handypanda.in/products/PIPSUPPTRL1PHA-primary.jpg
handypanda,TAPZEBANGWX0ZQ,Angle valve,Generic,Bathware & plumbing,250.0,OutOfStock,0,https://www.handypanda.in/products/generic-angle-valve-cbqt09t,https://cdn.handypanda.in/products/TAPZEBANGWX0ZQ-0.jpg
handypanda,HEAORBHEAJEDON,Health faucet tube,Generic,Bathware & plumbing,233.0,InStock,0,https://www.handypanda.in/products/generic-health-faucet-tube-kb8grux,https://cdn.handypanda.in/products/HEAORBHEAJEDON-0.jpg
handypanda,FLOLOCWASVIQG4,Waste Coupling,Generic,Bathware & plumbing,221.0,OutOfStock,0,https://www.handypanda.in/products/generic-waste-coupling-k8lafyj,https://cdn.handypanda.in/products/FLOLOCWASVIQG4-0.jpg?v=1777121672918
handypanda,PIPASTTEEC8ZL3,Tee PVC,Astral,Bathware & plumbing,210.0,OutOfStock,0,https://www.handypanda.in/products/astral-tee-pvc-95235h4,https://cdn.handypanda.in/products/PIPASTTEEC8ZL3-0.jpg
handypanda,PIPASTFTA54E49,FTA Brass CPVC,Astral,Bathware & plumbing,189.0,InStock,0,https://www.handypanda.in/products/astral-fta-brass-cpvc-s7kg307,https://cdn.handypanda.in/products/PIPASTFTA54E49-primary.jpg
handypanda,PIPSUPYTELWOUU,Y Tee PVC,Supreme,Bathware & plumbing,188.0,InStock,0,https://www.handypanda.in/products/supreme-y-tee-pvc-t6nl547,https://cdn.handypanda.in/products/PIPSUPYTELWOUU-0.jpg
handypanda,PIPASTSOLON40D,Solvent CPVC,Astral,Bathware & plumbing,169.0,InStock,0,https://www.handypanda.in/products/astral-solvent-cpvc-6y3vm8g,https://cdn.handypanda.in/products/PIPASTSOLON40D-0.jpg
handypanda,WCCLOCWCC18TS1,WC Connector 6x4,Generic,Bathware & plumbing,165.0,InStock,0,https://www.handypanda.in/products/generic-wc-connector-6x4-vrrcd16,https://cdn.handypanda.in/products/WCCLOCWCC18TS1-0.jpg
handypanda,PIPASTDOO83ROO,Door Bend PVC,Astral,Bathware & plumbing,161.0,OutOfStock,0,https://www.handypanda.in/products/astral-door-bend-pvc-p2oswwi,https://cdn.handypanda.in/products/PIPASTDOO83ROO-primary.jpg
handypanda,PIPASTREDO9CCP,Reducing MTA Brass CPVC,Astral,Bathware & plumbing,155.0,InStock,0,https://www.handypanda.in/products/astral-reducing-mta-brass-cpvc-dqyn7zv,https://cdn.handypanda.in/products/PIPASTREDO9CCP-primary.jpg
handypanda,PIPASTMTARA1LU,MTA Brass CPVC,Astral,Bathware & plumbing,153.0,InStock,0,https://www.handypanda.in/products/astral-mta-brass-cpvc-3dt20do,https://cdn.handypanda.in/products/PIPASTMTAYDK59-0.jpg
handypanda,FLEGENMIX4WUH8,Mixture connection pipe,Generic,Bathware & plumbing,147.0,OutOfStock,0,https://www.handypanda.in/products/generic-mixture-connection-pipe-bn28ve2,https://cdn.handypanda.in/products/FLEGENMIX4WUH8-0.jpg
handypanda,FLOLOCSINZ1JRK,Sink Bracket,Generic,Bathware & plumbing,147.0,OutOfStock,0,https://www.handypanda.in/products/generic-sink-bracket-lae6ije,https://cdn.handypanda.in/products/FLOLOCSINZ1JRK-primary.jpg
handypanda,TAPLOCBAS89Z4B,Basin mixer Chand set,Generic,Bathware & plumbing,147.0,OutOfStock,0,https://www.handypanda.in/products/generic-basin-mixer-chand-set-z2uiisx,https://cdn.handypanda.in/products/TAPLOCBAS89Z4B-0.jpg
handypanda,TANASTBALWRM8R,Ball Valve Long Handle CPVC,Astral,Bathware & plumbing,142.0,InStock,0,https://www.handypanda.in/products/astral-ball-valve-long-handle-cpvc-iuusor6,https://cdn.handypanda.in/products/TANASTBALWRM8R-0.jpg
handypanda,SHOORBSHOAPKDZ,Shower arm,Generic,Bathware & plumbing,137.0,InStock,0,https://www.handypanda.in/products/generic-shower-arm-lo7kid1,https://cdn.handypanda.in/products/SHOORBSHOAPKDZ-0.jpg
handypanda,FLOORBGRAHMG2L,Grating vent Locking 5 inch,Generic,Bathware & plumbing,131.0,OutOfStock,0,https://www.handypanda.in/products/generic-grating-vent-locking-5-inch-61tabxu,https://cdn.handypanda.in/products/FLOORBGRAHMG2L-0.jpg
handypanda,FLELOCWASCOZ2Y,Washing machin outlet pipe,Generic,Bathware & plumbing,130.0,OutOfStock,0,https://www.handypanda.in/products/generic-washing-machin-outlet-pipe-wgkveku,https://cdn.handypanda.in/products/FLELOCWASCOZ2Y-0.jpg
handypanda,PIPASTTEET77ZY,Reducing Tee PVC,Astral,Bathware & plumbing,129.0,OutOfStock,0,https://www.handypanda.in/products/astral-reducing-tee-pvc-9gul31j,https://cdn.handypanda.in/products/PIPASTTEET77ZY-0.jpg
handypanda,PIPSUPPIPZ3BMN,Pipe 10ft PVC,Supreme,Bathware & plumbing,129.0,OutOfStock,0,https://www.handypanda.in/products/supreme-pipe-10ft-pvc-qqheja2,https://cdn.handypanda.in/products/PIPSUPPIPZ3BMN-0.jpg
handypanda,PIPASTELB3QTXP,Elbow 45 Degrees PVC,Astral,Bathware & plumbing,124.0,InStock,0,https://www.handypanda.in/products/astral-elbow-45-degrees-pvc-al5l6tc,https://cdn.handypanda.in/products/PIPASTELB3QTXP-primary.jpg
handypanda,FLEGENWAS7S81M,Washing machin inlet pipe,Generic,Bathware & plumbing,123.0,OutOfStock,0,https://www.handypanda.in/products/generic-washing-machin-inlet-pipe-lq9oy3t,https://cdn.handypanda.in/products/FLEGENWAS7S81M-primary.jpg
handypanda,,Reducing Tee PVC,Supreme,Bathware & plumbing,117.0,OutOfStock,0,https://www.handypanda.in/products/supreme-reducing-tee-pvc-hnj4tf5,https://cdn.handypanda.in/products/PIPSUPTEEJD016-0.jpg
handypanda,PIPASTDOOGNB7K,Door Elbow PVC,Supreme,Bathware & plumbing,117.0,OutOfStock,0,https://www.handypanda.in/products/supreme-door-elbow-pvc-f9kcd6z,https://cdn.handypanda.in/products/PIPASTDOOGNB7K-0.jpg
handypanda,PIPASTBRAQ7U2F,Tee Brass CPVC,Astral,Bathware & plumbing,117.0,InStock,0,https://www.handypanda.in/products/astral-tee-brass-cpvc-ikzhbkx,https://cdn.handypanda.in/products/PIPASTBRAQ7U2F-0.jpg
handypanda,TANLOCBAL1DBSU,Cistern Ball cock,Generic,Bathware & plumbing,111.0,OutOfStock,0,https://www.handypanda.in/products/generic-cistern-ball-cock-py8p1n0,https://cdn.handypanda.in/products/TANLOCBAL1DBSU-0.jpg
handypanda,HEAORBHEAIT8NL,Health faucet gun,Generic,Bathware & plumbing,111.0,InStock,0,https://www.handypanda.in/products/generic-health-faucet-gun-37sy3bj,https://cdn.handypanda.in/products/HEAORBHEAIT8NL-0.jpg
handypanda,PIPSUPREDPPOYU,Reducing Elbow PVC,Supreme,Bathware & plumbing,108.0,OutOfStock,0,https://www.handypanda.in/products/supreme-reducing-elbow-pvc-05fuzdk,https://cdn.handypanda.in/products/PIPSUPREDPPOYU-0.jpg
handypanda,PIPSUPRED8OR4A,Reducer PVC,Supreme,Bathware & plumbing,103.0,OutOfStock,0,https://www.handypanda.in/products/supreme-reducer-pvc-wlc5jxn,https://cdn.handypanda.in/products/PIPSUPRED8OR4A-0.jpg
handypanda,PIPINDSPI1RPEU,Spindle/ Turn phase,India,Bathware & plumbing,100.0,OutOfStock,0,https://www.handypanda.in/products/india-spindle-turn-phase-v0255o4,https://cdn.handypanda.in/products/PIPINDSPI1RPEU-0.jpg
handypanda,PIPUNIELBXPHWT,Elbow GI,Unik,Bathware & plumbing,92.0,OutOfStock,0,https://www.handypanda.in/products/unik-elbow-gi-uwpk2f0,https://cdn.handypanda.in/products/PIPUNIELBXPHWT.jpg
handypanda,PIPASTREDRUBJ6,Reducing Tee Brass CPVC,Astral,Bathware & plumbing,90.0,InStock,0,https://www.handypanda.in/products/astral-reducing-tee-brass-cpvc-wc27nzk,https://cdn.handypanda.in/products/PIPASTREDRUBJ6-0.jpg
handypanda,PIPINDSPI5L08L,Spindle/ Turn phase,Kohinoor,Bathware & plumbing,87.0,OutOfStock,0,https://www.handypanda.in/products/kohinoor-spindle-turn-phase-rmh6040,https://cdn.handypanda.in/products/PIPINDSPI5L08L-0.jpg
handypanda,PIPASTCROKXAHX,Long bend CPVC,Astral,Bathware & plumbing,86.0,OutOfStock,0,https://www.handypanda.in/products/astral-long-bend-cpvc-wmb2dkb,https://cdn.handypanda.in/products/PIPASTCROKXAHX-0.jpg
handypanda,PIPUNISOCJ0ZRB,Socket GI,Unik,Bathware & plumbing,84.0,OutOfStock,0,https://www.handypanda.in/products/unik-socket-gi-kj0kr1d,https://cdn.handypanda.in/products/PIPUNISOCJ0ZRB-0.jpg
handypanda,PIPASTREDM7XHH,Reducing Elbow Brass CPVC,Astral,Bathware & plumbing,82.0,InStock,0,https://www.handypanda.in/products/astral-reducing-elbow-brass-cpvc-gv3vv8i,https://cdn.handypanda.in/products/PIPASTREDM7XHH-0.jpg
handypanda,FLEWESCONR93OR,Connection pipe Nylon/SS,Generic,Bathware & plumbing,81.0,OutOfStock,0,https://www.handypanda.in/products/generic-connection-pipe-nylon-ss-dehooiq,https://cdn.handypanda.in/products/FLEWESCONR93OR-0.jpg
handypanda,PIPASTRED6GFCS,Reducing FTA Brass CPVC,Astral,Bathware & plumbing,78.0,InStock,0,https://www.handypanda.in/products/astral-reducing-fta-brass-cpvc-89p2gns,https://cdn.handypanda.in/products/PIPASTRED6GFCS-0.jpg
handypanda,PIPASTSTE77JFR,Step over CPVC,Astral,Bathware & plumbing,76.0,InStock,0,https://www.handypanda.in/products/astral-step-over-cpvc-a3igoks,https://cdn.handypanda.in/products/PIPASTSTE77JFR-0.jpg
handypanda,FLELOCCONFVRR4,Connection pipe SS,Generic,Bathware & plumbing,75.0,InStock,0,https://www.handypanda.in/products/generic-connection-pipe-ss-x8qm1dc,https://cdn.handypanda.in/products/FLELOCCONFVRR4-0.jpg?v=1777053527898
handypanda,PIPSUPHAL9MPPQ,Half bend PVC,Supreme,Bathware & plumbing,73.0,OutOfStock,0,https://www.handypanda.in/products/supreme-half-bend-pvc-4b8dggg,https://cdn.handypanda.in/products/PIPSUPHAL9MPPQ-0.jpg
handypanda,PIPASTUNI9RLB3,Union CPVC,Astral,Bathware & plumbing,67.0,OutOfStock,0,https://www.handypanda.in/products/astral-union-cpvc-82rtjm5,https://cdn.handypanda.in/products/PIPASTUNI9RLB3-0.jpg
handypanda,PIPASTBENK0G3E,Bend PVC,Astral,Bathware & plumbing,63.0,OutOfStock,0,https://www.handypanda.in/products/astral-bend-pvc-oo38yey,https://cdn.handypanda.in/products/PIPASTBENK0G3E-0.jpg
handypanda,PIPSUPNAHZ9L7D,Nahani Trap PVC,Supreme,Bathware & plumbing,62.0,OutOfStock,0,https://www.handypanda.in/products/supreme-nahani-trap-pvc-cw2g5qo,https://cdn.handypanda.in/products/PIPSUPNAHZ9L7D-0.jpg
handypanda,PIPASTSOLXEAOL,Solvent PVC,Astral,Bathware & plumbing,62.0,OutOfStock,0,https://www.handypanda.in/products/astral-solvent-pvc-hseta13,https://cdn.handypanda.in/products/PIPASTSOLXEAOL-0.jpg
handypanda,PIPASTELBCN27T,Elbow PVC,Astral,Bathware & plumbing,62.0,OutOfStock,0,https://www.handypanda.in/products/astral-elbow-pvc-i3zy1xf,https://cdn.handypanda.in/products/PIPASTELBCN27T-primary.jpg
handypanda,TAPGENWAS4E1FZ,Washing Machine Adapter,Generic,Bathware & plumbing,56.0,OutOfStock,0,https://www.handypanda.in/products/generic-washing-machine-adapter-77luv3e,https://cdn.handypanda.in/products/TAPGENWAS4E1FZ-0.jpg?v=1777137044164
handypanda,FLOORBGRA34MJI,Grating vent,Generic,Bathware & plumbing,50.0,InStock,0,https://www.handypanda.in/products/generic-grating-vent-z23war1,https://cdn.handypanda.in/products/FLOORBGRA34MJI-primary.jpg
handypanda,FLEJINCOLGKUPT,Collapsible Waste Pipe,Generic,Bathware & plumbing,49.0,InStock,0,https://www.handypanda.in/products/generic-collapsible-waste-pipe-p6xysv1,https://cdn.handypanda.in/products/FLEJINCOLGKUPT-0.jpg
handypanda,PIPSUPTEEXGR2V,Tee PVC,Supreme,Bathware & plumbing,47.0,OutOfStock,0,https://www.handypanda.in/products/supreme-tee-pvc-04vxicv,https://cdn.handypanda.in/products/PIPSUPTEEJD016-0.jpg
handypanda,PIPASTREDZ69Q3,Reducing Tee CPVC,Astral,Bathware & plumbing,47.0,InStock,0,https://www.handypanda.in/products/astral-reducing-tee-cpvc-w8la1iy,https://cdn.handypanda.in/products/PIPASTREDZ69Q3-1.jpg
handypanda,WASORBEXTZV4G4,Extension nipple SS,Generic,Bathware & plumbing,43.0,InStock,0,https://www.handypanda.in/products/generic-extension-nipple-ss-dpxsdb1,https://cdn.handypanda.in/products/WASORBEXTZV4G4-1.jpg?v=1787662505264
handypanda,PIPSUPPIP41TBM,Pipe 1ft PVC,Supreme,Bathware & plumbing,33.0,OutOfStock,0,https://www.handypanda.in/products/supreme-pipe-1ft-pvc-bdnxt7l,https://cdn.handypanda.in/products/PIPSUPPIP41TBM-0.jpg
handypanda,TANJAIWCCKJ9IH,WC Connector,Jai,Bathware & plumbing,31.0,OutOfStock,0,https://www.handypanda.in/products/jai-wc-connector-498m1mk,https://cdn.handypanda.in/products/TANJAIWCCKJ9IH-0.jpg
handypanda,PIPASTELB1J3CL,Elbow Reducer CPVC,Astral,Bathware & plumbing,27.0,InStock,0,https://www.handypanda.in/products/astral-elbow-reducer-cpvc-27tj4iz,https://cdn.handypanda.in/products/PIPASTELB1J3CL-0.jpg
handypanda,PIPSUPRED64BKP,Reducing Bush PVC,Supreme,Bathware & plumbing,26.0,OutOfStock,0,https://www.handypanda.in/products/supreme-reducing-bush-pvc-6rg4tu3,https://cdn.handypanda.in/products/PIPSUPRED64BKP-0.jpg?v=1777138255147
handypanda,SANLOCSIPATX6S,Siphon washer,Generic,Bathware & plumbing,25.0,OutOfStock,0,https://www.handypanda.in/products/generic-siphon-washer-eqz6g5m,https://cdn.handypanda.in/products/SANLOCSIPATX6S-0.jpg
handypanda,PIPASTBENYX18J,Bend 45 CPVC,Astral,Bathware & plumbing,22.0,InStock,0,https://www.handypanda.in/products/astral-bend-45-cpvc-wx1m7gp,https://cdn.handypanda.in/products/PIPASTBENYX18J-0.jpg
handypanda,PIPLOCNIP8JG9O,Extension nipple GI,Generic,Bathware & plumbing,22.0,OutOfStock,0,https://www.handypanda.in/products/generic-extension-nipple-gi-49etc3x,https://cdn.handypanda.in/products/PIPLOCNIP8JG9O-0.jpg
handypanda,PIPSUPSOCT289X,Socket Coupler PVC,Supreme,Bathware & plumbing,20.0,OutOfStock,0,https://www.handypanda.in/products/supreme-socket-coupler-pvc-2kp8yz1,https://cdn.handypanda.in/products/PIPSUPSOCT289X-0.jpg
handypanda,PIPASTTEEC6TNT,Tee CPVC,Astral,Bathware & plumbing,20.0,OutOfStock,0,https://www.handypanda.in/products/astral-tee-cpvc-eeh9u7i,https://cdn.handypanda.in/products/PIPASTTEEC6TNT-0.jpg
handypanda,PIPASTREDASPVF,Reducer CPVC,Astral,Bathware & plumbing,19.0,OutOfStock,0,https://www.handypanda.in/products/astral-reducer-cpvc-iqso45t,https://cdn.handypanda.in/products/PIPASTREDASPVF-0.jpg
handypanda,FLELOCROPE2NV8,RO pipe,Generic,Bathware & plumbing,19.0,InStock,0,https://www.handypanda.in/products/generic-ro-pipe-owkrjqk,https://cdn.handypanda.in/products/FLELOCROPE2NV8-0.jpg?v=1777053882736
handypanda,PIPSUPBENT71OC,Bend 45 PVC,Supreme,Bathware & plumbing,19.0,OutOfStock,0,https://www.handypanda.in/products/supreme-bend-45-pvc-f9tj5fy,https://cdn.handypanda.in/products/PIPSUPBENT71OC-0.jpg
handypanda,PIPLOCDEA94CN3,End Plug GI,Generic,Bathware & plumbing,19.0,OutOfStock,0,https://www.handypanda.in/products/generic-end-plug-gi-pr3vv5w,https://cdn.handypanda.in/products/PIPLOCDEA94CN3-0.jpg
handypanda,PIPASTELBN8UB2,Elbow CPVC,Astral,Bathware & plumbing,18.0,InStock,0,https://www.handypanda.in/products/astral-elbow-cpvc-pu8u1vh,https://cdn.handypanda.in/products/PIPASTELBN8UB2-0.jpg
handypanda,PIPASTSOCWUT74,Socket Coupler CPVC,Astral,Bathware & plumbing,15.0,InStock,0,https://www.handypanda.in/products/astral-socket-coupler-cpvc-3lxqqff,https://cdn.handypanda.in/products/PIPASTSOCWUT74-0.jpg
handypanda,PIPORBTEFKPVB4,Teflon Tape,Generic,Bathware & plumbing,15.0,InStock,0,https://www.handypanda.in/products/generic-teflon-tape-n7rcrr0,https://cdn.handypanda.in/products/PIPORBTEFKPVB4-0.jpg
handypanda,PIPASTENDM83BN,End Cap CPVC,Astral,Bathware & plumbing,14.0,InStock,0,https://www.handypanda.in/products/astral-end-cap-cpvc-2tlmb89,https://cdn.handypanda.in/products/PIPASTENDM83BN-0.jpg?v=1777052369836
handypanda,PIPSUPELBGZOL0,Elbow PVC,Supreme,Bathware & plumbing,13.0,OutOfStock,0,https://www.handypanda.in/products/supreme-elbow-pvc-lslfqnc,https://cdn.handypanda.in/products/PIPSUPELBT5NSS-0.jpg
handypanda,PIPASTREDCBHB9,Reducing Bush CPVC,Astral,Bathware & plumbing,13.0,OutOfStock,0,https://www.handypanda.in/products/astral-reducing-bush-cpvc-ovubt46,https://cdn.handypanda.in/products/PIPASTREDCBHB9-0.jpg
handypanda,PIPASTHEXYVFBP,Hexa Blade,Generic,Bathware & plumbing,13.0,OutOfStock,0,https://www.handypanda.in/products/generic-hexa-blade-dxf9td1,https://cdn.handypanda.in/products/PIPASTHEXYVFBP-0.jpg
handypanda,TAPORBCPCTQS3E,CP Cap,Generic,Bathware & plumbing,12.0,InStock,0,https://www.handypanda.in/products/generic-cp-cap-qb7ierk,https://cdn.handypanda.in/products/TAPORBCPCTQS3E-0.jpg
handypanda,PIPASTENDCW2KL,End Cap PVC,Supreme,Bathware & plumbing,11.0,OutOfStock,0,https://www.handypanda.in/products/supreme-end-cap-pvc-qatyxfj,https://cdn.handypanda.in/products/PIPASTENDCW2KL-0.jpg
handypanda,PIPLOCCLAC24G0,Saddle Clamp,Generic,Bathware & plumbing,4.0,InStock,0,https://www.handypanda.in/products/generic-saddle-clamp-gubkwgp,https://cdn.handypanda.in/products/PIPLOCCLAC24G0-0.jpg
handypanda,TMTRATTMTLEMDG,TMT bars (1 bundle),Rathi,Cement & steel,5279.0,OutOfStock,0,https://www.handypanda.in/products/rathi-tmt-bars-1-bundle-x0t4evj,https://cdn.handypanda.in/products/TMTRATTMT9OK43-0.jpg
handypanda,CEMAMBCEMN50G7,Cement 50kg,Ambuja,Cement & steel,363.0,OutOfStock,0,https://www.handypanda.in/products/ambuja-cement-50kg-v5cldgf,https://cdn.handypanda.in/products/CEMAMBCEMN50G7.jpg
handypanda,CEMULTCEM97EMS,Cement 50kg,UltraTech,Cement & steel,360.0,OutOfStock,3,https://www.handypanda.in/products/ultratech-cement-50kg-y64xy9y,https://cdn.handypanda.in/products/CEMULTCEM97EMS.jpg
handypanda,GREJKCJKSVN1JA,JK Super Cement 50kg,JK Cement,Cement & steel,340.0,OutOfStock,0,https://www.handypanda.in/products/jk-cement-jk-super-cement-50kg-s4v1xns,https://cdn.handypanda.in/products/GREJKCJKSVN1JA-0.jpg?v=1781608777224
handypanda,ADHBIRWHI8T2QR,White cement,Birla White,Cement & steel,41.0,OutOfStock,0,https://www.handypanda.in/products/birla-white-white-cement-tmcu8tf,https://cdn.handypanda.in/products/ADHBIRWHI8T2QR-0.jpg
handypanda,INVSUKLEA07HWF,Lead Acid Battery,Su-Kam,Electricals & lighting,14056.0,OutOfStock,0,https://www.handypanda.in/products/su-kam-lead-acid-battery-kts66u7,https://cdn.handypanda.in/products/INVSUKLEA07HWF-primary.jpg
handypanda,APPHAVROOFWJRV,Room heater (oil filled),Havells,Electricals & lighting,12645.0,OutOfStock,0,https://www.handypanda.in/products/havells-room-heater-oil-filled-wxy7cbr,https://cdn.handypanda.in/products/APPHAVROOFWJRV-0.jpg
handypanda,ELERACGEY3MZCI,Geyser,Racold,Electricals & lighting,8650.0,OutOfStock,0,https://www.handypanda.in/products/racold-geyser-n0czz8y,https://cdn.handypanda.in/products/ELERACGEY3MZCI-0.jpg?v=1777052550628
handypanda,INVSUKHOMCFXLA,Home UPS,Su-Kam,Electricals & lighting,4950.0,OutOfStock,0,https://www.handypanda.in/products/su-kam-home-ups-81kzyhv,https://cdn.handypanda.in/products/INVSUKHOMCFXLA-0.jpg
handypanda,LIGHALROPBW1I8,Rope Light,Halonix,Electricals & lighting,4278.0,OutOfStock,0,https://www.handypanda.in/products/halonix-rope-light-8fc2e5w,https://cdn.handypanda.in/products/LIGHALROPBW1I8-primary.jpg
handypanda,ELEATOCEIEK4KJ,Ceiling fan,Atomberg,Electricals & lighting,3520.0,OutOfStock,0,https://www.handypanda.in/products/atomberg-ceiling-fan-woq8l7v,https://cdn.handypanda.in/products/ELEATOCEIEK4KJ-0.jpg
handypanda,WIRHAVLIFCC3F0,Lifeline,Havells,Electricals & lighting,3106.0,OutOfStock,0,https://www.handypanda.in/products/havells-lifeline-n5f2ayz,https://cdn.handypanda.in/products/WIRHAVLIFCC3F0-0.jpg
handypanda,APPHAVHALSIKVJ,Half HP Motor,Havells,Electricals & lighting,3080.0,OutOfStock,0,https://www.handypanda.in/products/havells-half-hp-motor-xcl4nkr,https://cdn.handypanda.in/products/APPHAVHALSIKVJ-primary.jpg
handypanda,APPCROGEYNL7N7,Geyser,Crompton,Electricals & lighting,2400.0,OutOfStock,0,https://www.handypanda.in/products/crompton-geyser-2sajgua,https://cdn.handypanda.in/products/APPCROGEYNL7N7-0.jpg?v=1781608009824
handypanda,FANANCWALOVYAN,Wall fans,Anchor,Electricals & lighting,2310.0,OutOfStock,0,https://www.handypanda.in/products/anchor-wall-fans-y2y215d,https://cdn.handypanda.in/products/FANANCWALOVYAN-0.jpg
handypanda,LIGHALFLOHM1ZR,Flood light,Halonix,Electricals & lighting,2308.0,OutOfStock,0,https://www.handypanda.in/products/halonix-flood-light-umzq2lb,https://cdn.handypanda.in/products/LIGHALFLOHM1ZR-1.jpg
handypanda,MCBSCHTPNT0Z1Z,MCB TPN,Schneider,Electricals & lighting,1925.0,OutOfStock,0,https://www.handypanda.in/products/schneider-mcb-tpn-3x6hmu6,https://cdn.handypanda.in/products/MCBSCHTPNT0Z1Z-0.jpg
handypanda,LIGPHISUR9J73R,Surface light,Philips,Electricals & lighting,1870.0,OutOfStock,0,https://www.handypanda.in/products/philips-surface-light-aq7iztd,https://cdn.handypanda.in/products/LIGPHISUR9J73R-0.jpg
handypanda,WIRPOLGRE5FJG2,Maxima 'Green Wire' bundle (90m),Polycab,Electricals & lighting,1830.0,InStock,0,https://www.handypanda.in/products/polycab-maxima-green-wire-bundle-90m-u8r53lt,https://cdn.handypanda.in/products/TANPOLGRE7JWDT.jpg
handypanda,WIRPOLETIA28QR,Etira wire bundle (90m),Polycab,Electricals & lighting,1754.0,OutOfStock,0,https://www.handypanda.in/products/polycab-etira-wire-bundle-90m-lzo7nuu,https://cdn.handypanda.in/products/WIRPOLETIA28QR-1.jpg
handypanda,WIRPOLOPT20UGR,Optima wire bundle (90m),Polycab,Electricals & lighting,1727.0,OutOfStock,0,https://www.handypanda.in/products/polycab-optima-wire-bundle-90m-t32x6mf,https://cdn.handypanda.in/products/WIRPOLOPT20UGR.jpg
handypanda,MCBHAVTPN1AXC3,MCB TPN,Havells,Electricals & lighting,1709.0,InStock,0,https://www.handypanda.in/products/havells-mcb-tpn-3hmbrtj,https://cdn.handypanda.in/products/MCBHAVTPN1AXC3-primary.jpg
handypanda,MCBPOLTPNCNZFQ,MCB TPN,Polycab,Electricals & lighting,1467.0,OutOfStock,0,https://www.handypanda.in/products/polycab-mcb-tpn-rla0oxv,https://cdn.handypanda.in/products/MCBPOLTPNCNZFQ-0.jpg?v=1776847502492
handypanda,ELECROCEIKBOPR,Ceiling fan,Crompton,Electricals & lighting,1450.0,InStock,0,https://www.handypanda.in/products/crompton-ceiling-fan-y66nfcd,https://cdn.handypanda.in/products/ELECROCEIKBOPR-0.jpg?v=1780728939634
handypanda,APPHAVEXHFECET,Exhaust fan,Crompton,Electricals & lighting,1375.0,InStock,0,https://www.handypanda.in/products/crompton-exhaust-fan-lxp562f,https://cdn.handypanda.in/products/APPHAVEXHFECET-0.jpg
handypanda,WIRPOLCOPUZHAP,Wire bundle (FR),Polycab,Electricals & lighting,1301.0,OutOfStock,0,https://www.handypanda.in/products/polycab-wire-bundle-fr-4t445om,https://cdn.handypanda.in/products/WIRPOLCOPUZHAP-0.jpg
handypanda,APPCROVEN0OXU5,Ventilation fan SS,Crompton,Electricals & lighting,1300.0,OutOfStock,0,https://www.handypanda.in/products/crompton-ventilation-fan-ss-irjl56t,https://cdn.handypanda.in/products/APPCROVEN0OXU5-primary.jpg
handypanda,SWIANCTPN3GX26,MCB TPN,Anchor,Electricals & lighting,1210.0,OutOfStock,0,https://www.handypanda.in/products/anchor-mcb-tpn-avl9gqq,https://cdn.handypanda.in/products/SWIANCTPN3GX26-0.jpg?v=1777049823146
handypanda,APPANCEXHQVUZQ,Exhaust fan,Anchor,Electricals & lighting,1155.0,OutOfStock,0,https://www.handypanda.in/products/anchor-exhaust-fan-wqazst3,https://cdn.handypanda.in/products/APPANCEXHQVUZQ-0.jpg
handypanda,FANORIEXHR8OA3,Exhaust fan,Orient,Electricals & lighting,1100.0,OutOfStock,0,https://www.handypanda.in/products/orient-exhaust-fan-0aub892,https://cdn.handypanda.in/products/FANORIEXHR8OA3-1.jpg
handypanda,FANCROEXH900OE,Exhaust fan round back,Crompton,Electricals & lighting,1065.0,InStock,0,https://www.handypanda.in/products/crompton-exhaust-fan-round-back-cj4dfa8,https://cdn.handypanda.in/products/FANCROEXH900OE-0.jpg
handypanda,MCBHAVDPI2NBLA,DP ISO,Havells,Electricals & lighting,1044.0,OutOfStock,0,https://www.handypanda.in/products/havells-dp-iso-ia8koj7,https://cdn.handypanda.in/products/MCBHAVDPI2NBLA-0.jpg
handypanda,MCBSCHFOU3ONJG,MCB DP,Schneider,Electricals & lighting,1039.0,InStock,0,https://www.handypanda.in/products/schneider-mcb-dp-4jzunrm,https://cdn.handypanda.in/products/MCBSCHFOU3ONJG-0.jpg
handypanda,ELEBAJELEYIQ5J,Element,Bajaj,Electricals & lighting,917.0,OutOfStock,0,https://www.handypanda.in/products/bajaj-element-efd3ylb,https://cdn.handypanda.in/products/ELEBAJELEYIQ5J-0.jpg
handypanda,LIGCROSTREEN3O,Strip Light,Crompton,Electricals & lighting,878.0,InStock,0,https://www.handypanda.in/products/crompton-strip-light-z92leb8,https://cdn.handypanda.in/products/LIGCROSTREEN3O-0.jpg
handypanda,MCBCBSMCB9WSVR,MCB DP,C&S,Electricals & lighting,720.0,OutOfStock,0,https://www.handypanda.in/products/c-and-s-mcb-dp-0m6umd7,https://cdn.handypanda.in/products/MCBCBSMCB9WSVR-primary.jpg
handypanda,MCBBICMCBUVC00,MCB Box,Bicco,Electricals & lighting,650.0,OutOfStock,0,https://www.handypanda.in/products/bicco-mcb-box-wixzyq6,https://cdn.handypanda.in/products/MCBBICMCBUVC00-0.jpg
handypanda,LIGCROSTRV60MS,Strip light driver,Crompton,Electricals & lighting,648.0,OutOfStock,0,https://www.handypanda.in/products/crompton-strip-light-driver-bweokyc,https://cdn.handypanda.in/products/LIGCROSTRV60MS-0.jpg
handypanda,ELERACELEV1USU,Element,Racold,Electricals & lighting,605.0,OutOfStock,0,https://www.handypanda.in/products/racold-element-b9ykcj5,https://cdn.handypanda.in/products/ELERACELEV1USU-primary.jpg
handypanda,WIRPOLOPEBK9I6,Open wire (3 core),Polycab,Electricals & lighting,605.0,OutOfStock,0,https://www.handypanda.in/products/polycab-open-wire-3-core-d8w3v5w,https://cdn.handypanda.in/products/WIRPOLOPEBK9I6-0.jpg
handypanda,INDBENSUB5G16Y,Sub meter,Bentex,Electricals & lighting,563.0,OutOfStock,0,https://www.handypanda.in/products/bentex-sub-meter-ysptiom,https://cdn.handypanda.in/products/INDBENSUB5G16Y-0.jpg
handypanda,LIGPOLSTRNYO1U,Strip light driver,Polycab,Electricals & lighting,510.0,InStock,0,https://www.handypanda.in/products/polycab-strip-light-driver-idzxbm1,https://cdn.handypanda.in/products/LIGPOLSTRNYO1U-0.jpg
handypanda,LIGJAQSURGSOCY,Surface light,Jaquar,Electricals & lighting,425.0,OutOfStock,0,https://www.handypanda.in/products/jaquar-surface-light-7tkf60q,https://cdn.handypanda.in/products/LIGJAQSURGSOCY-0.jpg
handypanda,SWIHAVFAN8S6WB,Fan Regulator,Havells,Electricals & lighting,361.0,OutOfStock,0,https://www.handypanda.in/products/havells-fan-regulator-ns3l81h,https://cdn.handypanda.in/products/SWIHAVFAN8S6WB-0.jpg
handypanda,LIGORISUR1A7RA,Surface light,Orient,Electricals & lighting,355.0,OutOfStock,0,https://www.handypanda.in/products/orient-surface-light-jsnhwvw,https://cdn.handypanda.in/products/LIGORISUR1A7RA-0.jpg
handypanda,APPLOCGEYLUUG7,Geyser element,Generic,Electricals & lighting,352.0,InStock,0,https://www.handypanda.in/products/generic-geyser-element-d8wx2d3,https://cdn.handypanda.in/products/APPLOCGEYLUUG7-0.jpg
handypanda,ELELOCGEYE4SIA,Geyser Element Round,Generic,Electricals & lighting,350.0,OutOfStock,0,https://www.handypanda.in/products/generic-geyser-element-round-eb45g26,https://cdn.handypanda.in/products/ELELOCGEYE4SIA-0.jpg
handypanda,APPHPLEXT11B8V,Extension cable,HPL,Electricals & lighting,305.0,OutOfStock,0,https://www.handypanda.in/products/hpl-extension-cable-byj4n9v,https://cdn.handypanda.in/products/APPHPLEXT11B8V-0.jpg?v=1777049596169
handypanda,SWIFYBAMP2FB7W,Dual Combined Box,Cona,Electricals & lighting,303.0,InStock,0,https://www.handypanda.in/products/cona-dual-combined-box-0ht1v0r,https://cdn.handypanda.in/products/SWIFYBAMP2FB7W-1.jpg
handypanda,SWILOCMOT4384C,Motor starter,Generic,Electricals & lighting,289.0,OutOfStock,0,https://www.handypanda.in/products/generic-motor-starter-jrfxq9n,https://cdn.handypanda.in/products/SWILOCMOT4384C-primary.jpg
handypanda,SWISCHSOCJN1OU,Socket,Schneider,Electricals & lighting,289.0,OutOfStock,0,https://www.handypanda.in/products/schneider-socket-yqeha87,https://cdn.handypanda.in/products/SWISCHSOCJN1OU-0.jpg
handypanda,LIGCROBULQSNU3,Bulb,Crompton,Electricals & lighting,245.0,OutOfStock,0,https://www.handypanda.in/products/crompton-bulb-zw7b8ad,https://cdn.handypanda.in/products/LIGCROBULQSNU3-0.jpg
handypanda,MCBANCMCB6Y74R,MCB SP,Anchor,Electricals & lighting,239.0,InStock,0,https://www.handypanda.in/products/anchor-mcb-sp-rlrtwcw,https://cdn.handypanda.in/products/MCBANCMCB6Y74R-0.jpg?v=1776844809344
handypanda,SWIANCMIN3ZQYW,Mini MCB,Anchor,Electricals & lighting,220.0,InStock,0,https://www.handypanda.in/products/anchor-mini-mcb-uqkfzt4,https://cdn.handypanda.in/products/SWIANCMIN3ZQYW-0.jpg
handypanda,LIGPOLSPOZXVGW,Spot light,Polycab,Electricals & lighting,216.0,OutOfStock,0,https://www.handypanda.in/products/polycab-spot-light-uv9er40,https://cdn.handypanda.in/products/LIGPOLSPOZXVGW-0.jpg
handypanda,LIGPOLPANM6UIN,Surface light,Polycab,Electricals & lighting,214.0,OutOfStock,0,https://www.handypanda.in/products/polycab-surface-light-0rd6kpf,https://cdn.handypanda.in/products/LIGPOLLEDX6IBX-1.jpg
handypanda,SWILEGSOC5YT58,Socket,Legrand,Electricals & lighting,199.0,OutOfStock,0,https://www.handypanda.in/products/legrand-socket-w141fer,https://cdn.handypanda.in/products/SWILEGSOC5YT58-primary.jpg
handypanda,ACCGENCABVS8JF,Cable tie,Generic,Electricals & lighting,189.0,InStock,0,https://www.handypanda.in/products/generic-cable-tie-e5nl5nd,https://cdn.handypanda.in/products/ACCGENCABVS8JF-0.jpg
handypanda,LIGCRODOW3KFRR,Concealed downlight,Crompton,Electricals & lighting,184.0,OutOfStock,0,https://www.handypanda.in/products/crompton-concealed-downlight-9jyu8u4,https://cdn.handypanda.in/products/LIGCRODOW3KFRR-0.jpg
handypanda,WIRPOLMCBECZRE,MCB SP,Girish,Electricals & lighting,182.0,OutOfStock,0,https://www.handypanda.in/products/girish-mcb-sp-nnfczzj,https://cdn.handypanda.in/products/WIRPOLMCBECZRE-0.jpg
handypanda,WIRANCFAN75VTA,Fan Regulator,Anchor,Electricals & lighting,179.0,OutOfStock,0,https://www.handypanda.in/products/anchor-fan-regulator-2om8gjm,https://cdn.handypanda.in/products/WIRANCFAN75VTA-0.jpg
handypanda,SWISCHSWIXEOO9,Switch,Schneider,Electricals & lighting,176.0,OutOfStock,0,https://www.handypanda.in/products/schneider-switch-vlmy8n0,https://cdn.handypanda.in/products/SWISCHSWIXEOO9-0.jpg
handypanda,SWIMKXSOCDOJ9I,Socket,North-West,Electricals & lighting,167.0,OutOfStock,0,https://www.handypanda.in/products/north-west-socket-si5ish5,https://cdn.handypanda.in/products/SWIMKXSOCDOJ9I-0.jpg
handypanda,SWIGIRDUA6M3QY,Dual Combined Box,Girish,Electricals & lighting,165.0,InStock,0,https://www.handypanda.in/products/girish-dual-combined-box-fokx6iq,https://cdn.handypanda.in/products/SWIGIRDUA6M3QY-0.jpg
handypanda,LIGPHIBATADI1M,Batten,Philips,Electricals & lighting,159.0,OutOfStock,0,https://www.handypanda.in/products/philips-batten-q6u29vg,https://cdn.handypanda.in/products/LIGPHIBATADI1M-0.jpg
handypanda,SWILEGPLABC0M2,Plate,Legrand,Electricals & lighting,147.0,OutOfStock,0,https://www.handypanda.in/products/legrand-plate-ct91v21,https://cdn.handypanda.in/products/SWILEGPLABC0M2-0.jpg
handypanda,ELEGENSUB8M8WI,Submersible Cooler Pump,Generic,Electricals & lighting,147.0,OutOfStock,0,https://www.handypanda.in/products/generic-submersible-cooler-pump-i2thu8j,https://cdn.handypanda.in/products/ELEGENSUB8M8WI-0.jpg?v=1778391528184
handypanda,WIRGREDINPTF1V,Ding Dong bell,Anchor,Electricals & lighting,143.0,InStock,0,https://www.handypanda.in/products/anchor-ding-dong-bell-2k6pvxf,https://cdn.handypanda.in/products/WIRGREDINPTF1V-0.jpg
handypanda,SWINORSWIVC509,Switch,North-West,Electricals & lighting,137.0,OutOfStock,0,https://www.handypanda.in/products/north-west-switch-f85k54x,https://cdn.handypanda.in/products/SWINORSWIVC509-0.jpg
handypanda,ELELTXPANUMAT1,Panel indicator,L&T,Electricals & lighting,135.0,OutOfStock,0,https://www.handypanda.in/products/l-and-t-panel-indicator-ya3x7w7,https://cdn.handypanda.in/products/ELELTXPANUMAT1-0.jpg
handypanda,LIGPOLBATU7ZNE,Batten,Polycab,Electricals & lighting,133.0,InStock,0,https://www.handypanda.in/products/polycab-batten-6peohd1,https://cdn.handypanda.in/products/LIGLOCBATC3VEV-0.jpg
handypanda,MCBCBSMCBNRQAG,MCB SP,Havells,Electricals & lighting,130.0,OutOfStock,0,https://www.handypanda.in/products/havells-mcb-sp-xdrtbcu,https://cdn.handypanda.in/products/MCBCBSMCBNRQAG-0.jpg
handypanda,SWIHAVAMPW66OC,Top plug,Havells,Electricals & lighting,126.0,InStock,0,https://www.handypanda.in/products/havells-top-plug-d6kzcuo,https://cdn.handypanda.in/products/SWIHAVAMPW66OC-0.jpg
handypanda,LIGHALBAT9FW78,Batten,Halonix,Electricals & lighting,121.0,InStock,0,https://www.handypanda.in/products/halonix-batten-4lwkxzi,https://cdn.handypanda.in/products/LIGHALBAT9FW78-0.jpg?v=1781611020933
handypanda,LIGORIBATHJNX6,Batten,Orient,Electricals & lighting,115.0,InStock,0,https://www.handypanda.in/products/orient-batten-v117qnu,https://cdn.handypanda.in/products/LIGFYBBATGOS86-0.jpg
handypanda,SWIANCCOMBXPNI,Combined Box,Anchor,Electricals & lighting,111.0,OutOfStock,0,https://www.handypanda.in/products/anchor-combined-box-t2n3re0,https://cdn.handypanda.in/products/SWIANCCOMBXPNI-1.jpg
handypanda,SWILOCFAN1F78N,Fan Regulator,Generic,Electricals & lighting,111.0,OutOfStock,0,https://www.handypanda.in/products/generic-fan-regulator-qf0ogjy,https://cdn.handypanda.in/products/SWILOCFAN1F78N-0.jpg
handypanda,LIGPOLDOWPSV30,Concealed downlight,Polycab,Electricals & lighting,104.0,OutOfStock,0,https://www.handypanda.in/products/polycab-concealed-downlight-w0eu8zw,https://cdn.handypanda.in/products/LIGPOLDOWILVPU-0.jpg
handypanda,ELELOCTHENS3TR,Thermostat Big,Generic,Electricals & lighting,98.0,OutOfStock,0,https://www.handypanda.in/products/generic-thermostat-big-naqzds5,https://cdn.handypanda.in/products/ELELOCTHENS3TR-0.jpg
handypanda,SWICBSPLA2DEGC,Plate,Girish,Electricals & lighting,96.0,InStock,0,https://www.handypanda.in/products/girish-plate-e6e86rn,https://cdn.handypanda.in/products/SWICBSPLA2DEGC-0.jpg
handypanda,SWIGIRCOMLCM67,Combined box,Girish,Electricals & lighting,95.0,OutOfStock,0,https://www.handypanda.in/products/girish-combined-box-cil3v1a,https://cdn.handypanda.in/products/SWIGIRCOMLCM67-0.jpg?v=1778761449427
handypanda,SWINORSOCZSK2Z,Multi Plug,Anchor,Electricals & lighting,91.0,OutOfStock,0,https://www.handypanda.in/products/anchor-multi-plug-u9fj3f1,https://cdn.handypanda.in/products/SWINORSOCZSK2Z-0.jpg
handypanda,ACCLOCSTESKRX0,Steel wire,Generic,Electricals & lighting,87.0,OutOfStock,0,https://www.handypanda.in/products/generic-steel-wire-hwroism,https://cdn.handypanda.in/products/ACCLOCSTESKRX0-primary.jpg
handypanda,SWINORPLA56U73,Plate,North-West,Electricals & lighting,80.0,OutOfStock,0,https://www.handypanda.in/products/north-west-plate-pl0hz4c,https://cdn.handypanda.in/products/SWINORPLA56U73-0.jpg?v=1777136197289
handypanda,WIRPOLOPE5EHX6,Open wire,Polycab,Electricals & lighting,79.0,OutOfStock,0,https://www.handypanda.in/products/polycab-open-wire-2e0omuk,https://cdn.handypanda.in/products/WIRPOLCOPDP1EO-0.jpg
handypanda,SWIANCTOPIC9KM,Top plug,Anchor,Electricals & lighting,78.0,InStock,0,https://www.handypanda.in/products/anchor-top-plug-86kmojc,https://cdn.handypanda.in/products/SWIANCTOPIC9KM-0.jpg
handypanda,SWIHAVADIC0RTI,Socket,Havells,Electricals & lighting,75.0,InStock,0,https://www.handypanda.in/products/havells-socket-7f72374,https://cdn.handypanda.in/products/SWIHAVADIC0RTI-0.jpg
handypanda,CONLOCCON3SVTI,Conduit pipe,Generic,Electricals & lighting,75.0,OutOfStock,0,https://www.handypanda.in/products/generic-conduit-pipe-qnh0wmi,https://cdn.handypanda.in/products/CONLOCCON3SVTI-0.jpg
handypanda,CONLOCCONQ1NYY,Conduit pipe,Polypack,Electricals & lighting,65.0,OutOfStock,0,https://www.handypanda.in/products/polypack-conduit-pipe-by724ob,https://cdn.handypanda.in/products/CONLOCCONQ1NYY-0.jpg
handypanda,SWIHAVADIF10JP,Plate,Havells,Electricals & lighting,64.0,InStock,0,https://www.handypanda.in/products/havells-plate-csm7beb,https://cdn.handypanda.in/products/SWIHAVADIF10JP-0.jpg?v=1777051219454
handypanda,LIGPHIBULEF8ZH,Bulb,Philips,Electricals & lighting,63.0,OutOfStock,0,https://www.handypanda.in/products/philips-bulb-yp2riox,https://cdn.handypanda.in/products/LIGPHIBULEF8ZH-0.jpg
handypanda,SWICBSSOCPDEN7,Socket,C&S,Electricals & lighting,62.0,OutOfStock,0,https://www.handypanda.in/products/c-and-s-socket-rw25gvf,https://cdn.handypanda.in/products/SWICBSSOCPDEN7-0.jpg
handypanda,LIGANCBULXNNI4,Bulb,Anchor,Electricals & lighting,62.0,OutOfStock,0,https://www.handypanda.in/products/anchor-bulb-hdfg2f7,https://cdn.handypanda.in/products/LIGANCBULXNNI4-0.jpg
handypanda,APPLOCHEA2ZBMH,Heater Rod,Generic,Electricals & lighting,62.0,OutOfStock,0,https://www.handypanda.in/products/generic-heater-rod-wo9ejbu,https://cdn.handypanda.in/products/APPLOCHEA2ZBMH-0.jpg
handypanda,ELESINTOPYLH7S,Top plug,Girish,Electricals & lighting,60.0,OutOfStock,0,https://www.handypanda.in/products/girish-top-plug-dop2x6n,https://cdn.handypanda.in/products/ELESINTOPYLH7S-0.jpg
handypanda,SWIGENMCBB72KO,MCB Box,Generic,Electricals & lighting,56.0,OutOfStock,0,https://www.handypanda.in/products/generic-mcb-box-9zau78o,https://cdn.handypanda.in/products/SWIGENMCBB72KO-0.jpg
handypanda,SWILOCMSB5JZGO,MS Box,Local,Electricals & lighting,50.0,OutOfStock,0,https://www.handypanda.in/products/local-ms-box-rz1givl,https://cdn.handypanda.in/products/SWILOCMSB5JZGO-0.jpg
handypanda,ACCGENCLIJI2RN,Clip,Generic,Electricals & lighting,49.0,OutOfStock,0,https://www.handypanda.in/products/generic-clip-b0gdr68,https://cdn.handypanda.in/products/ACCGENCLIJI2RN-0.jpg
handypanda,LIGHALBUL723I9,Bulb,Halonix,Electricals & lighting,49.0,InStock,0,https://www.handypanda.in/products/halonix-bulb-8k18kkt,https://cdn.handypanda.in/products/LIGHALBUL723I9-0.jpg?v=1781557022109
handypanda,SWILEGSWIXXLVN,Switch,Legrand,Electricals & lighting,49.0,OutOfStock,0,https://www.handypanda.in/products/legrand-switch-k0dr31e,https://cdn.handypanda.in/products/SWILEGSWIXXLVN-0.jpg
handypanda,LIGLOCBATU6UKG,Batten casing,Generic,Electricals & lighting,48.0,OutOfStock,0,https://www.handypanda.in/products/generic-batten-casing-nsgx8de,https://cdn.handypanda.in/products/LIGLOCBATU6UKG-0.jpg
handypanda,LIGPOLBULFR8HG,Bulb,Polycab,Electricals & lighting,46.0,InStock,0,https://www.handypanda.in/products/polycab-bulb-fy0q5ma,https://cdn.handypanda.in/products/LIGPOLBULFR8HG-0.jpg
handypanda,SWIHAVCAPGQHTP,Capacitor,Havells,Electricals & lighting,43.0,InStock,0,https://www.handypanda.in/products/havells-capacitor-v4ckzc0,https://cdn.handypanda.in/products/SWIGENCAPJ3EED-0.jpg?v=1781556006531
handypanda,SWIGIRSOCYF7PN,Socket,Girish,Electricals & lighting,43.0,OutOfStock,0,https://www.handypanda.in/products/girish-socket-hthz6m4,https://cdn.handypanda.in/products/SWIGIRSOCYF7PN-0.jpg
handypanda,SWIANCSOCV5ELD,Socket,Anchor,Electricals & lighting,40.0,OutOfStock,0,https://www.handypanda.in/products/anchor-socket-7xkuq5o,https://cdn.handypanda.in/products/SWIANCSOCV5ELD-0.jpg
handypanda,SWIANCPLALX2UJ,Plate,Anchor,Electricals & lighting,39.0,OutOfStock,0,https://www.handypanda.in/products/anchor-plate-geygh60,https://cdn.handypanda.in/products/SWIANCPLALX2UJ-1.jpg
handypanda,SWIANCSWIX19VS,Bed Switch,Anchor,Electricals & lighting,39.0,OutOfStock,0,https://www.handypanda.in/products/anchor-bed-switch-3ze58yh,https://cdn.handypanda.in/products/SWIANCSWIX19VS-0.jpg
handypanda,LIGLOCBUL6NTAK,Bulb,Generic,Electricals & lighting,37.0,OutOfStock,0,https://www.handypanda.in/products/generic-bulb-ejyv8gu,https://cdn.handypanda.in/products/LIGLOCBUL6NTAK-0.jpg
handypanda,SWILOCCAPPMIA2,Capacitor,Generic,Electricals & lighting,37.0,OutOfStock,0,https://www.handypanda.in/products/generic-capacitor-0lyj5qf,https://cdn.handypanda.in/products/SWIGENCAPJ3EED-0.jpg?v=1781556006531
handypanda,SWILOCMSBM705C,MS Box,Generic,Electricals & lighting,36.0,OutOfStock,0,https://www.handypanda.in/products/generic-ms-box-ldjf032,https://cdn.handypanda.in/products/SWILOCMSBM705C-0.jpg
handypanda,ELELOCGEYIDMDL,Geyser fastener,Generic,Electricals & lighting,31.0,OutOfStock,0,https://www.handypanda.in/products/generic-geyser-fastener-rdztk67,https://cdn.handypanda.in/products/ELELOCGEYIDMDL-0.jpg
handypanda,SWIGIRAMPH2W4N,Socket with 2 nuts,Anchor,Electricals & lighting,30.0,InStock,0,https://www.handypanda.in/products/anchor-socket-with-2-nuts-uh55m83,https://cdn.handypanda.in/products/SWIGIRAMPH2W4N-0.jpg
handypanda,SWIGENPINU2AXW,2 pin Socket Female,Generic,Electricals & lighting,27.0,InStock,0,https://www.handypanda.in/products/generic-2-pin-socket-female-730xld7,https://cdn.handypanda.in/products/SWIGENPINU2AXW-0.jpg
handypanda,SWILOCELE3C6A0,Electrical Sheet,Generic,Electricals & lighting,25.0,OutOfStock,0,https://www.handypanda.in/products/generic-electrical-sheet-962tbuv,https://cdn.handypanda.in/products/SWILOCELE3C6A0-0.jpg
handypanda,SWIHAVADIOM45W,Switch,Havells,Electricals & lighting,24.0,OutOfStock,0,https://www.handypanda.in/products/havells-switch-5giqeli,https://cdn.handypanda.in/products/SWIHAVADIOM45W-1.jpg
handypanda,SWIGENPVCC83Q6,PVC Box,Generic,Electricals & lighting,22.0,OutOfStock,0,https://www.handypanda.in/products/generic-pvc-box-nef0ts8,https://cdn.handypanda.in/products/SWIGENPVCC83Q6-0.jpg
handypanda,SWIANCSWI08NGR,Switch with 2 nuts,Anchor,Electricals & lighting,21.0,InStock,0,https://www.handypanda.in/products/anchor-switch-with-2-nuts-oo7pn35,https://cdn.handypanda.in/products/SWIANCSWI08NGR-0.jpg?v=1781611167626
handypanda,SWICBSSWIMLWU7,Switch,C&S,Electricals & lighting,20.0,OutOfStock,0,https://www.handypanda.in/products/c-and-s-switch-255rdth,https://cdn.handypanda.in/products/SWICBSSWIMLWU7-0.jpg
handypanda,SWIANCSWIUHR40,Switch,Anchor,Electricals & lighting,19.0,OutOfStock,0,https://www.handypanda.in/products/anchor-switch-9ahqgeh,https://cdn.handypanda.in/products/SWIANCSWIUHR40-0.jpg
handypanda,SWIGIRSWIEDJP9,Switch,Girish,Electricals & lighting,18.0,OutOfStock,0,https://www.handypanda.in/products/girish-switch-todobra,https://cdn.handypanda.in/products/SWIGIRSWIEDJP9-0.jpg
handypanda,ELEGENFANH8HSL,Fan sheet,Generic,Electricals & lighting,15.0,InStock,0,https://www.handypanda.in/products/generic-fan-sheet-p6r6in2,https://cdn.handypanda.in/products/ELEGENFANH8HSL-0.jpg
handypanda,ACCGENINS27DJX,Insulation Tape,Generic,Electricals & lighting,15.0,OutOfStock,0,https://www.handypanda.in/products/generic-insulation-tape-rm9a3t0,https://cdn.handypanda.in/products/ACCGENINS27DJX-0.jpg
handypanda,ELELOCGEYI8HIB,Geyser indicator,Generic,Electricals & lighting,14.0,OutOfStock,0,https://www.handypanda.in/products/generic-geyser-indicator-7jkzt7e,https://cdn.handypanda.in/products/ELELOCGEYI8HIB-0.jpg
handypanda,FANGENFAN8CIEA,Fan Cover,Generic,Electricals & lighting,13.0,OutOfStock,0,https://www.handypanda.in/products/generic-fan-cover-q9z4lcr,https://cdn.handypanda.in/products/FANGENFAN8CIEA-0.jpg
handypanda,SWIANCBLAYVB14,Blank Plate,Anchor,Electricals & lighting,12.0,OutOfStock,0,https://www.handypanda.in/products/anchor-blank-plate-qmkhljt,https://cdn.handypanda.in/products/SWIANCBLAYVB14-0.jpg
handypanda,CONGENBENI424V,Bend,Generic,Electricals & lighting,11.0,OutOfStock,0,https://www.handypanda.in/products/generic-bend-026x4ig,https://cdn.handypanda.in/products/CONGENBENI424V-0.jpg
handypanda,ELESTEELE1ESVV,Electrical tape,Steelgrip,Electricals & lighting,11.0,OutOfStock,0,https://www.handypanda.in/products/steelgrip-electrical-tape-7cyomc9,https://cdn.handypanda.in/products/ELESTEELE1ESVV-0.jpg?v=1786690280483
handypanda,CONLOCFLEYOE67,Flexible pipe,Generic,Electricals & lighting,9.0,OutOfStock,0,https://www.handypanda.in/products/generic-flexible-pipe-3iaszpf,https://cdn.handypanda.in/products/CONLOCFLEYOE67-0.jpg
handypanda,INDGENTHIPGUAX,Thimble (Copper),Generic,Electricals & lighting,9.0,OutOfStock,0,https://www.handypanda.in/products/generic-thimble-copper-jpyllb4,https://cdn.handypanda.in/products/INDGENTHIPGUAX-0.jpg
handypanda,CONLOCTEEBQ0R4,Tee Cover,Generic,Electricals & lighting,7.0,InStock,0,https://www.handypanda.in/products/generic-tee-cover-n8qvr5p,https://cdn.handypanda.in/products/CONLOCTEEBQ0R4-0.jpg
handypanda,DOODORDGD99FZA,DG 204 Digital Door Lock,Dorset,Hardware & locks,18500.0,OutOfStock,0,https://www.handypanda.in/products/dorset-dg-204-digital-door-lock-7y02nzc,https://cdn.handypanda.in/products/DOODORDGD99FZA-0.jpg?v=1776085581197
handypanda,DOODORDGD4M6E3,DG 104 Digital Door Lock,Dorset,Hardware & locks,11778.0,OutOfStock,0,https://www.handypanda.in/products/dorset-dg-104-digital-door-lock-td27290,https://cdn.handypanda.in/products/DOODORDGD4M6E3-0.jpg?v=1776084311019
handypanda,DRAHETCHAQSYHH,Channel,Hettich,Hardware & locks,341.0,OutOfStock,0,https://www.handypanda.in/products/hettich-channel-fwtf43x,https://cdn.handypanda.in/products/DRAHETCHAQSYHH-0.jpg
handypanda,ACCLOCPLIB3MAP,Plier,Generic,Hardware & locks,299.0,InStock,0,https://www.handypanda.in/products/generic-plier-htuv9rp,https://cdn.handypanda.in/products/ACCLOCPLIB3MAP-0.jpg
handypanda,HINHETHIN8XCAW,Hettich Onsys 4447i Hinge,Hettich,Hardware & locks,236.0,OutOfStock,0,https://www.handypanda.in/products/hettich-hettich-onsys-4447i-hinge-a6hqfe1,https://cdn.handypanda.in/products/HINHETHIN8XCAW-0.jpg
handypanda,DRADORCHAY0LTT,Channel,Dorset,Hardware & locks,193.0,OutOfStock,0,https://www.handypanda.in/products/dorset-channel-pdgf7sj,https://cdn.handypanda.in/products/CHADOOCHALNO24-0.jpg
handypanda,ACCMXXINDDG8BS,Industrial tape,3M,Hardware & locks,176.0,OutOfStock,0,https://www.handypanda.in/products/3m-industrial-tape-kixig10,https://cdn.handypanda.in/products/ACCMXXINDDG8BS-0.jpg
handypanda,HINDOOHINBM5UH,Hinge,Dorset,Hardware & locks,176.0,OutOfStock,0,https://www.handypanda.in/products/dorset-hinge-iqszfe6,https://cdn.handypanda.in/products/HINDOOHINBM5UH-0.jpg
handypanda,CLECOAFAUWK1D3,Faucet Cleaner,COATS,Hardware & locks,172.0,OutOfStock,0,https://www.handypanda.in/products/coats-faucet-cleaner-3c70zxq,https://cdn.handypanda.in/products/CLECOAFAUWK1D3-0.jpg
handypanda,ACCLOCMIXMK0RU,Mixture Leg,Generic,Hardware & locks,123.0,OutOfStock,0,https://www.handypanda.in/products/generic-mixture-leg-9shiae4,https://cdn.handypanda.in/products/ACCLOCMIXMK0RU-0.jpg
handypanda,HINHETHINRKZHY,Hinge,Hettich,Hardware & locks,80.0,OutOfStock,0,https://www.handypanda.in/products/hettich-hinge-bp5uthz,https://cdn.handypanda.in/products/HINHETHINRKZHY-0.jpg
handypanda,ACCLOCTAPXCMUB,Tape,Generic,Hardware & locks,43.0,InStock,0,https://www.handypanda.in/products/generic-tape-aoi9ydm,https://cdn.handypanda.in/products/ACCLOCTAPXCMUB-0.jpg
handypanda,MFALOCMFAMSBOB,M8 Fastner,Generic,Hardware & locks,13.0,OutOfStock,0,https://www.handypanda.in/products/generic-m8-fastner-i6yi2vu,https://cdn.handypanda.in/products/MFALOCMFAMSBOB-0.jpg
handypanda,FURLOCGYP176CW,Gypsum keel,Generic,Hardware & locks,1.0,OutOfStock,0,https://www.handypanda.in/products/generic-gypsum-keel-xa9dd05,https://cdn.handypanda.in/products/FURLOCGYP176CW-0.jpg
handypanda,INTASIROYMFTTU,Royale Glitz,Asian Paints,Paints & finishes,707.0,OutOfStock,0,https://www.handypanda.in/products/asian-paints-royale-glitz-myt1w7o,https://cdn.handypanda.in/products/cmoq4e6ik0ivfl304umyt1w7o-0.jpg
handypanda,INTASIROYBYAPD,Royale Shyne Luxury Emulsion,Asian Paints,Paints & finishes,665.0,OutOfStock,0,https://www.handypanda.in/products/asian-paints-royale-shyne-luxury-emulsion-6j2gx2x,https://cdn.handypanda.in/products/cmoq48u620erxl304x6j2gx2x-0.jpg
handypanda,INTASIROYUWEWK,Royale Matt,Asian Paints,Paints & finishes,657.0,OutOfStock,0,https://www.handypanda.in/products/asian-paints-royale-matt-404537a,https://cdn.handypanda.in/products/cmnwzb0ha000ijs04q404537a-0.jpg
handypanda,INTASIAPCVURZD,Apcolite All Protek Matt,Asian Paints,Paints & finishes,420.0,OutOfStock,0,https://www.handypanda.in/products/asian-paints-apcolite-all-protek-matt-n6p3wyk,https://cdn.handypanda.in/products/cmoq3jauj03qcl7044n6p3wyk-0.jpg?v=1778061763575
handypanda,INTASIAPC07MV8,Apcolite Premium Emulsion,Asian Paints,Paints & finishes,364.0,OutOfStock,0,https://www.handypanda.in/products/asian-paints-apcolite-premium-emulsion-btc2unk,https://cdn.handypanda.in/products/cmoq2u0sa0012l704kbtc2unk-0.jpg
handypanda,PAIASITRAX87UZ,Tractor Emulsion,Asian Paints,Paints & finishes,210.0,OutOfStock,0,https://www.handypanda.in/products/asian-paints-tractor-emulsion-08pih9l,https://cdn.handypanda.in/products/cmobeqwx1000hjk04g08pih9l-0.jpg
handypanda,INTASIROYGZCI8,Royale Luxury Emulsion,Asian Paints,Paints & finishes,166.0,OutOfStock,0,https://www.handypanda.in/products/asian-paints-royale-luxury-emulsion-j2ug4l7,https://cdn.handypanda.in/products/cmoq43t1006v4l704lj2ug4l7-0.jpg
handypanda,PUTBIRPUT93PEK,Putty,Birla White,Paints & finishes,50.0,OutOfStock,0,https://www.handypanda.in/products/birla-white-putty-frdfofy,https://cdn.handypanda.in/products/PUTBIRPUT93PEK-0.jpg?v=1784522106053
handypanda,SWIGIRMCBDNWF0,Dhoti (Paint cloth),Generic,Paints & finishes,20.0,OutOfStock,0,https://www.handypanda.in/products/generic-dhoti-paint-cloth-s0m9ujx,https://cdn.handypanda.in/products/SWIGIRMCBDNWF0-0.jpg
handypanda,HDHLOCHDH05P7H,HDHMR,Generic,Plywood & laminates,2401.0,OutOfStock,0,https://www.handypanda.in/products/generic-hdhmr-rorwqnz,https://cdn.handypanda.in/products/HDHLOCHDH05P7H-0.jpg
handypanda,LAMGREMDFE4RQ8,MDF,Greenply,Plywood & laminates,1876.0,OutOfStock,0,https://www.handypanda.in/products/greenply-mdf-43unyyj,https://cdn.handypanda.in/products/LAMGREMDFE4RQ8-0.jpg
handypanda,HDHACTHDH8TB1A,HDHMR,Action Tesa,Plywood & laminates,1284.0,OutOfStock,0,https://www.handypanda.in/products/action-tesa-hdhmr-x95ndlz,https://cdn.handypanda.in/products/HDHACTHDH8TB1A-0.jpg
handypanda,LAMCKXLAM6HFRY,Laminate,CK,Plywood & laminates,1039.0,OutOfStock,0,https://www.handypanda.in/products/ck-laminate-9ln58ak,https://cdn.handypanda.in/products/LAMCKXLAM6HFRY-0.jpg
handypanda,WATDRFPID7KJKP,Pidicrete URP 301,Dr Fixit,Tiling & adhesives,4945.0,OutOfStock,0,https://www.handypanda.in/products/dr-fixit-pidicrete-urp-301-8n5648a,https://cdn.handypanda.in/products/WATDRFPID7KJKP-0.jpg?v=1787736194913
handypanda,WOOFEVHIP54936,HI-PER STAR High Performance Woodworking Adhesive,Fevicol,Tiling & adhesives,2402.0,OutOfStock,0,https://www.handypanda.in/products/fevicol-hi-per-star-high-performance-woodworking-adhesive-7nu11vi,https://cdn.handypanda.in/products/WOOFEVHIP54936-0.jpg?v=1787742130910
handypanda,TILMYKMYKV2KK3,MYK Laticrete PUA 212 PU Tile & Stone Adhesive,MYK Laticrete,Tiling & adhesives,2202.0,OutOfStock,0,https://www.handypanda.in/products/myk-laticrete-myk-laticrete-pua-212-pu-tile-and-stone-adhesive-7j5f18o,https://cdn.handypanda.in/products/TILMYKMYKV2KK3-0.jpg?v=1787729917307
handypanda,WATASISMA2JL8G,SmartCare Hydro Loc Extreme,Asian Paints,Tiling & adhesives,2139.0,InStock,0,https://www.handypanda.in/products/asian-paints-smartcare-hydro-loc-extreme-dhv4uu2,https://cdn.handypanda.in/products/WATASISMA2JL8G-0.jpg
handypanda,ADHFEVHIPUFOJ2,HI-PER,Fevicol,Tiling & adhesives,2021.0,OutOfStock,0,https://www.handypanda.in/products/fevicol-hi-per-80awb88,https://cdn.handypanda.in/products/ADHFEVHIPUFOJ2-0.jpg
handypanda,ADHARAARAYIKZV,Araldite Klad X Epoxy Resin Adhesive,Araldite,Tiling & adhesives,1669.0,OutOfStock,0,https://www.handypanda.in/products/araldite-araldite-klad-x-epoxy-resin-adhesive-ktveern,https://cdn.handypanda.in/products/ADHARAARAYIKZV-0.jpg?v=1787735063375
handypanda,TILROFROF0OCZO,Roff T20 Extrofix Ultra Tile Adhesive,Roff,Tiling & adhesives,1476.0,OutOfStock,0,https://www.handypanda.in/products/roff-roff-t20-extrofix-ultra-tile-adhesive-dmcgme1,https://cdn.handypanda.in/products/TILROFROF0OCZO-0.jpg?v=1787730161126
handypanda,ADHARAAER5ORHB,Aerolite mix,Araldite,Tiling & adhesives,1406.0,OutOfStock,0,https://www.handypanda.in/products/araldite-aerolite-mix-ja1yh30,https://cdn.handypanda.in/products/ADHARAAER5ORHB-0.jpg?v=1786168509485
handypanda,TILMYKLATXKPML,Laticrete 335 Tile Adhesive,MYK Laticrete,Tiling & adhesives,1088.0,OutOfStock,0,https://www.handypanda.in/products/myk-laticrete-laticrete-335-tile-adhesive-55ujn1c,https://cdn.handypanda.in/products/TILMYKLATXKPML-0.jpg?v=1787226786562
handypanda,TILROFROFJ7ITL,Roff T07 Extrofix Tile Adhesive,Roff,Tiling & adhesives,982.0,OutOfStock,0,https://www.handypanda.in/products/roff-roff-t07-extrofix-tile-adhesive-qcxgial,https://cdn.handypanda.in/products/TILROFROFJ7ITL-0.jpg?v=1787638588033
handypanda,TILROFROF4NJG6,Roff T06 Vitrofix Ultra Tile Adhesive,Roff,Tiling & adhesives,946.0,OutOfStock,0,https://www.handypanda.in/products/roff-roff-t06-vitrofix-ultra-tile-adhesive-gwr5n3d,https://cdn.handypanda.in/products/TILROFROF4NJG6-0.jpg?v=1787636461448
handypanda,ADHARASTAQ5QQ3,Standard Epoxy Adhesive Set AW 106 + HV 953 IN,Araldite,Tiling & adhesives,939.0,OutOfStock,0,https://www.handypanda.in/products/araldite-standard-epoxy-adhesive-set-aw-106-plus-hv-953-in-rbl8tyd,https://cdn.handypanda.in/products/ADHARASTAQ5QQ3-0.jpg?v=1787735467920
handypanda,FLOMYKTILQP1VE,Laticrete 325 Tile Adhesive,MYK Laticrete,Tiling & adhesives,849.0,OutOfStock,0,https://www.handypanda.in/products/myk-laticrete-laticrete-325-tile-adhesive-vaokec2,https://cdn.handypanda.in/products/FLOMYKTILQP1VE-0.jpg?v=1781633041931
handypanda,TILROFROFO25K2,Roff T05 Vitrofix Ultra Tile Adhesive,Roff,Tiling & adhesives,830.0,OutOfStock,0,https://www.handypanda.in/products/roff-roff-t05-vitrofix-ultra-tile-adhesive-zm2zvo5,https://cdn.handypanda.in/products/TILROFROFO25K2-0.jpg?v=1787230776738
handypanda,ADHFEVFEVW65W0,Fevicol Marinekoat Water Resistant Plywood Coating,Fevicol,Tiling & adhesives,777.0,OutOfStock,0,https://www.handypanda.in/products/fevicol-fevicol-marinekoat-water-resistant-plywood-coating-0dt63ty,https://cdn.handypanda.in/products/ADHFEVFEVW65W0-0.jpg?v=1787733017587
handypanda,TILROFROFDYL6V,Roff T04 Vitrofix (VFA) Tile Adhesive,Roff,Tiling & adhesives,739.0,OutOfStock,0,https://www.handypanda.in/products/roff-roff-t04-vitrofix-vfa-tile-adhesive-fz5jqe0,https://cdn.handypanda.in/products/TILROFROFDYL6V-0.jpg?v=1787230611988
handypanda,TILROFROF3GI8Y,Roff T13 Rainbow Tile Mate Epoxy Grout Joint Filler,Roff,Tiling & adhesives,733.0,OutOfStock,0,https://www.handypanda.in/products/roff-roff-t13-rainbow-tile-mate-epoxy-grout-joint-filler-xqdx4t3,https://cdn.handypanda.in/products/TILROFROF3GI8Y-0.jpg?v=1787729755411
handypanda,TILROFROFGY7AK,Roff T03 Vitrofix (VFA) Tile Adhesive,Roff,Tiling & adhesives,626.0,OutOfStock,0,https://www.handypanda.in/products/roff-roff-t03-vitrofix-vfa-tile-adhesive-sfashji,https://cdn.handypanda.in/products/TILROFROFGY7AK-0.jpg?v=1787230162447
handypanda,TILMYKMYKZS1Y2,MYK Laticrete SP 100 Epoxy Tile Grout Resin + Hardener Bucket (Part A & Part B),MYK Laticrete,Tiling & adhesives,623.0,OutOfStock,0,https://www.handypanda.in/products/myk-laticrete-myk-laticrete-sp-100-epoxy-tile-grout-resin-plus-hardene-xm9brat,https://cdn.handypanda.in/products/TILMYKMYKZS1Y2-0.jpg?v=1787729211835
handypanda,ADHFEVSHXIF62D,SH,Fevicol,Tiling & adhesives,612.0,OutOfStock,0,https://www.handypanda.in/products/fevicol-sh-i1mzeqs,https://cdn.handypanda.in/products/ADHFEVSHXIF62D-0.jpg
handypanda,FLOMYKTIL9TZDU,Laticrete 315 Tile Adhesive,MYK Laticrete,Tiling & adhesives,514.0,OutOfStock,0,https://www.handypanda.in/products/myk-laticrete-laticrete-315-tile-adhesive-kfyvzsq,https://cdn.handypanda.in/products/FLOMYKTIL9TZDU-0.jpg?v=1781633311514
handypanda,TILROFROFT5YB8,Roff T02 Non Skid (NSA) Tile Adhesive,Roff,Tiling & adhesives,492.0,OutOfStock,0,https://www.handypanda.in/products/roff-roff-t02-non-skid-nsa-tile-adhesive-m6bdnfe,https://cdn.handypanda.in/products/TILROFROFT5YB8-0.jpg?v=1787229756318
handypanda,ADHFEVHIPYUELL,HI-PER D3 Waterproof Wood Adhesive,Fevicol,Tiling & adhesives,447.0,OutOfStock,0,https://www.handypanda.in/products/fevicol-hi-per-d3-waterproof-wood-adhesive-9o2xnit,https://cdn.handypanda.in/products/ADHFEVHIPYUELL-0.jpg?v=1787731552690
handypanda,PESTERANTEIAIZ,Anti Termite EC Structure Preservative,Terminator,Tiling & adhesives,434.0,OutOfStock,0,https://www.handypanda.in/products/terminator-anti-termite-ec-structure-preservative-qb26o0s,https://cdn.handypanda.in/products/PESTERANTEIAIZ-0.jpg?v=1787747300125
handypanda,WATDRFSUP14WQP,302 Super Latex Bonding Agent,Dr Fixit,Tiling & adhesives,416.0,OutOfStock,0,https://www.handypanda.in/products/dr-fixit-302-super-latex-bonding-agent-jgr7st5,https://cdn.handypanda.in/products/WATDRFSUP14WQP-0.jpg?v=1787736278647
handypanda,FLOMYKTILB4NUW,Laticrete 307 Tile Adhesive,MYK Laticrete,Tiling & adhesives,412.0,OutOfStock,0,https://www.handypanda.in/products/myk-laticrete-laticrete-307-tile-adhesive-n4j9m36,https://cdn.handypanda.in/products/FLOMYKTILB4NUW-0.jpg?v=1781633387198
handypanda,SEAFEVNAIWYNF6,Nail Free Ultra Adhesive Sealant,Fevicol,Tiling & adhesives,404.0,OutOfStock,0,https://www.handypanda.in/products/fevicol-nail-free-ultra-adhesive-sealant-nkh3zr2,https://cdn.handypanda.in/products/SEAFEVNAIWYNF6-0.jpg?v=1787744772837
handypanda,SEAFEVREL845V1,RELAM Laminate Adhesive Sealant,Fevicol,Tiling & adhesives,404.0,OutOfStock,0,https://www.handypanda.in/products/fevicol-relam-laminate-adhesive-sealant-kg4gm2h,https://cdn.handypanda.in/products/SEAFEVREL845V1-0.jpg?v=1787745009269
handypanda,WATDRFPID6J8Z4,Pidicrete URP 301 Bonding Agent,Dr Fixit,Tiling & adhesives,395.0,OutOfStock,0,https://www.handypanda.in/products/dr-fixit-pidicrete-urp-301-bonding-agent-vfwvyyd,https://cdn.handypanda.in/products/WATDRFPID6J8Z4-0.jpg?v=1787735839895
handypanda,ADHHARARAEYR51,Araldite Standard Epoxy Adhesive,Harald,Tiling & adhesives,387.0,OutOfStock,0,https://www.handypanda.in/products/harald-araldite-standard-epoxy-adhesive-sdvl50t,https://cdn.handypanda.in/products/ADHHARARAEYR51-0.jpg?v=1787735151167
handypanda,TILFEVFEVTY8ZK,Fevicol Marine Waterproof Wood Adhesive,Fevicol,Tiling & adhesives,370.0,OutOfStock,0,https://www.handypanda.in/products/fevicol-fevicol-marine-waterproof-wood-adhesive-2bl2m0h,https://cdn.handypanda.in/products/TILFEVFEVTY8ZK-0.jpg?v=1787731978241
handypanda,GLAASTBON7XNVP,Bond Tite,Astral,Tiling & adhesives,330.0,OutOfStock,0,https://www.handypanda.in/products/astral-bond-tite-y2grejt,https://cdn.handypanda.in/products/GLAASTBON7XNVP-0.jpg
handypanda,TILMYKLAT89N3B,Laticrete 305 Tile Adhesive,MYK Laticrete,Tiling & adhesives,317.0,OutOfStock,0,https://www.handypanda.in/products/myk-laticrete-laticrete-305-tile-adhesive-wud23bn,https://cdn.handypanda.in/products/TILMYKLAT89N3B-0.jpg?v=1787057764893
handypanda,ADHFEVHEAYKCR4,HeatX,Fevicol,Tiling & adhesives,302.0,OutOfStock,0,https://www.handypanda.in/products/fevicol-heatx-pec4xrs,https://cdn.handypanda.in/products/ADHFEVHEAYKCR4-0.jpg?v=1787731888581
handypanda,TILROFROF5F84G,Roff T01 New Construction Adhesive (NCA) Cement Base Tile Adhesive,Roff,Tiling & adhesives,278.0,OutOfStock,0,https://www.handypanda.in/products/roff-roff-t01-new-construction-adhesive-nca-cement-base-tile-adhesive-t3lvgay,https://cdn.handypanda.in/products/TILROFROF5F84G-0.jpg?v=1787229388809
handypanda,ADHFEVFEV8ULTD,Fevicol ProBond Special Adhesive for PVC Sheets & Tapes,Fevicol,Tiling & adhesives,255.0,OutOfStock,0,https://www.handypanda.in/products/fevicol-fevicol-probond-special-adhesive-for-pvc-sheets-and-tapes-cf313hg,https://cdn.handypanda.in/products/ADHFEVFEV8ULTD-0.jpg?v=1787733779573
handypanda,WATDRFCRAUDRLO,201 Crack-X Paste,Dr Fixit,Tiling & adhesives,244.0,OutOfStock,0,https://www.handypanda.in/products/dr-fixit-201-crack-x-paste-qy3xk11,https://cdn.handypanda.in/products/WATDRFCRAUDRLO-0.jpg?v=1787736409923
handypanda,INSPOLWPCJAITS,WPC/PVC Instant Glue HV,Polyfix,Tiling & adhesives,233.0,OutOfStock,0,https://www.handypanda.in/products/polyfix-wpc-pvc-instant-glue-hv-w7swlt2,https://cdn.handypanda.in/products/INSPOLWPCJAITS-0.jpg?v=1787743172455
handypanda,ADHARAARAJDE82,Araldite Standard Epoxy Adhesive,Araldite,Tiling & adhesives,223.0,OutOfStock,0,https://www.handypanda.in/products/araldite-araldite-standard-epoxy-adhesive-bacnzeb,https://cdn.handypanda.in/products/ADHARAARAJDE82-0.jpg?v=1787735282235
handypanda,SEAFEVFEV2DUI1,Feviseal Neutral Pro Silicone Sealant,Fevicol ; Pidilite,Tiling & adhesives,214.0,OutOfStock,0,https://www.handypanda.in/products/fevicol-pidilite-feviseal-neutral-pro-silicone-sealant-nliysks,https://cdn.handypanda.in/products/SEAFEVFEV2DUI1-0.jpg?v=1787745609233
handypanda,TILMYKMYKPGJ5L,MYK Laticrete SP 100 Epoxy Tile Grout Color Powder (Part C),MYK Laticrete,Tiling & adhesives,192.0,OutOfStock,0,https://www.handypanda.in/products/myk-laticrete-myk-laticrete-sp-100-epoxy-tile-grout-color-powder-part-o4qrn7k,https://cdn.handypanda.in/products/TILMYKMYKPGJ5L-0.jpg?v=1787724826411
handypanda,WATDRFDRFA9SQR,Dr. Fixit 101 Pidiproof LW+ Waterproofing Liquid,Dr Fixit,Tiling & adhesives,172.0,OutOfStock,0,https://www.handypanda.in/products/dr-fixit-dr-fixit-101-pidiproof-lw-plus-waterproofing-liquid-vig7i8m,https://cdn.handypanda.in/products/WATDRFDRFA9SQR-0.jpg?v=1787735550940
handypanda,TILMYKMYK6JFDU,MYK Laticrete Clenza TC Advanced Tile Cleaner,MYK Laticrete,Tiling & adhesives,167.0,OutOfStock,0,https://www.handypanda.in/products/myk-laticrete-myk-laticrete-clenza-tc-advanced-tile-cleaner-azyy8cf,https://cdn.handypanda.in/products/TILMYKMYK6JFDU-0.jpg?v=1787730995755
handypanda,ADHFEVFEV8GXGO,Fevicol SH Synthetic Resin Woodworking Adhesive,Fevicol,Tiling & adhesives,167.0,OutOfStock,0,https://www.handypanda.in/products/fevicol-fevicol-sh-synthetic-resin-woodworking-adhesive-7qsju5e,https://cdn.handypanda.in/products/ADHFEVFEV8GXGO-0.jpg?v=1787734940776
handypanda,TILMYKMYKRWD5C,MYK Laticrete 1776 Grout Admix Plus,MYK Laticrete,Tiling & adhesives,112.0,OutOfStock,0,https://www.handypanda.in/products/myk-laticrete-myk-laticrete-1776-grout-admix-plus-mslrcr3,https://cdn.handypanda.in/products/TILMYKMYKRWD5C-0.jpg?v=1787638953765
handypanda,PESTERCLEUNIAO,Clear Wood Preservative,Terminator,Tiling & adhesives,112.0,OutOfStock,0,https://www.handypanda.in/products/terminator-clear-wood-preservative-y9eeqaq,https://cdn.handypanda.in/products/PESTERCLEUNIAO-0.jpg?v=1787748734899
handypanda,TILROFROF55CFM,"Roff Cera Tile, Floor & Ceramic Cleaner",Roff,Tiling & adhesives,109.0,OutOfStock,0,https://www.handypanda.in/products/roff-roff-cera-tile-floor-and-ceramic-cleaner-8qu8drs,https://cdn.handypanda.in/products/TILROFROF55CFM-0.jpg?v=1787731404456
handypanda,TILROFROFKVO9D,Roff T11 Rainbow Tile Mate Cement Tile Joint Filler,Roff,Tiling & adhesives,106.0,OutOfStock,0,https://www.handypanda.in/products/roff-roff-t11-rainbow-tile-mate-cement-tile-joint-filler-pqsau2m,https://cdn.handypanda.in/products/TILROFROFKVO9D-0.jpg?v=1787729463816
handypanda,WATMSEMSEUT421,M-Seal,M-Seal,Tiling & adhesives,92.0,OutOfStock,0,https://www.handypanda.in/products/m-seal-m-seal-hcibg4j,https://cdn.handypanda.in/products/WATMSEMSEUT421-primary.jpg
handypanda,TILROFROFQ3655,Roff T32 Tile Spacer ( Pack of 100 ),Roff,Tiling & adhesives,79.0,OutOfStock,0,https://www.handypanda.in/products/roff-roff-t32-tile-spacer-pack-of-100-4p3v151,https://cdn.handypanda.in/products/TILROFROFQ3655-0.jpg?v=1787217027510
handypanda,ADHASIMAS70QH0,Masking tape,Asian Paints,Tiling & adhesives,40.0,OutOfStock,0,https://www.handypanda.in/products/asian-paints-masking-tape-gvvoqj3,https://cdn.handypanda.in/products/ADHASIMAS70QH0-0.jpg?v=1777034335649
handypanda,TILMYKTILYF6X9,Tile cleaner,MYK Laticrete,Waterproofing,525.0,OutOfStock,0,https://www.handypanda.in/products/myk-laticrete-tile-cleaner-xuyhwdx,https://cdn.handypanda.in/products/TILMYKTILYF6X9-0.jpg?v=1777139392784
homerun,M2LNL,"Ebco Magic Corner Max 90, Single Pullout",Ebco,,30842.0,InStock,0,https://home-run.co/products/ebco-magic-corner-single-pullout,https://cdn.shopify.com/s/files/1/0872/6095/4939/files/Ebco_Magic_Corner_Max_90_Single_Pullout.webp?v=1779281506
homerun,USG9V,Jaquar Water Closet Set (Laguna series),Jaquar,,28419.0,InStock,0,https://home-run.co/products/jaquar-water-closet-set-premium,https://cdn.shopify.com/s/files/1/0872/6095/4939/files/ChatGPTImageAug13_2026_06_02_21PM.webp?v=1786624365
homerun,K6KCM,Jaquar shower set (with 3 way thermostatic diverter) - Kubix Prime range,Jaquar,,26796.0,InStock,0,https://home-run.co/products/jaquar-shower-set-with-3-way-thermostatic-diverter-kubix-prime-range,https://cdn.shopify.com/s/files/1/0872/6095/4939/files/OpenAIPlayground2026-08-27at21.10.55.webp?v=1787845440
homerun,VJVV4,Faber Hood Comet BLDC 60 cm 1500 m³/hr Filterless Heat Auto Clean Wall Mounted Chimney (Matte Black),HomeRun,,26704.0,InStock,0,https://home-run.co/products/franke-by-faber-hood-comet-bldc-fl-hc-bk-60,https://cdn.shopify.com/s/files/1/0872/6095/4939/files/1_cbd23d87-beed-40df-a5b6-26226b247d7b.webp?v=1786692356
homerun,PMJ86,"Hettich Larder 6 Tier Frame with Baskets for 600mm (24"") Cabinet Pantry Unit, 50Kg (9346304+9347699)",Hettich,,23909.0,InStock,0,https://home-run.co/products/hettich-larder-6-tier-frame-with-baskets-pantry-unit-50kg-600mm,https://cdn.shopify.com/s/files/1/0872/6095/4939/files/Larder6Tier600.jpg?v=1734935713
homerun,QXG3V,"Hettich Duo 6 Tier Frame with Baskets (Pantry Unit), 50Kg",Hettich,,23200.0,InStock,0,https://home-run.co/products/hettich-duo-6-tier-frame-with-baskets-pantry-unit,https://cdn.shopify.com/s/files/1/0872/6095/4939/files/Duo6Tier.jpg?v=1734935325
homerun,HD4GC,"Ebco Livsmart Pulldown System for 900mm (36"") Wide Kitchen Cabinets Mechanism with Glass Baskets, KPDSG90-AT",Ebco,,22811.0,InStock,0,https://home-run.co/products/ebco-livsmart-kitchen-pulldown-system-900mm-mechanism-with-glass-baskets,https://cdn.shopify.com/s/files/1/0872/6095/4939/files/Kitchen-Pulldown-System-Glass-02.jpg?v=1747311102
homerun,7KLXF,Faber Hood Glory BLDC 60 cm 1500 m³/hr Filterless Heat Auto Clean Wall Mounted Chimney (Black Glass),HomeRun,,22762.0,InStock,0,https://home-run.co/products/franke-by-faber-hood-glory-bldc-fl-sc-hc-bk-in-v-60,https://cdn.shopify.com/s/files/1/0872/6095/4939/files/1_d1d2e584-a387-46b8-8d08-c2082b11f248.webp?v=1786692131
homerun,XPM9F,"Ebco Pantry Unit, Soft Close",Ebco,,22759.0,InStock,0,https://home-run.co/products/ebco-pantry-unit-soft-close-450mm-600mm-basket-glass-variants,https://cdn.shopify.com/s/files/1/0872/6095/4939/files/ebco_pantry_450_metal.webp?v=1779272609
homerun,5N5LT,Faber Hood Dazzle BLDC 60 cm 1500 m³/hr Filterless Heat Auto Clean Wall Mounted Chimney (Matte Black),HomeRun,,22491.0,InStock,0,https://home-run.co/products/franke-by-faber-hood-dazzle-bldc-hc-sc-fl-bk-in-60,https://cdn.shopify.com/s/files/1/0872/6095/4939/files/1_e08b2ad6-0e12-4e9d-9d81-51e5e926130e.webp?v=1786691712
homerun,76A2W,"Ebco Universal Magic Corner, Double Pullout",Ebco,,22244.0,InStock,0,https://home-run.co/products/ebco-universal-magic-corner,https://cdn.shopify.com/s/files/1/0872/6095/4939/files/dp-img-1_1.jpg?v=1747048903
homerun,CDDHY,Jaquar Water Closet Set (Continental Series),Jaquar,,20829.0,InStock,0,https://home-run.co/products/jaquar-water-closet-set-basic,https://cdn.shopify.com/s/files/1/0872/6095/4939/files/Gemini_Generated_Image_utn792utn792utn7.webp?v=1786628075
homerun,FS6RU,"Futura FS 3120 Hand Carved Series Sink, Stainless Steel, 31"" X 20"" X 9""",HomeRun,,20400.0,InStock,0,https://home-run.co/products/futura-fs-3120-hand-carved-series-sink-stainless-steel-31-x-20-x-9,https://cdn.shopify.com/s/files/1/0872/6095/4939/files/ChatGPTImageAug11_2026_11_11_31AM.webp?v=1786426909
homerun,UDDC9,"Hettich Universal Magic Corner Double Pullout, 9346281",Hettich,,18365.0,InStock,0,https://home-run.co/products/hettich-magic-corner-w-x-d-x-h-608-x-455-x-584-mm,https://cdn.shopify.com/s/files/1/0872/6095/4939/files/9346281.jpg?v=1737000805
homerun,MHD4U,"Futura Hand Carved Series Double Bowl, Stainless Steel, 36"" X 18"" X 9"", FS 3618 DB HM",HomeRun,,18200.0,InStock,0,https://home-run.co/products/futura-fs-3618-db-hand-carved-series-sink-stainless-steel-36-x-18-x-9,https://cdn.shopify.com/s/files/1/0872/6095/4939/files/HANDCARVEDFS3618DBHM.webp?v=1775632603
homerun,FF8RD,CP Plus 32 Channel NVR,HomeRun,,16800.0,InStock,0,https://home-run.co/products/cp-plus-32-channel-nvr,https://cdn.shopify.com/s/files/1/0872/6095/4939/files/415XDt97EvL._SL1024.webp?v=1785761515
homerun,V9HHV,Jaquar Wash Basin Set (Laguna) + Wall Mounted Basin Mixer,Jaquar,,16726.0,InStock,0,https://home-run.co/products/jaquar-wash-basin-set-wall-mounted-basin-mixer-premium,https://cdn.shopify.com/s/files/1/0872/6095/4939/files/final_2919da6a-808e-4245-b3c4-7397a2acac8c.webp?v=1786620232
homerun,8FHU5,Jaquar shower set (with single lever diverter) - Opal Prime range,Jaquar,,15796.0,InStock,0,https://home-run.co/products/jaquar-shower-set-with-single-lever-diverter-opal-prime-range,https://cdn.shopify.com/s/files/1/0872/6095/4939/files/OpenAIPlayground2026-08-27at20.55.45.webp?v=1787844440
homerun,PR8VR,"Jaquar Rimless Blind Installation Wall Hung WC, Laguna, LAS-WHT-91953BIUFSM",Jaquar,,15272.0,InStock,0,https://home-run.co/products/jaquar-rimless-blind-installation-wall-hung-wc-laguna-las-wht-91953biufsm,https://cdn.shopify.com/s/files/1/0872/6095/4939/files/LAS-WHT-91953BIUFSM.webp?v=1785406420
homerun,KBFL9,Parryware Cruz C8675 Wall Mounted White Closet WC,Parryware,,14860.0,InStock,0,https://home-run.co/products/parryware-cruz-c8675-wall-mounted-white-closet-wc,https://cdn.shopify.com/s/files/1/0872/6095/4939/files/Parryware_Cruz_C8675_Wall_Mounted_White_Closet_WC.jpg?v=1783751634
homerun,QSWUE,"Futura FS 2418 Hand Carved Series Sink, Stainless Steel, 24"" X 18"" X 9""",HomeRun,,14260.0,InStock,0,https://home-run.co/products/futura-fs-2418-hand-carved-series-sink-stainless-steel-24-x-18-x-10,https://cdn.shopify.com/s/files/1/0872/6095/4939/files/final4.webp?v=1787160289
homerun,69CFP,Jaquar Wash Basin Set + Wall Mounted Basin Mixer,Jaquar,,13690.0,InStock,0,https://home-run.co/products/jaquar-wash-basin-set-wall-mounted-basin-mixer-basic,https://cdn.shopify.com/s/files/1/0872/6095/4939/files/ChatGPTImageAug13_2026_05_03_32PM.webp?v=1786620884
homerun,JSSCQ,Luminous Red Charge RC 18000 150Ah Tall Tubular Inverter Battery,HomeRun,,13599.0,InStock,0,https://home-run.co/products/luminous-red-charge-rc-18000-150ah-tall-tubular-inverter-battery,https://cdn.shopify.com/s/files/1/0872/6095/4939/files/61Jsqq_wNcL._SL1080.jpg?v=1784713865
homerun,3KCNX,Luminous Red Charge RC 18000ST 150Ah Short Tubular Inverter Battery,HomeRun,,12899.0,InStock,0,https://home-run.co/products/luminous-red-charge-rc-18000st-150ah-short-tubular-inverter-battery,https://cdn.shopify.com/s/files/1/0872/6095/4939/files/51VEhbyLeUL._SL1080.jpg?v=1784713771
homerun,RZF2R,Jaquar Rimless Blind Installation Wall Hung WC | Kubix Prime,Jaquar,,12696.0,InStock,0,https://home-run.co/products/jaquar-rimless-blind-installation-wall-hung-wc-kubix-prime,https://cdn.shopify.com/s/files/1/0872/6095/4939/files/2_b187044a-41f6-48ea-8ffa-01d252c2874d.webp?v=1786696946
homerun,5LZG4,D-Link CAT6 Cable- 305M,HomeRun,,12249.0,InStock,0,https://home-run.co/products/d-link-cat6-cable,https://cdn.shopify.com/s/files/1/0872/6095/4939/files/570QWI307.webp?v=1786165973
homerun,9PJ3T,"Havells CAT6 LAN Cable, 305M",Havells,,12180.0,InStock,0,https://home-run.co/products/havells-cat6-lan-cable-305m,https://cdn.shopify.com/s/files/1/0872/6095/4939/files/ChatGPTImageJul28_2026_10_48_07AM.png?v=1785306451
homerun,XFRPZ,Jaquar accessories collection set,Jaquar,,12058.0,InStock,0,https://home-run.co/products/jaquar-accessories-collection-set,https://cdn.shopify.com/s/files/1/0872/6095/4939/files/ChatGPTImageAug27_2026_07_26_55PM.webp?v=1787839044
homerun,ZN998,"Futura FS-102AA Stainless Steel 2600 RPM Food Waste Disposer, 1/2HP",HomeRun,,11663.0,InStock,0,https://home-run.co/products/futura-fs-102a-stainless-steel-2600-rpm-food-waste-disposer-1-2hp,https://cdn.shopify.com/s/files/1/0872/6095/4939/files/Futura_FS_102A_2600_RPM_Food_Waste_Disposer_fasucet_futura_f038d323-97f2-440d-bca1-e834b27304aa.webp?v=1784537802
homerun,V28H9,"Makita M2401B 2000W Cut-Off Saw | 355mm (14"") Blade, 3800 RPM",HomeRun,,11399.0,InStock,0,https://home-run.co/products/makita-m2401b-2000w-cut-off-saw-355mm-14-blade-3800-rpm,https://cdn.shopify.com/s/files/1/0872/6095/4939/files/M2401B.webp?v=1786801485
homerun,MYKUD,Hettich Leather Classification Box Wardrobe Accessory,Hettich,,10922.0,InStock,0,https://home-run.co/products/hettich-leather-classification-box-wardrobe-accessory,https://cdn.shopify.com/s/files/1/0872/6095/4939/files/Hettich_Leather_Classification_Box_Wardrobe_Accessory_grey.webp?v=1741002928
homerun,L4QLA,Luminous Red Charge RC 15000 Pro 120Ah Short Tubular Inverter Battery,HomeRun,,10899.0,InStock,0,https://home-run.co/products/luminous-red-charge-rc-15000-120ah-short-tubular-inverter-battery,https://cdn.shopify.com/s/files/1/0872/6095/4939/files/Red_Charge_RC_15000_PRO.jpg?v=1784461956
homerun,8QDK8,"Makita M3601B 900W Plunge Router | 6mm & 8mm Collet, 35mm Plunge, 27000 RPM",HomeRun,,10775.0,InStock,0,https://home-run.co/products/makita-m3601b-900w-plunge-router-6mm-8mm-collet-35mm-plunge-27000-rpm,https://cdn.shopify.com/s/files/1/0872/6095/4939/files/M3601B.webp?v=1786801609
homerun,QGPAB,"Makita DDF490 18V LXT Cordless Driver Drill | 13mm Chuck, 2-Speed",HomeRun,,10775.0,InStock,0,https://home-run.co/products/makita-ddf490-18v-lxt-cordless-driver-drill-13mm-chuck-2-speed,https://cdn.shopify.com/s/files/1/0872/6095/4939/files/DDF490_PR.webp?v=1786800516
homerun,UDP5P,"Makita M8700B 710W Rotary Hammer | 22mm, 1.9J Impact Energy, 0-4350 BPM",HomeRun,,10775.0,InStock,0,https://home-run.co/products/makita-m8700b-710w-rotary-hammer-22mm-1-9j-impact-energy-0-4350-bpm,https://cdn.shopify.com/s/files/1/0872/6095/4939/files/M8700B.webp?v=1786800419
homerun,N5T4D,Ebco Roll Top Pro Vertical Rolling Shutter with Overlay Rails & Cover Profile,Ebco,,10242.0,InStock,0,https://home-run.co/products/ebco-roll-top-pro-vertical-with-overlay-rails-cover-profile,https://cdn.shopify.com/s/files/1/0872/6095/4939/files/roll-top-img-1.jpg?v=1742902289
homerun,PUGA2,"Makita AF506 Pneumatic Brad Nailer | 18 Gauge, 50mm, 100-Nail Magazine",HomeRun,,9865.0,InStock,0,https://home-run.co/products/makita-af506-pneumatic-brad-nailer-18-gauge-50mm-100-nail-magazine,https://cdn.shopify.com/s/files/1/0872/6095/4939/files/AF506.webp?v=1786801829
homerun,7BSBN,Jaquar Aquamax Concealed Body Shower Mixer,Jaquar,,9816.0,InStock,0,https://home-run.co/products/jaquar-aquamax-concealed-body-shower-mixer,https://cdn.shopify.com/s/files/1/0872/6095/4939/files/ALD-CHR-681N_jpeg.webp?v=1782369136
homerun,G6N6X,"Luminous Eco Volt Neo 1550 Pure Sine Wave Inverter, 3 Year Warranty",HomeRun,,9799.0,InStock,0,https://home-run.co/products/luminous-eco-volt-neo-1550-pure-sine-wave-inverter-3-year-warranty,https://cdn.shopify.com/s/files/1/0872/6095/4939/files/Luminous_Eco_Volt_Neo_1550_Pure_Sine_Wave_Inverter_3_Year_Warranty_2e903918-3e48-4aa4-9055-ec763d2a9a0c.png?v=1784533985
homerun,BL4HB,CP Plus 16 Port PoE Switch - CP-ANW-HP16G2F1-N30,HomeRun,,9300.0,InStock,0,https://home-run.co/products/cp-plus-16-port-poe-switch,https://cdn.shopify.com/s/files/1/0872/6095/4939/files/ea133258-83c6-4816-9293-dfa77b9a30c9.webp?v=1785497960
homerun,NTLR6,"Fevicol WoodLok Pro, Moisture Resistant Synthetic Resin Adhesive, 60 Kg",Fevicol,,9200.0,InStock,0,https://home-run.co/products/fevicol-woodlok-pro-60kg-moisture-resistant-synthetic-resin-adhesive,https://cdn.shopify.com/s/files/1/0872/6095/4939/files/woodlok60kg.webp?v=1778321452
homerun,VHVW9,CP Plus 16 Channel NVR,HomeRun,,9145.0,InStock,0,https://home-run.co/products/cp-plus-16-channel-nvr,https://cdn.shopify.com/s/files/1/0872/6095/4939/files/51YGnI70EJL._SL1500.webp?v=1785761333
homerun,3YJUJ,"Finolex 3-Core Flexible Wire, 100m Coil",Finolex,,9040.0,InStock,0,https://home-run.co/products/finolex-3-core-flexible-wire-2-5mm-100m-coil,https://cdn.shopify.com/s/files/1/0872/6095/4939/files/Finolex_3-Core_Flexible_Wire.webp?v=1781593583
homerun,VK7N4,"Jaquar Single Piece Slim Concealed Cistern, S-Type",Jaquar,,8970.0,InStock,0,https://home-run.co/products/jaquar-single-piece-slim-concealed-cistern,https://cdn.shopify.com/s/files/1/0872/6095/4939/files/Jaquar_Single_Piece_Slim_Concealed_Cistern_S-Type.webp?v=1783672446
homerun,W444V,"Futura Undermount Series, Stainless Steel, 29"" X 16"" X 9"", FS 503",HomeRun,,8760.0,InStock,0,https://home-run.co/products/futura-fs-503-under-mount-series-sink-stainless-steel-22-x-18-x-9,https://cdn.shopify.com/s/files/1/0872/6095/4939/files/4_2791debf-5530-46a3-9e0c-154247a5ab53.webp?v=1787211035
homerun,34P2D,"Ebco Wardrobe Pullout Ironing Board, WPIB-4360-AT",Ebco,,8331.0,InStock,0,https://home-run.co/products/ebco-wardrobe-pullout-ironing-board,https://cdn.shopify.com/s/files/1/0872/6095/4939/files/3.jpg?v=1741798474
homerun,HVS7M,"Jaquar Rimless Wall Hung WC With UF Soft Close, Continental, CNS-WHT-963UFSM",Jaquar,,8280.0,InStock,0,https://home-run.co/products/rimless-wall-hung-wc-with-uf-soft-close-continental-cns-wht-963ufsm,https://cdn.shopify.com/s/files/1/0872/6095/4939/files/CNS-WHT-963UFSM.webp?v=1785406833
homerun,593ZA,Parryware Cardiff C022K1C Wall Hung White Closet WC,Parryware,,8251.0,InStock,0,https://home-run.co/products/parryware-cardiff-c022k1c-wall-hung-white-closet-wc,https://cdn.shopify.com/s/files/1/0872/6095/4939/files/wc2ParrywareCardiffC022K1CWallHungWhiteClosetWC.webp?v=1783752853
homerun,BPVH7,"Ashirvad 3 Layer Overhead Tank, White",Ashirvad,,8250.0,InStock,0,https://home-run.co/products/ashirvad-3-layer-overhead-tank,https://cdn.shopify.com/s/files/1/0872/6095/4939/files/ashirvad-water-tank-1683542764-6885424_1_71b21511-47da-4f00-b8a8-3cab02564b04.png?v=1757076429
homerun,CMZC6,Dongcheng Demolition Hammer 7kg - DZG06-6S,HomeRun,,8174.0,InStock,0,https://home-run.co/products/dongcheng-demolition-hammer-7kg-dzg06-6s,https://cdn.shopify.com/s/files/1/0872/6095/4939/files/DZG06-6S_aef4eaf6-4d11-44ef-8c9e-153ef7ab439f.webp?v=1786689620
homerun,GT4NM,Dongcheng Demolition Hammer 5kg - DZG-6S,HomeRun,,8074.0,InStock,0,https://home-run.co/products/dongcheng-demolition-hammer-5kg-dzg-6s,https://cdn.shopify.com/s/files/1/0872/6095/4939/files/1_89eff9cf-6a9f-435f-a31e-8c25bd18da65.webp?v=1786689472
homerun,6NLTK,"Ebco Auto Pull Out Waste Bin, Auto Open on Shutter Open, 28L Capacity, 2 X 14L Separate Bins, APDWB-28",Ebco,,7985.0,InStock,0,https://home-run.co/products/ebco-auto-pull-out-waste-bin-2-x-14l-dry-wet-separate,https://cdn.shopify.com/s/files/1/0872/6095/4939/files/Auto1.jpg?v=1748673598
homerun,UHM7K,AO Smith Elegance Prime Neo Vertical Water Heater - 15L,HomeRun,,7745.0,InStock,0,https://home-run.co/products/ao-smith-elegance-prime-neo-vertical-water-heater,https://cdn.shopify.com/s/files/1/0872/6095/4939/files/AOSmithElegancePrimeNeoVerticalWaterHeater-15L.webp?v=1785411987
homerun,ENZEK,Carysil Single Bowl Quartz Kitchen Sink - Nera Series,HomeRun,,7471.5,InStock,0,https://home-run.co/products/carysil-single-bowl-quartz-kitchen-sink-nera-series,https://cdn.shopify.com/s/files/1/0872/6095/4939/files/nera1.webp?v=1785325981
homerun,QB8FM,"Nirali Elegance Single Bowl with Drain Board, Stainless Steel  - Matte Finish",HomeRun,,7216.5,InStock,0,https://home-run.co/products/nirali-elegance-single-bowl-with-drain-board-stainless-steel-matte-finish,https://cdn.shopify.com/s/files/1/0872/6095/4939/files/withdrainboard.webp?v=1785328196
homerun,HA42Y,"Bosch GLM 50-23 G Laser Distance Meter, 50m (164ft) Range, Green Laser",HomeRun,,7190.0,InStock,0,https://home-run.co/products/bosch-glm-50-23-g-laser-distance-meter-50m-range-green-laser,https://cdn.shopify.com/s/files/1/0872/6095/4939/files/BOSCHGLM50-23G-1.jpg?v=1784208217
homerun,WX5NC,Dongcheng Impact Wrench 3/4 inch - DPB22C,HomeRun,,7054.0,InStock,0,https://home-run.co/products/dongcheng-impact-wrench-3-4-inch-dpb22c,https://cdn.shopify.com/s/files/1/0872/6095/4939/files/ChatGPTImageAug14_2026_11_07_02AM.webp?v=1786685857
homerun,VCW2P,"Futura Dura Single Bowl with Drainboard Sink, Stainless Steel, 36"" X 18"" X 8""",HomeRun,,6986.0,InStock,0,https://home-run.co/products/futura-dura-single-bowl-with-drainboard-sink,https://cdn.shopify.com/s/files/1/0872/6095/4939/files/3_0579ca94-d2f7-436d-b4ba-69b2ec93ed66.webp?v=1787210428
homerun,8YW74,"Futura ALTIS-01A Stainless Steel Chrome Finish Pullout Faucet, Table Mount",HomeRun,,6938.0,InStock,0,https://home-run.co/products/futura-fa-01a-stainless-steel-chrome-finish-pullout-faucet-table-mount,https://cdn.shopify.com/s/files/1/0872/6095/4939/files/Futura_FA-01A_Stainless_Steel_Chrome_Finish_Pullout_Faucet_Table_Mount.webp?v=1784193589
homerun,22R5S,"Jaquar Florentine Prime Wall Mixer with Shower Provision, Chrome, FLP-CHR-5273PM",Jaquar,,6900.0,InStock,0,https://home-run.co/products/jaquar-florentine-prime-wall-mounted-mixer,https://cdn.shopify.com/s/files/1/0872/6095/4939/files/Jaquar_Florentine_Prime_Wall_Mixer_with_Shower_Provision_Chrome1.webp?v=1782804732
homerun,25SG2,"Makita M3700B Trimmer | 6mm Collet, 35000 RPM, 1.4kg",HomeRun,,6785.0,InStock,0,https://home-run.co/products/makita-m3700b-trimmer-6mm-collet-35000-rpm-1-4kg,https://cdn.shopify.com/s/files/1/0872/6095/4939/files/M3700B.webp?v=1786801708
homerun,6TWWW,"Futura Natural Quartz Series Sink, Premium Stone Finish",HomeRun,,6720.0,InStock,0,https://home-run.co/products/futura-natural-quartz-series-sink-premium-stone-finish,https://cdn.shopify.com/s/files/1/0872/6095/4939/files/final_156e9cbd-669a-4d85-b7e7-d5aa1893f3a9.webp?v=1787157499
homerun,B4QJ9,"Jaquar white table top washbasin, Laguna (White), LAS-WHT-91905",Jaquar,,6716.0,InStock,0,https://home-run.co/products/jaquar-white-table-top-washbasin-laguna-white-las-wht-91905,https://cdn.shopify.com/s/files/1/0872/6095/4939/files/LAS-WHT-91905.webp?v=1785405187
homerun,X44VK,"Pidilite Masterlok Synthetic Wood Adhesive, 50Kg, FPA84260500013",Pidilite,,6300.0,InStock,0,https://home-run.co/products/pidilite-masterlok-synthetic-wood-adhesive-50kg,https://cdn.shopify.com/s/files/1/0872/6095/4939/files/Pidilite_Masterlok_Synthetic_Wood_Adhesive_50Kg_2dddd2f2-9a66-4a9c-9d52-c9d65993243e.png?v=1757940168
homerun,XXXU6,"Luminous Evo S 1050/12V Pure Sine Wave Inverter, 3 Year Warranty",HomeRun,,6299.0,InStock,0,https://home-run.co/products/luminous-evo-s-1050-12v-pure-sine-wave-inverter-3-year-warranty,https://cdn.shopify.com/s/files/1/0872/6095/4939/files/Luminous_Evo_S_105012V_Pure_Sine_Wave_Inverter_3_Year_Warranty.webp?v=1784608246
homerun,J852B,"Bosch Professional GLL 3X Line Laser, 15m (49ft) Range, Self Levelling",HomeRun,,6199.0,InStock,0,https://home-run.co/products/bosch-professional-gll-3x-line-laser-15m-range-self-levelling,https://cdn.shopify.com/s/files/1/0872/6095/4939/files/BOSCHGLL3X-1.jpg?v=1784203882
homerun,YJFZ6,Parryware Primo C023H1C Wall Mounted White Closet WC,Parryware,,6186.74,InStock,0,https://home-run.co/products/primo-wall-mounted-closet-wc,https://cdn.shopify.com/s/files/1/0872/6095/4939/files/wc3ParrywarePRIMOWC.webp?v=1783755552
homerun,LR4XS,"Ebco Bottle Pullout, Soft Close, 2 Tier",Ebco,,6176.0,InStock,0,https://home-run.co/products/ebco-bottle-pullout-soft-close,https://cdn.shopify.com/s/files/1/0872/6095/4939/files/01-bottle-pullout-soft-close-2.jpg?v=1740647509
homerun,CG64T,"Asian Paints Smartcare Damp Proof Teracota,20 Litre",Asian Paints,,6100.0,InStock,0,https://home-run.co/products/asian-paints-smartcare-damproof-terracotta-20-litre,https://cdn.shopify.com/s/files/1/0872/6095/4939/files/Group65.webp?v=1787811876
homerun,C7BU6,Makita HG5030K Heat Gun | 1600W,HomeRun,,6012.0,InStock,0,https://home-run.co/products/makita-hg5030k-heat-gun-1600w,https://cdn.shopify.com/s/files/1/0872/6095/4939/files/HG5030K.webp?v=1786800836
homerun,L7B5F,CP Plus 8 Channel NVR - CP-UNR-108F1,HomeRun,,5900.0,InStock,0,https://home-run.co/products/cp-plus-8-channel-nvr,https://cdn.shopify.com/s/files/1/0872/6095/4939/files/CPPlus4ChannelNVR-CP-UNR-104F1_1b2a5580-21fe-4869-a6f6-65f4ba65c859.webp?v=1785420216
homerun,EPXY2,"Luminous Eco Volt Neo 1050 Pure Sine Wave Inverter, 3 Year Warranty",HomeRun,,5899.0,InStock,0,https://home-run.co/products/luminous-eco-volt-neo-1050-pure-sine-wave-inverter-3-year-warranty,https://cdn.shopify.com/s/files/1/0872/6095/4939/files/Luminous_Eco_Volt_Neo_1050_Pure_Sine_Wave_Inverter_3_Year_Warranty.png?v=1784534282
homerun,UEW8R,"Hettich Cargo Tie & Belt Pull Out Wardrobe Accessory, 9221099",Hettich,,5848.0,InStock,0,https://home-run.co/products/hettich-cargo-tie-belt-pull-out-wardrobe-accessory,https://cdn.shopify.com/s/files/1/0872/6095/4939/files/Tie_Belt.jpg?v=1725543510
homerun,LHTYB,CP Plus 6MP IP Bullet Hybrid Camera - CP-UNC-TA61L3C-LQ,HomeRun,,5800.0,InStock,0,https://home-run.co/products/cp-plus-6mp-ip-bullet-hybrid-camera,https://cdn.shopify.com/s/files/1/0872/6095/4939/files/082acf71-8aab-4587-86cb-6e7d5fea3ba0_1.webp?v=1785415214
homerun,HU7ZL,Godrej Pentabolt EXS+ 1CK Deadbolt,Godrej,,5732.0,InStock,0,https://home-run.co/products/godrej-rim-lock-pentabolt-exs-1ck-deadbolt,https://cdn.shopify.com/s/files/1/0872/6095/4939/files/Satin_Nickel_Pentabolt_Deadbolt_1CK_9641.webp?v=1746799545
homerun,72LYV,CP Plus 6MP IP Dome Hybrid Camera - CP-UNC-DA61L3C-LQ,HomeRun,,5700.0,InStock,0,https://home-run.co/products/cp-plus-6mp-ip-dome-hybrid-camera,https://cdn.shopify.com/s/files/1/0872/6095/4939/files/5_b610cd52-d0f3-46fd-9a2b-080de031a773.webp?v=1785993189
homerun,ZLMVV,"Crompton Classic Neo, 2000W Storage Water Heater",Crompton,,5599.0,InStock,0,https://home-run.co/products/crompton-arno-neo-2000w-storage-water-heater-15l,https://cdn.shopify.com/s/files/1/0872/6095/4939/files/CromptonClassicNeo_2000WStorageWaterHeater.webp?v=1786257029
homerun,ZFQER,"Philips Marathon Ultra LED Rope Light, 50m (Strip Light), Warm White",Philips,,5500.0,InStock,0,https://home-run.co/products/philips-marathon-ultra-led-rope-light-50m,https://cdn.shopify.com/s/files/1/0872/6095/4939/files/Philips_Marathon_Ultra_1.webp?v=1781506963
homerun,XPH26,Dongcheng Rotary Hammer 26mm SDS-plus - DZC05-26B,HomeRun,,5406.0,InStock,0,https://home-run.co/products/dongcheng-rotary-hammer-26mm-sds-plus-dzc05-26b,https://cdn.shopify.com/s/files/1/0872/6095/4939/files/4_99c8b4a3-4b7e-445b-adc4-efdbcb0730da.webp?v=1786686075
homerun,ZF8W5,"Luminous Eco Volt Neo 850 Pure Sine Wave Inverter, 3 Year Warranty",HomeRun,,5399.0,InStock,0,https://home-run.co/products/luminous-eco-volt-neo-850-pure-sine-wave-inverter-3-year-warranty,https://cdn.shopify.com/s/files/1/0872/6095/4939/files/Luminous_Eco_Volt_Neo_850_Pure_Sine_Wave_Inverter_3_Year_Warranty.png?v=1784533091
homerun,JZV45,Finolex FR (Flame-Retardant) Wire (200/300 meter),Finolex,,5341.0,InStock,0,https://home-run.co/products/finolex-fr-flame-retardant-wire-200-300-meter,https://cdn.shopify.com/s/files/1/0872/6095/4939/files/Finolex_FR_Flame-Retardant_Wire_200_meter_red.webp?v=1781073724
homerun,LPHV5,Jaquar Aquamax Thermostatic Shower Mixer,Jaquar,,5310.0,InStock,0,https://home-run.co/products/jaquar-aquamax-thermostatic-shower-mixer,https://cdn.shopify.com/s/files/1/0872/6095/4939/files/0069692_aquamax-exposed-part-kit-of-thermostatic-shower-mixer-with-3-way-diverter-chrome_960.webp?v=1787648920
homerun,JJZG8,"Ebco Pull Out Waste Bin, 40L Capacity, 2 X 20L Separate Bins, POWB4-40-AT",Ebco,,5304.0,InStock,0,https://home-run.co/products/ebco-pull-out-waste-bin-40-litre-2x20l,https://cdn.shopify.com/s/files/1/0872/6095/4939/files/dp-img-03-scaled.jpg?v=1747314193
homerun,HCKSR,CP Plus 8 Channel DVR - CP-UVR-0801E1V-I,HomeRun,,5191.0,InStock,0,https://home-run.co/products/cp-plus-8-channel-dvr,https://cdn.shopify.com/s/files/1/0872/6095/4939/files/79c341f5-076e-46d7-84ac-f0f57ed37c53.webp?v=1785417420
homerun,SXJBK,"Hettich AvanTech Tandem Box Anthracite, 500mm, 30Kg, Full Set",Hettich,,5171.0,InStock,0,https://home-run.co/products/hettich-avantech-tandem-box-anthracite-500mm-30kg-full-set,https://cdn.shopify.com/s/files/1/0872/6095/4939/files/1_Hettich_AvanTech_Tandem_Box_Anthracite_500mm_main_image.webp?v=1776173318
homerun,EDA37,"Ebco Wicker Basket, Soft Close",Ebco,,5147.0,InStock,0,https://home-run.co/products/ebco-wicker-basket-with-beech-runner-soft-close,https://cdn.shopify.com/s/files/1/0872/6095/4939/files/Asian_Paints_Tractor_Emulsion_1l_e8aa4466-6ccc-4533-adfb-c67ec23473d7.png?v=1757577300
homerun,M5ZT6,"Makita M4101B 1250W Circular Saw | 125mm (5"") Blade, 40mm Cut Capacity",HomeRun,,5089.0,InStock,0,https://home-run.co/products/makita-m4101b-1250w-circular-saw-125mm-5-blade-40mm-cut-capacity,https://cdn.shopify.com/s/files/1/0872/6095/4939/files/M4101B.webp?v=1786801054
homerun,5TPD2,"Ebco Hi Slide 50 Reversible Sliding Mechanism, Soft Close (Door Fitting)",Ebco,,5062.0,InStock,0,https://home-run.co/products/ebco-hi-slide-50-reversible-sliding-mechanism-soft-close-door-fitting,https://cdn.shopify.com/s/files/1/0872/6095/4939/files/HS-50-Reversible-Rendered-Image-3-A.jpg?v=1734943923
homerun,RC5CB,"Fevicol Grippo WG, Synthetic Resin Adhesive, 50 Kg",Fevicol,,5049.0,InStock,0,https://home-run.co/products/fevicol-grippo-wg-50kg-industrial-synthetic-resin-wood-adhesive-grippo_wg_50,https://cdn.shopify.com/s/files/1/0872/6095/4939/files/50kg-fevicol-grippo-wg-synthetic-50kg.webp?v=1778317289
homerun,ARF9J,"Wipro Garnet 50m IP65 144 LED Warm White Rope Light, 2700K",HomeRun,,4989.0,InStock,0,https://home-run.co/products/wipro-garnet-50m-ip65-144-led-warm-white-rope-light-2700k,https://cdn.shopify.com/s/files/1/0872/6095/4939/files/71zwUdAUunL._SL1500.webp?v=1784543405
homerun,Y7XL7,"Bosch Professional GBH 220 Rotary Hammer Drill, 720W",HomeRun,,4949.0,InStock,0,https://home-run.co/products/bosch-professional-gbh-220-rotary-hammer-drill-720w,https://cdn.shopify.com/s/files/1/0872/6095/4939/files/BOSCHGBH220CordedElectricRotaryHammer.webp?v=1782736348
homerun,PXEYU,"Makita MT410 Circular Saw, MT Series | 110mm (4-3/8"") Blade, 32mm Cut Capacity",HomeRun,,4939.0,InStock,0,https://home-run.co/products/makita-mt410-circular-saw-mt-series-110mm-4-3-8-blade-32mm-cut-capacity,https://cdn.shopify.com/s/files/1/0872/6095/4939/files/MT410.webp?v=1786801387
homerun,RE382,"Makita M0401B 1200W Circular Saw | 110mm (4-3/8"") Blade, 32mm Cut Capacity",HomeRun,,4790.0,InStock,0,https://home-run.co/products/makita-m0401b-1200w-circular-saw-110mm-4-3-8-blade-32mm-cut-capacity,https://cdn.shopify.com/s/files/1/0872/6095/4939/files/M0401B.webp?v=1786800929
homerun,LRBYN,CP Plus 4 Channel NVR - CP-UNR-104F1,HomeRun,,4700.0,InStock,0,https://home-run.co/products/cp-plus-4-channel-nvr,https://cdn.shopify.com/s/files/1/0872/6095/4939/files/CPPlus4ChannelNVR-CP-UNR-104F1.webp?v=1785419701
homerun,5XN47,"Futura Hand Carved Series Single Bowl, Stainless Steel",HomeRun,,4680.0,InStock,0,https://home-run.co/products/futura-fs-1412-hm-hand-carved-series-sink-stainless-steel-14-x-12-x-7,https://cdn.shopify.com/s/files/1/0872/6095/4939/files/final6.webp?v=1787160809
homerun,7SFMW,"Futura VANTA-01IS Stainless Steel Chrome Finish Rotatable Faucet, Table Mount",HomeRun,,4650.0,InStock,0,https://home-run.co/products/futura-fa-01is-stainless-steel-chrome-finish-rotatable-faucet-table-mount,https://cdn.shopify.com/s/files/1/0872/6095/4939/files/SSFAUCETFA-01ISfaucetfutura.webp?v=1784187956
homerun,UCPQ4,Jaquar Florentine Prime Basin Mixer,Jaquar,,4554.0,InStock,0,https://home-run.co/products/jaquar-florentine-prime-basin-mixer,https://cdn.shopify.com/s/files/1/0872/6095/4939/files/Jaquar_Florentine_Prime_Basin_Mixer.webp?v=1783063965
homerun,3UA83,"Futura NW-021A Stainless Steel Tile Insert Linear Floor Drain,4"" x 31 ½""",HomeRun,,4538.0,InStock,0,https://home-run.co/products/futura-nw-021a-stainless-steel-tile-insert-linear-floor-drain,https://cdn.shopify.com/s/files/1/0872/6095/4939/files/LONGFLOORDRAINOPTIONAL_TILEINSERTNW-021A.webp?v=1784196008
homerun,TNDSS,D-Link CAT6 Cable - 100m,HomeRun,,4400.0,InStock,0,https://home-run.co/products/d-link-cat6-cable-100m,https://cdn.shopify.com/s/files/1/0872/6095/4939/files/570QWI307.webp?v=1786165973
homerun,METY7,Dongcheng Marble Cutter 110mm 1240W - DZE02-110,HomeRun,,4394.0,InStock,0,https://home-run.co/products/dongcheng-marble-cutter-110mm-1240w-dze02-110,https://cdn.shopify.com/s/files/1/0872/6095/4939/files/6_5be197fc-d8ae-4026-9e4e-49a2559c3fab.webp?v=1786687575
homerun,ECS2S,"Nirali Grace Plain Single Bowl Kitchen Sink, Stainless Steel - Matt Finish",HomeRun,,4369.0,InStock,0,https://home-run.co/products/nirali-grace-plain-single-bowl-kitchen-sink-stainless-steel-matt-finish,https://cdn.shopify.com/s/files/1/0872/6095/4939/files/ChatGPTImageAug4_2026_08_38_57PM.webp?v=1785901193
homerun,U7C9K,"Europa Main Door Lock Hexabolt H341 AB/SN, Single Door",Europa,,4282.0,InStock,0,https://home-run.co/products/europa-main-door-lock-hexabolt-h341-ab-sn,https://cdn.shopify.com/s/files/1/0872/6095/4939/files/2_4.jpg?v=1746451264
homerun,WGXDG,"CP Plus 4MP IP Bullet Camera, 3.6mm Lens - CP-UNC-TA41L3C-Q-0360",HomeRun,,4250.0,InStock,0,https://home-run.co/products/cp-plus-4mp-ip-bullet-camera-3-6mm-lens,https://cdn.shopify.com/s/files/1/0872/6095/4939/files/d1f50dbf-49e5-4922-b965-eb025b8f2c74_1.webp?v=1785414610
homerun,4UN55,"Finolex CAT 6 Lite LAN Cable, 100m Coil",Finolex,,4249.0,InStock,0,https://home-run.co/products/finolex-cat6-lan-cable-100m-coil,https://cdn.shopify.com/s/files/1/0872/6095/4939/files/finolex_cat6_lite_cable.webp?v=1782995236
homerun,MUURA,Godrej Centaur Ultra+ 1CK Latchbolt,Godrej,,4237.0,InStock,0,https://home-run.co/products/godrej-centaur-ultra-1ck-latchbolt,https://cdn.shopify.com/s/files/1/0872/6095/4939/files/godrej-centaur-rim-lock.jpg?v=1746799480
homerun,AYKRC,Atomberg Renesa Halo Smart 1200mm BLDC Ceiling Fan with IoT & Remote,Atomberg,,4199.0,InStock,0,https://home-run.co/products/tomberg-renesa-halo-smart-alexa-enabled-1200mm-bldc-ceiling-fan-with-remote-bee-5-star-high-air-delivery-led-speed-indicator-3-year-warranty,https://cdn.shopify.com/s/files/1/0872/6095/4939/files/1Atomberg_Renesa_Halo_Smart_main_ae67c3d3-b035-46c1-9de4-1921eeb6cba4.webp?v=1781081422
homerun,SSSJ3,"CP Plus 4MP IP Dome Camera with Mic, 2.8mm Lens - CP-UNC-DA41L3C-Q",HomeRun,,4150.0,InStock,0,https://home-run.co/products/cp-plus-4mp-ip-dome-camera-with-mic-2-8mm-lens,https://cdn.shopify.com/s/files/1/0872/6095/4939/files/384c954d-ed85-4d09-8a57-e88e99eecc6c.webp?v=1785412707
homerun,WMC7R,"Powerbilt PBT-RH-26 Heavy Duty Rotary Hammer, 1600W, 26mm (1.02"")",HomeRun,,3999.0,InStock,0,https://home-run.co/products/powerbilt-pbt-rh-26-heavy-duty-rotary-hammer-1600w-26mm,https://cdn.shopify.com/s/files/1/0872/6095/4939/files/Powerbilt_PBT-RH-26_Heavy_Duty_Rotary_Hammer_1600W_26mm_1.02.webp?v=1785503149
homerun,RC6JM,Futura Dura single Bowl Square Series Stainless Steel Sink,HomeRun,,3996.0,InStock,0,https://home-run.co/products/futura-dura-single-bowl-square-series-stainless-steel-sink-21-x-18-x-8-inches,https://cdn.shopify.com/s/files/1/0872/6095/4939/files/6_f7f356a4-ace2-4a11-b4a2-8b4988ac51a0.webp?v=1787142080
homerun,KHGMN,"Powder Coated 5 Shelf Slotted Angle Storage Rack, 6ft x 3ft x 1ft, Mild Steel, Blue & White, 30 kg per Shelf",HomeRun,,3989.0,InStock,0,https://home-run.co/products/powder-coated-5-shelf-slotted-angle-storage-rack-6ft-x-3ft-x-1ft-mild-steel-blue-white-30-kg-per-shelf,https://cdn.shopify.com/s/files/1/0872/6095/4939/files/ChatGPTImageAug10_2026_10_42_41PM_2.png?v=1786426978
homerun,8F9H6,"Powder Coated 5 Shelf Slotted Angle Storage Rack, 6ft x 3ft x 1ft, Mild Steel, Orange & White, 30 kg per Shelf",HomeRun,,3979.0,InStock,0,https://home-run.co/products/powder-coated-5-shelf-slotted-angle-storage-rack-6ft-x-3ft-x-1ft-mild-steel-orand-white-30-kg-per-shelf,https://cdn.shopify.com/s/files/1/0872/6095/4939/files/OpenAIPlayground2026-08-27at11.09.24.webp?v=1787809241
homerun,PPZCM,CP Plus 4 Channel DVR - CP-UVR-0401E1V-I,HomeRun,,3929.0,InStock,0,https://home-run.co/products/cp-plus-4-channel-dvr,https://cdn.shopify.com/s/files/1/0872/6095/4939/files/22262753-68e4-43b6-96dd-aed5379837ac.webp?v=1785415451
homerun,HCDUE,"Finolex Speaker Cable, 100m Coil",Finolex,,3893.0,InStock,0,https://home-run.co/products/finolex-speaker-cable,https://cdn.shopify.com/s/files/1/0872/6095/4939/files/ChatGPT_Image_Jul_12_2026_09_51_00_PM.png?v=1783873295
homerun,AC45G,Dongcheng Impact Wrench 1/2 inch - DPB12,HomeRun,,3878.0,InStock,0,https://home-run.co/products/dongcheng-impact-wrench-1-2-inch-dpb12,https://cdn.shopify.com/s/files/1/0872/6095/4939/files/ChatGPTImageAug14_2026_11_04_57AM.webp?v=1786685716
homerun,6Q7XV,"Schneider Electric Acti9 TPN DB, Double Door",Schneider,,3866.0,InStock,0,https://home-run.co/products/schneider-electric-acti9-tpn-db,https://cdn.shopify.com/s/files/1/0872/6095/4939/files/4_ways.png?v=1758192955
homerun,BXRLQ,Zebronics Z-EE22HD 22 Inch LED Monitor,HomeRun,,3799.0,InStock,0,https://home-run.co/products/zebronics-z-ee22hd-22-inch-led-monitor,https://cdn.shopify.com/s/files/1/0872/6095/4939/files/Gemini_Generated_Image_9rb8de9rb8de9rb8.webp?v=1786981685
homerun,AM425,Bosch Professional GSR 120 Li Cordless Drill Driver,HomeRun,,3775.0,InStock,0,https://home-run.co/products/bosch-professional-gsr-120-li-cordless-drill-driver,https://cdn.shopify.com/s/files/1/0872/6095/4939/files/BOSCHGSR120Li-1.jpg?v=1784209405
homerun,XR8PZ,"Asian Paints SmartCare Damp Sheath Exterior Advanced Waterproofing Primer, 20L",Asian Paints,,3750.0,InStock,0,https://home-run.co/products/damp-sheath-exterior-advanced,https://cdn.shopify.com/s/files/1/0872/6095/4939/files/Group62.webp?v=1787810689
homerun,2MY47,"Action Tesa Boilo Board, Plain, 8'x4'",Action Tesa,,3707.0,InStock,0,https://home-run.co/products/action-tesa-boilo-board-plain-8-x4,https://cdn.shopify.com/s/files/1/0872/6095/4939/files/WhatsApp_Image_2026-05-08_at_21.50.06.jpg?v=1778260078
homerun,B9V37,"Europa Parma V321 Main Door Lock – 14-Pin Dimple Key, 3 Deadbolts, Single and Double Door",Europa,,3648.0,InStock,0,https://home-run.co/products/europa-parma-v321-main-door-lock-14-pin-dimple-key-3-deadbolts-single-and-double-door,https://cdn.shopify.com/s/files/1/0872/6095/4939/files/41UMpovFGvL.jpg?v=1747370625
homerun,YWPQV,Atomberg Renesa Prime Crest 1200mm BLDC Ceiling Fan with Remote,Atomberg,,3609.0,InStock,0,https://home-run.co/products/atomberg-renesa-prime-crest-smart-1200mm-bldc-ceiling-fan-with-iot-remote,https://cdn.shopify.com/s/files/1/0872/6095/4939/files/Renesa_crest_Desert_Pearl_1bd2ca37-a25b-48a3-ae66-c997c99f3e1f.webp?v=1780645015
homerun,EZ5DF,"Asian Paints TruCare Exterior Wall Primer, Water Thinnable, 20 Litre Bucket",Asian Paints,,3600.0,InStock,0,https://home-run.co/products/asian-paints-trucare-exterior-wall-primer-water-thinnable-20-litre-bucket,https://cdn.shopify.com/s/files/1/0872/6095/4939/files/Group78.webp?v=1787818183
homerun,QBGZ7,"Dongcheng DZE03 110mm (4"") Marble Cutting Machine, 1050W",HomeRun,,3599.0,InStock,0,https://home-run.co/products/dongcheng-110mm-marble-cutting-machine-1050w,https://cdn.shopify.com/s/files/1/0872/6095/4939/files/Dongcheng_DZE03_110mm_4_Marble_Cutting_Machine_1050W.webp?v=1785503349
homerun,53MEE,"AO Smith Instant Water Heater, FAST-ON 3kW - 3L",HomeRun,,3595.0,InStock,0,https://home-run.co/products/ao-smith-instant-water-heater-fast-on-3kw,https://cdn.shopify.com/s/files/1/0872/6095/4939/files/ao-smith-fast-on-white.webp?v=1785407094
homerun,4UGRX,"Havells Lifeline FR Wire, 180m",Havells,,3569.0,InStock,0,https://home-run.co/products/havells-lifeline-plus-s3-fr-wire,https://cdn.shopify.com/s/files/1/0872/6095/4939/files/red_Havells_Lifeline_FR_PVC_Insulated_Flexible_Cable_180m.webp?v=1782989622
homerun,749J9,"Supreme Duraprotector-xf Floor Protection Sheet, 2mm Thick X 4.3ft Wide X 30m/98.5ft Long Roll",Supreme,,3500.0,InStock,0,https://home-run.co/products/supreme-duraprotector-floor-protection-sheet,https://cdn.shopify.com/s/files/1/0872/6095/4939/files/IMG_20260518_131139_Supreme_Duraprotector-xf_Floor_Protection_Sheet.webp?v=1779259720
homerun,4RDB4,Godrej Tribolt Ultra Locks,Godrej,,3474.0,InStock,0,https://home-run.co/products/godrej-rim-lock-tribolt-ultra-locks,https://cdn.shopify.com/s/files/1/0872/6095/4939/files/Screenshot_2025-05-10_at_10.08.37_AM.png?v=1746851969
homerun,LX7CC,"CP Plus 2MP IP Bullet Camera with Audio, 3.6mm Lens - CP-UNC-TA21L3C-Q-0360",HomeRun,,3430.0,InStock,0,https://home-run.co/products/cp-plus-2mp-ip-bullet-camera-with-audio-3-6mm-lens,https://cdn.shopify.com/s/files/1/0872/6095/4939/files/d1f50dbf-49e5-4922-b965-eb025b8f2c74.png?v=1785413800
homerun,ALZ2J,CP Plus 2MP IP Dome Camera - CP-UNC-DA21L3C-Q,HomeRun,,3380.0,InStock,0,https://home-run.co/products/cp-plus-2mp-ip-dome-camera-2-8mm-lens,https://cdn.shopify.com/s/files/1/0872/6095/4939/files/db0ada61-f18c-4e7a-bd6d-f842c4523d24.webp?v=1785412296
homerun,JPS9C,"Base Finish 5 Shelf Slotted Angle Storage Rack, 6ft x 3ft x 1ft, Mild Steel, 30 kg per Shelf",HomeRun,,3349.0,InStock,0,https://home-run.co/products/base-finish-5-shelf-slotted-angle-storage-rack-6ft-x-3ft-x-1ft-mild-steel-30-kg-per-shelf,https://cdn.shopify.com/s/files/1/0872/6095/4939/files/OpenAIPlayground2026-08-27at10.54.41.webp?v=1787808361
homerun,8STP6,Anchor Panasonic Fireguard FR-LSH Wire 180 Meters,Anchor,,3339.0,InStock,0,https://home-run.co/products/anchor-panasonic-fireguard-fr-lsh-wire,https://cdn.shopify.com/s/files/1/0872/6095/4939/files/ChatGPT_Image_Jul_10_2026_12_49_19_PM.png?v=1783668228
homerun,GQZ4W,"Hettich Wicker Basket with 19mm wide Beech Runners, 500mm Depth",Hettich,,3324.0,InStock,0,https://home-run.co/products/hettich-wicker-basket-beech-runner-premium,https://cdn.shopify.com/s/files/1/0872/6095/4939/files/Hettich_Wicker_Basket_with_19mm_wide_Beech_Runners_500mm_Depthf.webp?v=1782382633
homerun,KJVBA,"Ebco Cutlery Kitchen Basket, SS304, 80mm (H) X 505mm (D), 3.2"" X 20""",Ebco,,3324.0,InStock,0,https://home-run.co/products/ebco-cutlery-kitchen-basket,https://cdn.shopify.com/s/files/1/0872/6095/4939/files/right-angle-basket-dp-img-1-1x1-1.jpg?v=1741850843
homerun,K5RPX,"Makita M0801B 500W Corded Hammer Drill | 13mm Chuck, Concrete 16mm, 0-48000 BPM",HomeRun,,3291.0,InStock,0,https://home-run.co/products/makita-m0801b-500w-corded-hammer-drill-13mm-chuck-concrete-16mm-0-48000-bpm,https://cdn.shopify.com/s/files/1/0872/6095/4939/files/M0801B.webp?v=1786800234
homerun,JC8T8,"Jaquar Concealed Body for Wall Mounted Basin Mixer - Valve Only, ALD-CHR-233N",Jaquar,,3257.0,InStock,0,https://home-run.co/products/jaquar-concealed-body-for-wall-mounted-basin-mixer-valve-only,https://cdn.shopify.com/s/files/1/0872/6095/4939/files/homerunALD-CHR-233N.webp?v=1782365720
homerun,N9EKD,"Asian Paints TruCare Interior Wall Primer, Water Thinnable, 20 Litre Bucket",Asian Paints,,3250.0,InStock,0,https://home-run.co/products/asian-paints-trucare-interior-20-l-wall-primer,https://cdn.shopify.com/s/files/1/0872/6095/4939/files/Group68.webp?v=1787813072
homerun,SQW2A,"Asian Paints SmartCare Damp Sheath Interior Advanced Waterproofing Primer, 20L",Asian Paints,,3250.0,InStock,0,https://home-run.co/products/smartcare-sheath-interior-advanced-waterproofing-primer-20l,https://cdn.shopify.com/s/files/1/0872/6095/4939/files/Group60_1.webp?v=1787751565
homerun,XC7FL,Dongcheng Air Blower / Blower Vacuum - DQF32,HomeRun,,3208.0,InStock,0,https://home-run.co/products/dongcheng-air-blower-blower-vacuum-dqf32,https://cdn.shopify.com/s/files/1/0872/6095/4939/files/ChatGPTImageAug14_2026_12_14_48PM.webp?v=1786689912
homerun,RLU3X,"Hettich InnoTech Tandem Box, Silver, 470mm, 30Kg, Full Set",Hettich,,3065.0,InStock,0,https://home-run.co/products/hettich-innotech-tandem-box-silver-470mm-30kg-full-set,https://cdn.shopify.com/s/files/1/0872/6095/4939/files/1_Hettich_InnoTech_Tandem_Box_Silver_470mm_main_image.webp?v=1776168853
homerun,PQ7RC,"Ebco Eurolift Bi-Fold Door System, Soft Close, Anthracite",Ebco,,3027.0,InStock,0,https://home-run.co/products/ebco-eurolift-bi-fold-door-system-600mm-720mm,https://cdn.shopify.com/s/files/1/0872/6095/4939/files/Kitchen-Bi-Fold-1.jpg?v=1747310421
homerun,75LHR,Hettich Cargo Dish Drainer Set,Hettich,,2994.0,InStock,0,https://home-run.co/products/hettich-cargo-dish-drainer-set,https://cdn.shopify.com/s/files/1/0872/6095/4939/files/9206160_kdqvlkyx34ptxnin.jpg?v=1739275856
homerun,TXTYV,Jaquar Concealed Body for Single Lever Diverter,Jaquar,,2981.0,InStock,0,https://home-run.co/products/jaquar-concealed-body-for-single-lever-diverter,https://cdn.shopify.com/s/files/1/0872/6095/4939/files/Jaquar_Concealed_Body_for_Single_Lever.webp?v=1783666927
homerun,V2PTB,Jaquar Wall Mounted Single Lever Basin Mixer,Jaquar,,2944.0,InStock,0,https://home-run.co/products/jaquar-fusion-wall-mounted-single-lever-basin-mixer,https://cdn.shopify.com/s/files/1/0872/6095/4939/files/29233NK2.webp?v=1786951196
homerun,MB8PY,"Jaquar Fusion Prime Sink Cock, Wall Mount, FUP-CHR-29347PM",Jaquar,,2907.0,InStock,0,https://home-run.co/products/jaquar-fusion-prime-sink-cock-fup-chr-29347pm-wall-mount,https://cdn.shopify.com/s/files/1/0872/6095/4939/files/Jaquar_Fusion_Prime_Sink_Cock_FUP-CHR-29347PM_Wall_Mount.webp?v=1784200633
homerun,JXREL,"Crompton Solarium Neo, 3000W Instant Water Heater",Crompton,,2899.0,InStock,0,https://home-run.co/products/crompton-solarium-neo-3000w-instant-water-heater-5l,https://cdn.shopify.com/s/files/1/0872/6095/4939/files/Crompton_Solarium_Neo.webp?v=1782116785
homerun,CL8MJ,"Greenply Absolute Calibrated, 16mm, Plywood, 8 x 4",Greenply,,2869.0,InStock,0,https://home-run.co/products/greenply-absolute-16mm-calibrated-plywood-bwp-mr-303-grade-precision-engineered-for-modular-furniture,https://cdn.shopify.com/s/files/1/0872/6095/4939/files/Green-absolute-plywood.webp?v=1777984649
homerun,ZVXMR,"Asian Paints TruCare Economy Multipurpose Putty Mixer M02, 800W High-Torque Rotary Tool",Asian Paints,,2800.0,InStock,0,https://home-run.co/products/asian-paints-trucare-economy-multipurpose-putty-mixer-m02-800w-high-torque-rotary-tool,https://cdn.shopify.com/s/files/1/0872/6095/4939/files/Asianpaintelectricputtymixer.png?v=1773667634
homerun,3GWGW,"Makita M0900B 540W Angle Grinder | 100mm (4"") Disc, 12000 RPM",HomeRun,,2768.0,InStock,0,https://home-run.co/products/makita-m0900b-540w-angle-grinder-100mm-4-disc-12000-rpm,https://cdn.shopify.com/s/files/1/0872/6095/4939/files/M0900B.webp?v=1786800316
homerun,4WLMJ,"Europa Main Door Lock Antique Brass/Nickel Steel, Single Door Lock",Europa,,2714.0,InStock,0,https://home-run.co/products/europa-main-door-lock-8113-antique-brass-nickel-steel,https://cdn.shopify.com/s/files/1/0872/6095/4939/files/2_2.jpg?v=1746762854
homerun,TV29C,"Hettich Waste-Bin.It Classic, 13 Litres Capacity, 9343581",Hettich,,2710.0,InStock,0,https://home-run.co/products/hettich-waste-bin-it-classic-13-litres-capacity,https://cdn.shopify.com/s/files/1/0872/6095/4939/files/WasteBinSS.jpg?v=1727174630
homerun,8DLET,"Jaquar Florentine Prime Sink Cock, FLP-CHR-5347PMD, Wall Mount",Jaquar,,2705.0,InStock,0,https://home-run.co/products/jaquar-florentine-prime-sink-cock-flp-chr-5347pmd-wall-mount,https://cdn.shopify.com/s/files/1/0872/6095/4939/files/Jaquar_Florentine_Prime_Sink_Cock_FLP-CHR-5347PMD_Wall_Mount.webp?v=1784199461
homerun,XUUQR,"Bosch Professional GWS Corded Angle Grinder, 100mm (4"") Disc",HomeRun,,2699.0,InStock,0,https://home-run.co/products/bosch-professional-gws-corded-angle-grinder-100mm-disc,https://cdn.shopify.com/s/files/1/0872/6095/4939/files/Bosch_Professional_GWS_Corded_Angle_Grinder_100mm_Disc_071cbc82-6890-4bca-867b-c628794cc4dc.webp?v=1782816516
homerun,C8596,"Futura MIRANO-03C Stainless Steel Chrome Finish Rotatable Faucet, Table Mount",HomeRun,,2663.0,InStock,0,https://home-run.co/products/futura-fa-03c-stainless-steel-chrome-finish-rotatable-faucet,https://cdn.shopify.com/s/files/1/0872/6095/4939/files/final3.webp?v=1787159606
homerun,NKZVB,Dongcheng Electric Drill 6mm - DJZ02-6A,HomeRun,,2632.0,InStock,0,https://home-run.co/products/dongcheng-electric-drill-6mm-djz02-6a,https://cdn.shopify.com/s/files/1/0872/6095/4939/files/ChatGPTImageAug14_2026_11_30_32AM.webp?v=1786687300
homerun,XZ68U,Ebco Kitchen Plate Tray with Rod Supports and Anchor Kit,Anchor,,2541.0,InStock,0,https://home-run.co/products/ebco-kitchen-plate-tray-with-rod-supports-and-anchor-kit,https://cdn.shopify.com/s/files/1/0872/6095/4939/files/plate-tray-glass-tray-drip-tray-600x600-1.jpg?v=1740638629
homerun,7T9SP,"Makita M0600B 400W Corded Drill | 10mm Chuck, Steel 10mm / Wood 20mm",HomeRun,,2536.0,InStock,0,https://home-run.co/products/makita-m0600b-400w-corded-drill-10mm-chuck-steel-10mm-wood-20mm,https://cdn.shopify.com/s/files/1/0872/6095/4939/files/M0600B.webp?v=1786800088
homerun,GUMG7,LOCTITE Waterproof Synthetic Resin Adhesive,HomeRun,,2534.0,InStock,0,https://home-run.co/products/loctite-waterproof-synthetic-resin-adhesive,https://cdn.shopify.com/s/files/1/0872/6095/4939/files/adhesive_waterproof.webp?v=1782481108
homerun,3FU76,Jaquar Bath Tub Spout with Button attachment for Hand Shower with Wall Flange,Jaquar,,2530.0,InStock,0,https://home-run.co/products/jaquar-bath-tub-spout-with-button-attachment-for-hand-shower-with-wall-flange,https://cdn.shopify.com/s/files/1/0872/6095/4939/files/0067137_bathtub-spout-chrome_960.webp?v=1787569141
homerun,4XL6B,Dongcheng Impact Drill 13mm (plastic body) - DZJ02-13,HomeRun,,2508.0,InStock,0,https://home-run.co/products/dongcheng-impact-drill-13mm-plastic-body-dzj02-13,https://cdn.shopify.com/s/files/1/0872/6095/4939/files/ChatGPTImageAug14_2026_10_59_03AM.webp?v=1786685359
homerun,AW64D,"DongCheng DCJZ1202E 12V Cordless Drill Driver, 10mm (0.4""), 35Nm, 2-Speed with 2 Batteries",HomeRun,,2499.0,InStock,0,https://home-run.co/products/dongcheng-dcjz1202e-12v-cordless-drill-driver-10mm-35nm-2-speed-with-2-batteries,https://cdn.shopify.com/s/files/1/0872/6095/4939/files/DongChengDCJZ1202E12VCordlessDrillDriver_10mm_35Nm_2-Speedwith2Batteries.png?v=1784718284
homerun,5H4ND,"Powerbilt PBT-AG4-1100 Heavy Duty Angle Grinder, 1100W, 100mm (4"")",HomeRun,,2499.0,InStock,0,https://home-run.co/products/powerbilt-pbt-ag4-1100-heavy-duty-angle-grinder-1100w-100mm,https://cdn.shopify.com/s/files/1/0872/6095/4939/files/Powerbilt_PBT-AG4-1100_Heavy_Duty_Angle_Grinder_1100W_100mm_4.webp?v=1785503256
homerun,WFV8Z,Zebronics Zeb-V19HD 18.5 Inch LED Monitor,HomeRun,,2499.0,InStock,0,https://home-run.co/products/zebronics-zeb-v19hd-18-5-inch-led-monitor,https://cdn.shopify.com/s/files/1/0872/6095/4939/files/ChatGPTImageAug18_2026_11_47_48AM.webp?v=1787033951
homerun,GFMBD,Crompton Energion Elevate 1200mm BLDC Ceiling Fan,Crompton,,2449.0,InStock,0,https://home-run.co/products/crompton-energion-elevate-1200mm-bldc-ceiling-fan,https://cdn.shopify.com/s/files/1/0872/6095/4939/files/1_Crompton_Energion_Elevate_bldc_brown_main.webp?v=1781080103
homerun,2HGJM,"Ebco Pro Motion Tandem Box, S3 Series, 50Kg, Full Set, Anthracite",Ebco,,2447.0,InStock,0,https://home-run.co/products/ebco-pro-motion-tandem-box-s3-series-full-set,https://cdn.shopify.com/s/files/1/0872/6095/4939/files/1_Ebco_Pro_Motion_Tandem_Box_S3_main_image.webp?v=1776164476
homerun,G4WXZ,"Ebco Pro Lift Bed Fitting - Extended Arm Set, Heavy Duty, PLBF-EF-E-HD",Ebco,,2411.0,InStock,0,https://home-run.co/products/ebco-pro-lift-bed-hydraulic-extended-arm-heavy-duty,https://cdn.shopify.com/s/files/1/0872/6095/4939/files/1_Ebco_Pro_Lift_Bed_Fitting_Easy_Fit_main_image_a.webp?v=1778310493
homerun,YSP85,"Hettich Cargo IQ 300 Bottle Pull Out, 2 Tier",Hettich,,2394.0,InStock,0,https://home-run.co/products/hettich-cargo-iq-300-bottle-pull-out-2-tier,https://cdn.shopify.com/s/files/1/0872/6095/4939/files/9191708_66l3av7bgvzzvtpe.jpg?v=1726747022
homerun,Y2DXG,"Jaquar Florentine Prime Kitchen Sink Cock, Chrome",Jaquar,,2364.0,InStock,0,https://home-run.co/products/jaquar-florentine-prime-kitchen-sink-cock-wall-mount-table-mount-chrome,https://cdn.shopify.com/s/files/1/0872/6095/4939/files/r1JaquarFlorentinePrimeKitchenSinkCock.webp?v=1782477214
homerun,TM2MX,Jaquar High-Flow Single Lever Diverter Exposed Parts Kit,Jaquar,,2309.0,InStock,0,https://home-run.co/products/jaquar-high-flow-single-lever-diverter-exposed-parts-kit,https://cdn.shopify.com/s/files/1/0872/6095/4939/files/ALI-CHR-85079NK2.webp?v=1786960640
homerun,PZC8D,"Fosroc Brushbond Grey Two-Component Cementitious Waterproofing Coating, 27.28kg Kit",HomeRun,,2300.0,InStock,0,https://home-run.co/products/fosroc-brushbond-grey-two-component-cementitious-waterproofing-coating-27-28kg-kit,https://cdn.shopify.com/s/files/1/0872/6095/4939/files/FOSROCBRUSHBONDGREY_27.28kg_ContactCement_27.28L.webp?v=1784529252
homerun,VPQJ9,"Jaquar Florentine Prime 2 Way Bib Cock with Wall Flange, FLP-CHR-5041PM",Jaquar,,2299.0,InStock,0,https://home-run.co/products/jaquar-florentine-prime-2-way-bib-cock-with-wall-flange,https://cdn.shopify.com/s/files/1/0872/6095/4939/files/Jaquar_Florentine_Prime_2_Way_Bib_Cock_with_Wall_Flange.webp?v=1740039937
homerun,4ARE2,Greenply Gold 710 BWP Plywood,Greenply,,2258.0,InStock,0,https://home-run.co/products/greenply-gold-710-bwp-plywood,https://cdn.shopify.com/s/files/1/0872/6095/4939/files/WhatsApp_Image_2026-05-08_at_21.31.34.jpg?v=1778258871
homerun,4GV94,"Jaquar Ornamix Prime Bath Tub Spout with Wall Flange, SPJ-CHR-10429PM",Jaquar,,2254.0,InStock,0,https://home-run.co/products/jaquar-ornamix-prime-bath-tub-spout-with-wall-flange,https://cdn.shopify.com/s/files/1/0872/6095/4939/files/SPJ-CHR-10429PM.webp?v=1782377724
homerun,LZA9V,Century Club Prime BWP Marine Plywood,Century,,2251.0,InStock,0,https://home-run.co/products/century-club-prime-bwp-marine-plywood,https://cdn.shopify.com/s/files/1/0872/6095/4939/files/WhatsApp_Image_2026-05-08_at_21.32.59_1.jpg?v=1778258982
homerun,HPW58,"Birla White Activcoat Exterior Primer, 20 Litre Bucket",Birla White,,2250.0,InStock,0,https://home-run.co/products/birla-white-activcoat-exterior-primer-20-litre-bucket,https://cdn.shopify.com/s/files/1/0872/6095/4939/files/OpenAIPlayground2026-08-27at16.32.20.webp?v=1787828757
homerun,787UW,Polycab Maxima+ Green Wire HR FR-LSH LF,Polycab,,2222.0,InStock,0,https://home-run.co/products/polycab-maxima-green-wire-hr-fr-lsh-lf,https://cdn.shopify.com/s/files/1/0872/6095/4939/files/PC_Maxima_90m-red_55af1f60-f5ce-4d56-8413-ad656ba39e11.png?v=1758173499
homerun,6TVBS,"Schneider Acti9 Residual Current Circuit Breaker, RCCB",Schneider,,2219.0,InStock,0,https://home-run.co/products/schneider-residual-current-circuit-breakerrccb,https://cdn.shopify.com/s/files/1/0872/6095/4939/files/2p_25a_eb489d5b-be2e-4311-82a1-efb8f09c24a5.webp?v=1774590534
homerun,6XVJG,Havells Life Guard FR-LSH Wire,Havells,,2199.0,InStock,0,https://home-run.co/products/havells-lifeguard-fr-lsh-wire,https://cdn.shopify.com/s/files/1/0872/6095/4939/files/HLG90m-red.png?v=1758190712
homerun,YDGLS,LOCTITE Universal Synthetic Resin Adhesive,HomeRun,,2164.0,InStock,0,https://home-run.co/products/loctite-universal-synthetic-resin-adhesive,https://cdn.shopify.com/s/files/1/0872/6095/4939/files/adhesive_universal.webp?v=1782481160
homerun,6J4NL,"Dongcheng 100mm (4"") Angle Grinder, 13000 RPM",HomeRun,,2159.0,InStock,0,https://home-run.co/products/dongcheng-100mm-angle-grinder-13000-rpm,https://cdn.shopify.com/s/files/1/0872/6095/4939/files/Dongcheng100mmAngleGrinder_13000RPM-900W.webp?v=1784712955
homerun,DMVW7,Parryware Premium Tabletop Ceramic Bowl Basin,Parryware,,2147.6,InStock,0,https://home-run.co/products/parryware-premium-tabletop-ceramic-bowl-basin,https://cdn.shopify.com/s/files/1/0872/6095/4939/files/jordon_bowl_basin.webp?v=1783750626
homerun,NMN2W,"Finolex Gen Z (3+1) CCTV Cable, 90m",Finolex,,2129.0,InStock,0,https://home-run.co/products/finolex-gen-z-3-1-cctv-cable-90m,https://cdn.shopify.com/s/files/1/0872/6095/4939/files/Finolex_Gen_Z_3_1_CCTV_Cable_90m.webp?v=1781853984
homerun,NW632,"Havells Life Line Plus S3 FR Wire, 90m",Havells,,2129.0,InStock,0,https://home-run.co/products/havells-life-line-plus-s3-fr-wire-90m,https://cdn.shopify.com/s/files/1/0872/6095/4939/files/red_Havells_Life_Line_Plus_S3_FR_Wire_90m.webp?v=1782977377
homerun,YP8ZM,"Jaquar Continental Table Top Basin | White, 425x340x175mm | CNS-WHT-903",Jaquar,,2116.0,InStock,0,https://home-run.co/products/jaquar-continental-table-top-basin-white-425x340x175mm-cns-wht-903,https://cdn.shopify.com/s/files/1/0872/6095/4939/files/0009725_table-top-basin_960.webp?v=1785760379
homerun,L8QZC,Polycab Optima+ Wire LF FR,Polycab,,2112.0,InStock,0,https://home-run.co/products/polycab-optima-wire-lf-fr,https://cdn.shopify.com/s/files/1/0872/6095/4939/files/Polycab_Optima_Wire_LF_FR_1.webp?v=1783402676
homerun,683EL,"Europa Jemmy Proof Lock – J320, 14-Pin Dimple Key, 2 Deadbolts, Single, Double and Sliding Doors",Europa,,2063.0,InStock,0,https://home-run.co/products/uropa-jemmy-proof-lock-j320-14-pin-dimple-key-2-deadbolts-single-double-and-sliding-doors,https://cdn.shopify.com/s/files/1/0872/6095/4939/files/EUROPAJ320.jpg?v=1747372141
homerun,29ZVW,"MYK Laticrete DWA 215 Tile Adhesive, 10 Kg",Myk Laticrete,,2025.0,InStock,0,https://home-run.co/products/myk-laticrete-dwa-215-tile-adhesive-10-kg,https://cdn.shopify.com/s/files/1/0872/6095/4939/files/MYKLaticreteDWA215TileAdhesive_10Kg.webp?v=1782463700
homerun,4CKMF,"Ebco Anti Skid Mat 5, Anthracite, Cross, 5m (L) X 51cm (W), 16.4' X 20"", ASM5-ATC",Ebco,,2012.0,InStock,0,https://home-run.co/products/ebco-anti-skid-mat-5-anthracite-cross,https://cdn.shopify.com/s/files/1/0872/6095/4939/files/IMG_20260518_123448_Ebco_Anti_Skid_Mat_5_Anthracite_Cross_Size_5m_X_51cm_ASM5-ATC_aa.webp?v=1779178786
homerun,ALKSU,"Ebco Thali Kitchen Basket, SS304, 200mm (H) X 505mm (D), 8"" X 20""",Ebco,,1995.0,InStock,0,https://home-run.co/products/ebco-thali-kitchen-basket,https://cdn.shopify.com/s/files/1/0872/6095/4939/files/tHALI-1.jpg?v=1741774869
homerun,Y7G4R,Jaquar Premium Wall Mounted Bathtub Spout with Wall Flange,Jaquar,,1978.0,InStock,0,https://home-run.co/products/jaquar-premium-wall-mounted-bathtub-spout-with-wall-flange,https://cdn.shopify.com/s/files/1/0872/6095/4939/files/Opal_Prime_SPJ-CHR-15429PM.webp?v=1786964878
homerun,ATRTX,"Ebco Plate Kitchen Basket, SS304, 150mm (H) X 505mm (D), 6"" X 20""",Ebco,,1973.0,InStock,0,https://home-run.co/products/ebco-plate-kitchen-basket,https://cdn.shopify.com/s/files/1/0872/6095/4939/files/tHALI-1_1.jpg?v=1741775891
homerun,KZLHG,"Ebco Cup & Saucer Kitchen Basket, SS304, 100mm (H) X 505mm (D), 4"" X 20""",Ebco,,1966.0,InStock,0,https://home-run.co/products/ebco-cup-saucer-kitchen-basket,https://cdn.shopify.com/s/files/1/0872/6095/4939/files/right-angle-basket-cup-saucer-600x600.jpg?v=1741775414
homerun,R9VK6,V-Guard VG 400 for 1.5 Ton AC (170V to 270V) Voltage Stabilizer,HomeRun,,1949.0,InStock,0,https://home-run.co/products/v-guard-vg-400-for-1-5-ton-ac-170v-to-270v-voltage-stabilizer,https://cdn.shopify.com/s/files/1/0872/6095/4939/files/Vguard.webp?v=1782108765
homerun,3WHUT,Anchor Panasonic Advance FR Wire 90 Meters,Anchor,,1945.0,InStock,0,https://home-run.co/products/anchor-panasonic-advance-fr-wire,https://cdn.shopify.com/s/files/1/0872/6095/4939/files/ChatGPT_Image_Aug_24_2026_01_16_03_PM.png?v=1787557590
homerun,4TRD9,"Jaquar Lyric Sink Cock, LYR-CHR-38347S, Wall Mount",Jaquar,,1941.0,InStock,0,https://home-run.co/products/jaquar-lyric-sink-cock-lyr-chr-38347s-wall-mount,https://cdn.shopify.com/s/files/1/0872/6095/4939/files/LYR-CHR-38347SLyricWallSinkCock.webp?v=1784199775
homerun,ER66G,"Jaquar Bottle Trap, ALD-CHR-769L300X190",Jaquar,,1940.0,InStock,0,https://home-run.co/products/jaquar-bottle-trap,https://cdn.shopify.com/s/files/1/0872/6095/4939/files/ALD-CHR-769L300X190.jpg?v=1739180054
homerun,JKDB4,Jaquar Sink Cock with Pipe Swinging Spout (Wall Mounted Model) with Wall Flange,Jaquar,,1923.0,InStock,0,https://home-run.co/products/jaquar-sink-cock-with-pipe-swinging-spout-wall-mounted-model-with-wall-flange,https://cdn.shopify.com/s/files/1/0872/6095/4939/files/3_b0fdae92-23b3-4930-9300-7f17c41837ba.webp?v=1786697003
homerun,PFBAG,Greenply Club Flexiply BWP Marine Plywood,Greenply,,1899.0,InStock,0,https://home-run.co/products/greenply-flexiply,https://cdn.shopify.com/s/files/1/0872/6095/4939/files/Greenply_Club_Flexiply_BWP_Marine_Plywood.webp?v=1770119377
homerun,FEGXB,"Ebco Plain Kitchen Basket, SS304",Ebco,,1876.0,InStock,0,https://home-run.co/products/ebco-plain-thali-plate-jar-inlet-basket,https://cdn.shopify.com/s/files/1/0872/6095/4939/files/right-angle-basket-plain-600x600-e1718597029165-450x450-1.jpg?v=1741774480
homerun,5YPV8,Fevicol HI-PER Anti-Bubble Waterproof Adhesive,Fevicol,,1870.0,InStock,0,https://home-run.co/products/pidilite-fevicol-hi-per-anti-bubble-waterproof-adhesive,https://cdn.shopify.com/s/files/1/0872/6095/4939/files/Fevicol_HI-PER_Anti-Bubble_Waterproof_Adhesive_10kg.webp?v=1741004412
homerun,36F3U,"Dongcheng DJZ10A 10mm (0.4"") Electric Drill, 300W",HomeRun,,1869.0,InStock,0,https://home-run.co/products/dongcheng-10mm-electric-drill-300w,https://cdn.shopify.com/s/files/1/0872/6095/4939/files/ChatGPT_Image_Jul_26_2026_09_37_22_PM.png?v=1785443827
homerun,C26KJ,"Fosroc Conplast WL Xtra, Waterproofing Liquid for Concrete and Plaster, 20L",HomeRun,,1850.0,InStock,0,https://home-run.co/products/fosroc-conplast-wl-integral-waterproofing-liquid-compound-20l,https://cdn.shopify.com/s/files/1/0872/6095/4939/files/Fosroc_Conplast_WL_Integral_Waterproofing_Liquid_Compound_20L.webp?v=1784783728
homerun,2SPMZ,Finolex Flamegard FR-LSH Wire,Finolex,,1812.0,InStock,0,https://home-run.co/products/finolex-fr-lsh-wire,https://cdn.shopify.com/s/files/1/0872/6095/4939/files/Flex_Fg_90m-red.png?v=1758186508
homerun,MRVM2,"Ebco Side Pullout, Frameless, SS304",Ebco,,1767.0,InStock,0,https://home-run.co/products/ebco-side-pullout-frameless,https://cdn.shopify.com/s/files/1/0872/6095/4939/files/3_tier_pullout_baasket_ebco.webp?v=1778915204
homerun,USQMS,Finolex Silver FR Wire,Finolex,,1764.0,InStock,0,https://home-run.co/products/finolex-silver-fr-wire,https://cdn.shopify.com/s/files/1/0872/6095/4939/files/Flex-90m-1sqmm-red.png?v=1758180513
homerun,YE5SE,Jaquar ABS Hand Shower,Jaquar,,1760.0,InStock,0,https://home-run.co/products/jaquar-hand-shower,https://cdn.shopify.com/s/files/1/0872/6095/4939/files/Rectangular_HSH-CHR-85537.webp?v=1786973075
homerun,KZZT9,Dongcheng Heat Gun 2000W - DQB2000,HomeRun,,1760.0,InStock,0,https://home-run.co/products/dongcheng-heat-gun-2000w-dqb2000,https://cdn.shopify.com/s/files/1/0872/6095/4939/files/1_1.webp?v=1786690028
homerun,DP6RK,"Ebco Swing Out Waste Bin, Rectangular",Ebco,,1735.0,InStock,0,https://home-run.co/products/ebco-swing-out-waste-bin-rectangular-double,https://cdn.shopify.com/s/files/1/0872/6095/4939/files/eco-swing-out-wastebin-single.webp?v=1740638079
homerun,HH5JR,Greenply Ecotec 710 BWP Plywood,Greenply,,1726.0,InStock,0,https://home-run.co/products/greenply-ecotec-710-bwp-plywood-8x-4,https://cdn.shopify.com/s/files/1/0872/6095/4939/files/WhatsApp_Image_2026-05-08_at_21.29.45.jpg?v=1778256057
homerun,RYSTK,"Futura ELARA-0AA Brass Chrome Finish Rotatable Faucet/Tap, Wall Mount",HomeRun,,1725.0,InStock,0,https://home-run.co/products/futura-fa-0aa-brass-chrome-finish-rotatable-faucet-wall-mount,https://cdn.shopify.com/s/files/1/0872/6095/4939/files/final2.webp?v=1787159025
homerun,LXS4W,"Futura VENZA-0BB Brass Chrome Finish Rotatable Faucet/Tap, Table Mount",HomeRun,,1725.0,InStock,0,https://home-run.co/products/futura-fa-0bb-brass-chrome-finish-rotatable-faucet-tap-table-mount,https://cdn.shopify.com/s/files/1/0872/6095/4939/files/SINKTAPFA-0BBfaucetfutura.webp?v=1784192688
homerun,ZENAC,MYK Laticrete PUA 212 Modified PU Adhesive,Myk Laticrete,,1680.0,InStock,0,https://home-run.co/products/myk-laticrete-pua-212-adhesive,https://cdn.shopify.com/s/files/1/0872/6095/4939/files/1_MYK_PUA212_front.webp?v=1780296502
homerun,5PQ83,Jaquar Diverter Plate,Jaquar,,1674.0,InStock,0,https://home-run.co/products/jaquar-diverter-plate,https://cdn.shopify.com/s/files/1/0872/6095/4939/files/FLP-CHR-5079NKPM.jpg?v=1739180977
homerun,9V2BV,"Finolex RG-6 CCS Axial Cable, 100m",Finolex,,1665.0,InStock,0,https://home-run.co/products/finolex-rg-6f-axial-cable,https://cdn.shopify.com/s/files/1/0872/6095/4939/files/ChatGPTImageAug12_2026_12_25_34PM.webp?v=1786517936
homerun,PH5N2,CP Plus 8 Port PoE Switch - CP-ANW-HPU8H2-N12,HomeRun,,1650.0,InStock,0,https://home-run.co/products/cp-plus-8-port-poe-switch,https://cdn.shopify.com/s/files/1/0872/6095/4939/files/edfdbb7b-bb64-4047-91b1-0320af74968f.webp?v=1785497726
homerun,WUGXR,Mastel MT-300 (N3) AF-790 Pro Wi-Fi Router - MT-300 (N3) AF-790-PRO,HomeRun,,1650.0,InStock,0,https://home-run.co/products/mastel-mt-300-n3-af-790-pro-wi-fi-router,https://cdn.shopify.com/s/files/1/0872/6095/4939/files/MastelMT-300_N3_AF-790ProWi-FiRouter-MT-300_N3_AF-790-PRO_1.webp?v=1785498307
homerun,MHHQU,Century Sainik 710 BWP Marine Plywood,Century,,1640.0,InStock,0,https://home-run.co/products/century-sainik-710-bwp-marine-plywood,https://cdn.shopify.com/s/files/1/0872/6095/4939/files/WhatsApp_Image_2026-05-08_at_21.30.51_1_1.webp?v=1778256987
homerun,RPJMQ,"Jaquar ABS Hand Shower (Health Faucet), ALD-CHR-573",Jaquar,,1591.0,InStock,0,https://home-run.co/products/jaquar-hand-shower-health-faucet,https://cdn.shopify.com/s/files/1/0872/6095/4939/files/0055695_hand-shower-health-faucet-chrome_960_428473a7-66bc-4b7f-8b6c-c0dbfe3a2874.webp?v=1787484261
homerun,PPCFJ,Crompton Surebreeze Star Drift 1200mm Ceiling Fan,Crompton,,1549.0,InStock,0,https://home-run.co/products/crompton-surebreeze-star-drift-1200-mm-ceiling-fan,https://cdn.shopify.com/s/files/1/0872/6095/4939/files/1_Lustre_Brown_Crompton_Surebreeze_main_094f6cbf-05dc-4920-80dc-8f030bbe06df.webp?v=1781080916
homerun,QU5KN,Bosch 12-Piece Hand Tool Kit for Home,HomeRun,,1549.0,InStock,0,https://home-run.co/products/bosch-12-piece-hand-tool-kit-for-home,https://cdn.shopify.com/s/files/1/0872/6095/4939/files/BOSCH12PcKit-1.jpg?v=1784210733
homerun,5WFH6,Archidply Decor Pure 710 BWP Plywood,Archidply,,1536.0,InStock,0,https://home-run.co/products/archidply-pure-710-bwp-plywood,https://cdn.shopify.com/s/files/1/0872/6095/4939/files/WhatsApp_Image_2026-05-08_at_21.43.27.jpg?v=1778259926
homerun,G3FJX,"Ebco Luminor 8C, Set of Aluminium Heat Sink Profile with Diffusor Profile, Length 3m, LUM8C1",Ebco,,1524.0,InStock,0,https://home-run.co/products/ebco-luminor-8c-set-of-diffusor-profile-with-aluminium-heat-sink-profile,https://cdn.shopify.com/s/files/1/0872/6095/4939/files/led_light_profile_1.webp?v=1784636243
homerun,VWU9E,Century Sainik MR 303 Plywood,Century,,1469.0,InStock,0,https://home-run.co/products/century-sainik-mr-plywood,https://cdn.shopify.com/s/files/1/0872/6095/4939/files/WhatsApp_Image_2026-05-08_at_21.14.04.webp?v=1778255261
homerun,C3AVE,"Schneider Electric Acti9 SPN DB, Double Door",Schneider,,1469.0,InStock,0,https://home-run.co/products/schneider-electric-acti-9-spn-db,https://cdn.shopify.com/s/files/1/0872/6095/4939/files/61GnfSNtrtL._SL1500.jpg?v=1732539897
homerun,2WX8J,"Hettich Quadro-V6 Drawer Runners, Full Extension, 30 Kgs Capacity, Silent System",Hettich,,1463.0,InStock,0,https://home-run.co/products/hettich-quadro-v6-drawer-runners-full-extension-30-kgs-capacity-silent-system,https://cdn.shopify.com/s/files/1/0872/6095/4939/files/1_Hettich_Quadro_channel_v6_main_image_5bf02bfe-9d5e-45ab-a219-16a205e6e8af.webp?v=1775711810
homerun,66X75-1,Jaquar ABS Overhead Shower,Jaquar,,1463.0,InStock,0,https://home-run.co/products/jaquar-overhead-shower,https://cdn.shopify.com/s/files/1/0872/6095/4939/files/Round_100mm_OHS-CHR-1989_a.webp?v=1786957625
homerun,BQV7U,Greenply Ecotec MR 303 Plywood,Greenply,,1432.0,InStock,0,https://home-run.co/products/greenply-ecotec-mr-303-plywood-8x-4,https://cdn.shopify.com/s/files/1/0872/6095/4939/files/WhatsApp_Image_2026-05-08_at_21.16.12_1_96a2767a-c445-4b02-af7f-d722eed3ec80.webp?v=1778255556
homerun,RYGZG,"Ebco Aluminium Profile Shutter Handle, SH1-1935-3M-AB, Anodised Black, 19mm X 35mm, 3m Length",Ebco,,1422.0,InStock,0,https://home-run.co/products/ebco-aluminium-profile-shutter-handle-1935,https://cdn.shopify.com/s/files/1/0872/6095/4939/files/Ebco_Aluminium_Profile_Shutter_Handle_1935_black.webp?v=1777195155
homerun,ATGRU,"Atomberg Efficio 150mm (6"") BLDC Exhaust Fan, 13W, Gloss White",Atomberg,,1409.0,InStock,0,https://home-run.co/products/atomberg-efficio-150mm-bldc-exhaust-fan-13w-gloss-white,https://cdn.shopify.com/s/files/1/0872/6095/4939/files/EfficioExhaustFan.webp?v=1780921288
homerun,HDBSL,"Birla White Activcoat Interior Primer, 20 Litre Bucket",Birla White,,1400.0,InStock,0,https://home-run.co/products/birla-white-activcoat-interior-primer-20-litre-bucket,https://cdn.shopify.com/s/files/1/0872/6095/4939/files/OpenAIPlayground2026-08-27at16.29.07.webp?v=1787828485
homerun,VSE36,"Roff T20 Extrofix Ultra Tile Adhesive, White, 20 Kg Bag",Roff,,1380.0,InStock,0,https://home-run.co/products/roff-t20-extrofix-ultra-floor-wall-tile-adhesive-white-20-kg-bag,https://cdn.shopify.com/s/files/1/0872/6095/4939/files/1_Front_shot_Main_Images_1083e3bc-adda-40a9-b87d-9d6c9c5883c1.webp?v=1775555335
homerun,PB6LV,Archidply Decor Pure Classic Plus MR Plywood (Full Core),Archidply,,1368.0,InStock,0,https://home-run.co/products/archidply-decor-pure-classic-plus-mr-plywood,https://cdn.shopify.com/s/files/1/0872/6095/4939/files/ChatGPTImageAug8_2026_06_43_45PM.webp?v=1786198934
homerun,B9RAF,"Jaquar Premium Concealed Cistern Control Flush Plate, Chrome",Jaquar,,1362.0,InStock,0,https://home-run.co/products/jaquar-premium-concealed-cistern-control-flush-plate,https://cdn.shopify.com/s/files/1/0872/6095/4939/files/Alive_JCP-CHR-852415.webp?v=1786969112
homerun,T8DP9,"MYK Laticrete 335 Super Flex Tile & Stone Adhesive, White, 20 Kg Bag",Myk Laticrete,,1360.0,InStock,0,https://home-run.co/products/myk-laticrete-335-super-flex-tile-adhesive-white-20-kg-bag,https://cdn.shopify.com/s/files/1/0872/6095/4939/files/1_MYK_Laticrete_335_white_main_image_ef88eb98-e49a-4b1b-93b2-cfe308fb5f4b.webp?v=1775651853
homerun,4X3YX,"CP Plus 4 Port PoE Switch, 65W - CP-ANW-HP4H2-N65",HomeRun,,1350.0,InStock,0,https://home-run.co/products/cp-plus-4-port-poe-switch-65w,https://cdn.shopify.com/s/files/1/0872/6095/4939/files/CPPlus4PortPoESwitch_65W-CP-ANW-HP4H2-N65.webp?v=1785496401
homerun,9354Q,"Jaquar Continental Single Towel Rail 600mm Long, ACN-CHR-1111SM",Jaquar,,1334.0,InStock,0,https://home-run.co/products/jaquar-continental-double-arm-wall-mounted-mirror-1,https://cdn.shopify.com/s/files/1/0872/6095/4939/files/ACN-CHR-1111SM.jpg?v=1739188083
homerun,5QL8B,"Ebco Light Adapter Series 2, 24V 24W Power Supply Unit for LED Lights, PSU2-2424-WH",Ebco,,1316.0,InStock,0,https://home-run.co/products/ebco-light-adapter-power-supply-unit-series-2,https://cdn.shopify.com/s/files/1/0872/6095/4939/files/power-supply-unit-2-Copy.jpg?v=1741856526
homerun,5VCH5,Asian Paints SmartCare Damp Proof Advanced,Asian Paints,,1299.0,InStock,0,https://home-run.co/products/asian-paints-smartcare-damproof-advanced-white-water-thinnable-20-litre-bucket,https://cdn.shopify.com/s/files/1/0872/6095/4939/files/Group56.webp?v=1787743311
homerun,P2AJX,Luminous TX100L Trolley for Inverter and Battery (Grey),HomeRun,,1299.0,InStock,0,https://home-run.co/products/luminous-tx100l-trolley-for-inverter-and-battery-grey,https://cdn.shopify.com/s/files/1/0872/6095/4939/files/LUMINOUSTX100LTrolleyforInverterandBattery_Grey.webp?v=1783931791
homerun,783YK,"Jaquar Continental Tissue Paper Holder, ACN-CHR-1153S",Jaquar,,1288.0,InStock,0,https://home-run.co/products/jaquar-continental-tissue-paper-holder,https://cdn.shopify.com/s/files/1/0872/6095/4939/files/ACN-CHR-1153S.jpg?v=1739188907
homerun,JN3EV,"Jaquar Regular Body of Concealed Stop Cock, ALD-CHR-089R",Jaquar,,1270.0,InStock,0,https://home-run.co/products/jaquar-regular-body-of-concealed-stop-cock,https://cdn.shopify.com/s/files/1/0872/6095/4939/files/0009281_regular-body-of-concealed-stop-cock_960_b00df212-77c9-45bb-a2a2-710299dffc18.jpg?v=1758548308
homerun,SMNBZ,Jaquar Florentine Prime Waste Coupling,Jaquar,,1261.0,InStock,0,https://home-run.co/products/jaquar-waste-coupling,https://cdn.shopify.com/s/files/1/0872/6095/4939/files/Click-Clack_ALD-CHR-727L130_1.webp?v=1787051956
homerun,R5TWD,"Hettich Cargo Detergent Holder Kitchen Accessory, 10.25""x14""x8"" (9197058)",Hettich,,1250.0,InStock,0,https://home-run.co/products/hettich-detergent-holder-cargo-series-kitchen-accessory,https://cdn.shopify.com/s/files/1/0872/6095/4939/files/DetergentHolder.jpg?v=1727181094
homerun,ZKX5Y,Crompton Brisk Air Plus Exhaust Fan,Crompton,,1249.0,InStock,0,https://home-run.co/products/crompton-brisk-air-exhaust-fan-150mm,https://cdn.shopify.com/s/files/1/0872/6095/4939/files/Briskairplus200mm_White__1angle_021133ac-1830-453a-9eb3-072d122c194a.webp?v=1738238041
homerun,V7FCZ,"Hettich Sensys 8657i Corner 165° Zero Protrusion Soft Close Hinges, 0 Crank, 1 Set (2 Nos), 9243040",Hettich,,1225.0,InStock,0,https://home-run.co/products/hettich-sensys-8657i-corner-165-zero-protrusion-soft-close-hinges-0-crank-1-set-2-nos,https://cdn.shopify.com/s/files/1/0872/6095/4939/files/hettich-sensys-8657i-corner-165-degree-zero-protrusion-soft-close-hinges-0-crank-set.png?v=1770447041
homerun,JP9VG,Ebco Kitchen Drip Tray with Rod Supports and Anchor Kit,Anchor,,1221.0,InStock,0,https://home-run.co/products/ebco-kitchen-drip-tray,https://cdn.shopify.com/s/files/1/0872/6095/4939/files/drip_tray.webp?v=1785318517
homerun,U9QEB,Archidply Decor Pure Classic MR Plywood,Archidply,,1212.0,InStock,0,https://home-run.co/products/archidply-pure-classic-commercial-plywood-8x4-7x4-borer-free-7-year-warranty,https://cdn.shopify.com/s/files/1/0872/6095/4939/files/WhatsApp_Image_2026-05-08_at_21.42.18.jpg?v=1778259804
homerun,MLGYM,Jaquar Florentine Prime Angular Stop Cock,Jaquar,,1203.0,InStock,0,https://home-run.co/products/jaquar-florentine-prime-angular-stop-cock,https://cdn.shopify.com/s/files/1/0872/6095/4939/files/Jaquar_Florentine_Prime_Angular_Stop_Cock.jpg?v=1786433649
homerun,UVJQ9,Birla White Cement,Birla White,,1200.0,InStock,0,https://home-run.co/products/birla-white-cement-1-kg-pack,https://cdn.shopify.com/s/files/1/0872/6095/4939/files/1_birla_white_portland_cement_0032456a-707d-4784-ad7b-b9e92a1f836a.webp?v=1779716540
homerun,H9N6S,"MYK Laticrete 335 Super Flex Tile & Stone Adhesive, Grey, 20 Kg Bag",Myk Laticrete,,1180.0,InStock,0,https://home-run.co/products/myk-laticrete-335-super-flex-tile-adhesive-grey-20-kg-bag,https://cdn.shopify.com/s/files/1/0872/6095/4939/files/1_MYK_Laticrete_335_grey_main.webp?v=1779872456
homerun,8VBDF,"Philips Astraspot 3-In-1 COB Light, Tunable, White",Philips,,1152.0,InStock,0,https://home-run.co/products/philips-astraspot-3in1-cob-light,https://cdn.shopify.com/s/files/1/0872/6095/4939/files/Philips_Astraspot_3-In-1_COB_Light_Tunable_White.webp?v=1741081798
homerun,H2RBA,JDE PVC Rack with Spike,HomeRun,,1149.0,InStock,0,https://home-run.co/products/jascom-pvc-rack-with-spike,https://cdn.shopify.com/s/files/1/0872/6095/4939/files/51DhmspeB8L._SL1500.webp?v=1785763301
homerun,AJCEY,"Ebco Aluminium Profile Cabinet Edge, Length 3m",Ebco,,1112.0,InStock,0,https://home-run.co/products/ebco-aluminium-profile-cabinet-edge,https://cdn.shopify.com/s/files/1/0872/6095/4939/files/ebco-aluminium-profile-cabinet-edge.jpg?v=1770447866
homerun,U5YBX,"Birla White WallSeal Waterproof Putty, 30 Kg Bag",Birla White,,1080.0,InStock,0,https://home-run.co/products/birla-white-wallseal-waterproof-putty-30-kg-bag,https://cdn.shopify.com/s/files/1/0872/6095/4939/files/1_Birla_white_wallcare_white_cementbased_putty_front_8e9e0d94-60d3-40e3-8874-596204b324ec.webp?v=1779454791
homerun,9H8SC,"Hettich KA 4532 German Telescopic Channel, Soft Close, 35kg, Zinc",Hettich,,1058.0,InStock,0,https://home-run.co/products/hettich-ka-4532-german-telescopic-channel-soft-close-35kg-zinc,https://cdn.shopify.com/s/files/1/0872/6095/4939/files/hettich-ka-4532-german-telescopic-channel-soft-close-35kg-zinc.jpg?v=1770446617
homerun,Z257Y,"MYK Laticrete 325 High Flex Tile & Stone Adhesive, White, 20 Kg Bag",Myk Laticrete,,1050.0,InStock,0,https://home-run.co/products/myk-laticrete-325-high-flex-tile-adhesive-white-20-kg-bag,https://cdn.shopify.com/s/files/1/0872/6095/4939/files/1_MYK_Laticrete_325_white_main_image_870323c5-c3aa-4e27-80b2-ab9310803fc8.webp?v=1775651337
homerun,CZGZG,"Jaquar Continental Towel Ring Round, ACN-CHR-1121BN",Jaquar,,1049.0,InStock,0,https://home-run.co/products/jaquar-continental-double-arm-wall-mounted-mirror-2,https://cdn.shopify.com/s/files/1/0872/6095/4939/files/Jaquar_Continental_Towel_Ring_Round.webp?v=1740044270
homerun,TT796,"Roff T07 Extrofix Tile Adhesive, Grey, 20 Kg Bag",Roff,,1020.0,InStock,0,https://home-run.co/products/roff-t07-extrofix-floor-wall-tile-adhesive-grey-20-kg-bag,https://cdn.shopify.com/s/files/1/0872/6095/4939/files/1_Front_shot_Main_Images_8b24abc0-7f6a-4491-b6af-aabbbf089900.webp?v=1775554196
homerun,6LFPR,Jaquar Shower Arm,Jaquar,,989.0,InStock,0,https://home-run.co/products/jaquar-shower-arm,https://cdn.shopify.com/s/files/1/0872/6095/4939/files/Square_SHA-CHR-455L400b.webp?v=1787035326
homerun,FV8P5,Wipro Garnet 264 LEDs/Meter Profile & Cove LED Strip Light - 5Mtr,HomeRun,,989.0,InStock,0,https://home-run.co/products/wipro-garnet-246-leds-meter-profile-cove-led-strip-light,https://cdn.shopify.com/s/files/1/0872/6095/4939/files/61dcKI8HMqL._SL1500.jpg?v=1784363139
homerun,AQX2R,Nomwell Rack Cabinet,HomeRun,,989.0,InStock,0,https://home-run.co/products/rack-cabinet,https://cdn.shopify.com/s/files/1/0872/6095/4939/files/ChatGPTImageAug2_2026_12_45_05AM.png?v=1785656732
homerun,9Y5E4,Asian Tractor Uno Acrylic Distemper Paint White-20kg,HomeRun,,980.0,InStock,0,https://home-run.co/products/asian-tractor-uno-acrylic-distemper-paint-white-20kg,https://cdn.shopify.com/s/files/1/0872/6095/4939/files/1_95841f9e-685e-41bc-ab04-ed17ae35af63.webp?v=1787651744
homerun,CB2V2,"Hettich Wardrobe Oval Cabinet Rail, 2 m Length, Chrome Gloss, 9341248",Hettich,,977.0,InStock,0,https://home-run.co/products/hettich-wardrobe-oval-cabinet-rail-2000-mm-length-chrome-gloss,https://cdn.shopify.com/s/files/1/0872/6095/4939/files/Hettich_Wardrobe_Oval_Cabinet_Rail_2000_mm_Length_Chrome_Gloss_aa55d0cf-fe53-4742-a7cd-b806c3a07ff2.webp?v=1777191766
homerun,PWNRG,"Philips Full Glow 3-in-1 Surface Light (Tunable), Round",Philips,,962.0,InStock,0,https://home-run.co/products/philips-full-glow-3-in-1-surface-light-tunable,https://cdn.shopify.com/s/files/1/0872/6095/4939/files/philips_fullglow_3_in_1a.webp?v=1781528045
homerun,Z649V,"Ebco PVC Skirting, Height 100mm/4"", Length 3m, Black, PVCSE-10-BL-30",Ebco,,962.0,InStock,0,https://home-run.co/products/ebco-pvc-skirting-100mm-150mm,https://cdn.shopify.com/s/files/1/0872/6095/4939/files/dp-img-1_56594153-3db7-45ea-ad16-fde437a6772b.jpg?v=1758168743
homerun,DD3G8,"MYK Laticrete 325 High Flex Tile & Stone Adhesive, Grey, 20 Kg Bag",Myk Laticrete,,960.0,InStock,0,https://home-run.co/products/myk-laticrete-325-high-flex-tile-adhesive-grey-20-kg-bag,https://cdn.shopify.com/s/files/1/0872/6095/4939/files/1_MYK_Laticrete_325_grey.webp?v=1779866549
homerun,UT85B,"Roff T06 VFA Tile Adhesive, White , 20 Kg Bag",Roff,,940.0,InStock,0,https://home-run.co/products/roff-t06-vfa-tile-adhesive-white-20-kg-bag,https://cdn.shopify.com/s/files/1/0872/6095/4939/files/1_Front_shot_Main_Images_cceda59a-dd7c-4d4e-a8cf-b64630e1eeac.webp?v=1775549919
homerun,4AUUJ,Asian Paints WoodTech PU Exterior Glossy,Asian Paints,,920.0,InStock,0,https://home-run.co/products/asian-paints-woodtech-pu-exterior-glossy,https://cdn.shopify.com/s/files/1/0872/6095/4939/files/Group84.webp?v=1787829878
homerun,U54DA,Jaquar Shower Flexible Tube,Jaquar,,912.0,InStock,0,https://home-run.co/products/jaquar-shower-flexible-tube,https://cdn.shopify.com/s/files/1/0872/6095/4939/files/Jaquar_Shower_Flexible_Tube.webp?v=1740044366
homerun,X7P3F,Asian Paints WoodTech PU Exterior Matt,Asian Paints,,900.0,InStock,0,https://home-run.co/products/asian-paints-woodtech-pu-exterior-matt,https://cdn.shopify.com/s/files/1/0872/6095/4939/files/Group57.png?v=1787744299
homerun,69AGB,Asian Paints WoodTech PU Exterior Sealer,Asian Paints,,880.0,InStock,0,https://home-run.co/products/asian-paints-woodtech-pu-exterior-sealer,https://cdn.shopify.com/s/files/1/0872/6095/4939/files/Group74.webp?v=1787814328
homerun,HER83,Araldite Klear5 Epoxy Adhesive,Araldite,,870.0,InStock,0,https://home-run.co/products/araldite-klear5-epoxy-adhesive,https://cdn.shopify.com/s/files/1/0872/6095/4939/files/1_Araldite_Klear_Epoxy_Adhesive_front.webp?v=1780046472
homerun,SMBTV,"Futura NW-021BBB Stainless Steel Tile Insert Floor Drain, 5"" x 5""",HomeRun,,855.0,InStock,0,https://home-run.co/products/futura-nw-021bbb-stainless-steel-tile-insert-floor-drain,https://cdn.shopify.com/s/files/1/0872/6095/4939/files/SQUAREFLOORDRAINOPTIONAL_TILEINSERT_NW-021BBB.webp?v=1784195435
homerun,YAPCH,Europa Cylindrical Locks Feather Touch,Europa,,823.0,InStock,0,https://home-run.co/products/europa-cylindrical-locks-feather-touch,https://cdn.shopify.com/s/files/1/0872/6095/4939/files/Screenshot_2025-05-12_at_2.22.58_PM.png?v=1747039998
homerun,5NWJ2,Asian Paints WoodTech PU Interior Matt,Asian Paints,,820.0,InStock,0,https://home-run.co/products/asian-paints-woodtech-pu-interior-matt,https://cdn.shopify.com/s/files/1/0872/6095/4939/files/Group49.webp?v=1787736195
homerun,CL6M4,Roff T34 Starlike Epoxy Tile Grout,Roff,,810.0,InStock,0,https://home-run.co/products/roff-t34-starlike-epoxy-tile-grout,https://cdn.shopify.com/s/files/1/0872/6095/4939/files/1_Roff_T34_Starlike_Epoxy_Tile_Grout_front_Images.webp?v=1779960268
homerun,Q3X5V,Asian Paints WoodTech PU Interior Sealer,Asian Paints,,810.0,InStock,0,https://home-run.co/products/asian-paints-woodtech-pu-interior-sealer,https://cdn.shopify.com/s/files/1/0872/6095/4939/files/Group76.webp?v=1787814598
homerun,UVUQH,"Ebco Light Linear 2 Way LED Strip Light for 8mm Glass, 4000K, 24V",Ebco,,804.0,InStock,0,https://home-run.co/products/ebco-light-linear-2-way-glass-8mm,https://cdn.shopify.com/s/files/1/0872/6095/4939/files/Linear-Two-Way-Glass-8mm-With-Door-Trigger-Two-Part-Sensor-550x550w.jpg?v=1741855190
homerun,HNSU2,Godrej Cylindrical Locks SS,Godrej,,801.0,InStock,0,https://home-run.co/products/godrej-cylindrical-locks-5805-ss-for-bathroom-keyless,https://cdn.shopify.com/s/files/1/0872/6095/4939/files/Screenshot_2025-05-09_at_7.37.40_PM.png?v=1746799682
homerun,Z4YGS,Asian Paints WoodTech PU Interior Glossy,Asian Paints,,800.0,InStock,0,https://home-run.co/products/asian-paints-woodtech-pu-interior-glossy,https://cdn.shopify.com/s/files/1/0872/6095/4939/files/2_41b63e69-a435-4b62-ada2-849b24b56ab7.webp?v=1787739740
homerun,PV2RT,Wipro Alpha Trimless COB CCT (3 in 1),HomeRun,,799.0,InStock,0,https://home-run.co/products/wipro-alpha-trimless-cob-cct-3-in-1,https://cdn.shopify.com/s/files/1/0872/6095/4939/files/Wipro_Alpha_Trimless_COB_CCT_3_in_1_7W.jpg?v=1784294187
homerun,C6X8V,"Hettich Intermat 9956 Corner 165° Zero Protrusion Regular Close Hinges, 0 Crank, 1 Set (2 Nos), 9242890",Hettich,,794.0,InStock,0,https://home-run.co/products/hettich-intermat-9930-corner-unit-soft-close-hinges-1-set-2-nos,https://cdn.shopify.com/s/files/1/0872/6095/4939/files/Hettich_Intermat_9956_Corner_165_Zero_Protrusion_Regular_Close_Hinges_0_Crank1.webp?v=1782366757
homerun,XP5EV,MYK Laticrete LATAPOXY® Fast & Clear Epoxy Adhesive,Myk Laticrete,,790.0,InStock,0,https://home-run.co/products/myk-laticrete-latapoxy®-fast-clear-epoxy-adhesive,https://cdn.shopify.com/s/files/1/0872/6095/4939/files/MYKlatapoxy.webp?v=1782468076
homerun,6WZ8M,"Asian Paints TruCare Wall Putty, 40 Kg Bag",Asian Paints,,780.0,InStock,0,https://home-run.co/products/asian-paints-white-trucare-putty-40-kg-bag,https://cdn.shopify.com/s/files/1/0872/6095/4939/files/Asian_Paints_TruCare_Wall_Putty_40_Kg_Bag.webp?v=1741087895
homerun,549YM,Ebco Fascia Bracket for POWB4-40-AT,Ebco,,777.0,InStock,0,https://home-run.co/products/facia-bracket-for-powb4-40-at,https://cdn.shopify.com/s/files/1/0872/6095/4939/files/FaciaBracketforPOWB4-40-AT.png?v=1758877561
homerun,GBACW,"MYK Laticrete 315 Plus Tile Adhesive, White, 20 Kg Bag",Myk Laticrete,,775.0,InStock,0,https://home-run.co/products/myk-laticrete-315-plus-tile-adhesive-20kg-white,https://cdn.shopify.com/s/files/1/0872/6095/4939/files/1_MYK_Laticrete_315_grey_main_image_4efd3916-be90-4988-aceb-2db88be58a83.webp?v=1779876541
homerun,V5EFR,Dowells Insulated Pin Terminal (Pre-insulated Cable Lug) - 200 Nos/Pack,HomeRun,,764.0,InStock,0,https://home-run.co/products/dowells-insulated-pin-terminal-pre-insulated-cable-lug-200-nos-pack,https://cdn.shopify.com/s/files/1/0872/6095/4939/files/1.5_sqmm.webp?v=1782725339
homerun,G3TUK,"Jaquar Continental Soap Dish Holder, ACN-CHR-1131N",Jaquar,,757.0,InStock,0,https://home-run.co/products/jaquar-continental-soap-dish-holder,https://cdn.shopify.com/s/files/1/0872/6095/4939/files/Jaquar_Continental_Soap_Dish_Holder.webp?v=1740044177
homerun,7W35Z,"Roff T04 VFA Tile Adhesive, White, 20 Kg Bag",Roff,,755.0,InStock,0,https://home-run.co/products/roff-t04-vfa-floor-wall-tile-adhesive-white-20-kg-bag,https://cdn.shopify.com/s/files/1/0872/6095/4939/files/1_Front_shot_Main_Images_5943d111-14fb-4d1b-9e9b-98d477ed7cc2.webp?v=1775549475
homerun,UT3FN,Dongcheng 12V 2.0Ah Battery Pack - LB1220-4,HomeRun,,744.0,InStock,0,https://home-run.co/products/dongcheng-12v-2-0ah-battery-pack-lb1220-4,https://cdn.shopify.com/s/files/1/0872/6095/4939/files/ChatGPTImageAug14_2026_12_18_57PM.webp?v=1786690156
homerun,E2ZPL,"Roff T02 NSA Tile Adhesive, Grey, 30 Kg Bag",Roff,,740.0,InStock,0,https://home-run.co/products/roff-t02-nsa-tile-adhesive-30kg,https://cdn.shopify.com/s/files/1/0872/6095/4939/files/1_Front_shot_Main_Images_3450099b-7c50-4409-bf9f-8be2f2cc0db7.webp?v=1775548277
homerun,EB2JT,Araldite Standard Epoxy Adhesive,Araldite,,735.0,InStock,0,https://home-run.co/products/araldite-standard-epoxy-adhesive-high-strength,https://cdn.shopify.com/s/files/1/0872/6095/4939/files/1_Araldite_Standard_Epoxy_Adhesive_front.webp?v=1780037491
homerun,XLMLP,Futura Kitchen Accessories Set of 5,HomeRun,,720.0,InStock,0,https://home-run.co/products/kitchen-accessories-set-with-frame-grating-with-locking,https://cdn.shopify.com/s/files/1/0872/6095/4939/files/ChatGPTImageAug26_2026_03_57_53PM.png?v=1787740183
homerun,7R6JL,"Birla White WallCare Putty, 30 Kg Bag",Birla White,,715.0,InStock,0,https://home-run.co/products/birla-whitebirla-white-wallcare-putty-30kg,https://cdn.shopify.com/s/files/1/0872/6095/4939/files/1_Birla_white_wallcare_white_cementbased_putty_front.webp?v=1779439084
homerun,LQBTB,Dowells Copper Ring Terminal (Crimp-on Cable Lug)- 200 Nos/Pack,HomeRun,,714.0,InStock,0,https://home-run.co/products/dowells-copper-ring-terminal-crimp-on-cable-lug-200-nos-pack,https://cdn.shopify.com/s/files/1/0872/6095/4939/files/1.5-4_Sqmm.webp?v=1782720462
homerun,7G97R,Philips AstraSpot Next LED COB light,Philips,,699.0,InStock,0,https://home-run.co/products/philips-astraspot-led-cob-light,https://cdn.shopify.com/s/files/1/0872/6095/4939/files/Philips_AstraSpot_LED_COB_light.webp?v=1741081961
homerun,2H5BM,"Jon Bhandari F-002 Machinist File Set with Handles, 6"" Long, 6-Piece Set",HomeRun,,679.0,InStock,0,https://home-run.co/products/jon-bhandari-f-002-machinist-file-set-with-handles-8-inch-6-piece,https://cdn.shopify.com/s/files/1/0872/6095/4939/files/ChatGPT_Image_Jul_26_2026_10_58_29_PM.png?v=1785086934
homerun,6E49D,Wipro Alpha Trimless Gold COB LED Spotlight (2 Years Warranty),HomeRun,,669.0,InStock,0,https://home-run.co/products/wipro-alpha-trimless-gold-cob-led-spotlight,https://cdn.shopify.com/s/files/1/0872/6095/4939/files/wipro7WattAlphabronzeTrimlessGoldCOBb_1.webp?v=1783504270
homerun,HPCBY,Wipro Alpha Trimless Black COB LED Spotlight (2 Years Warranty),HomeRun,,659.0,InStock,0,https://home-run.co/products/wipro-alpha-trimless-black-cob-led-spotlight,https://cdn.shopify.com/s/files/1/0872/6095/4939/files/Wipro12wAlphaTrimlessBlackCOB.webp?v=1783507912
homerun,8N9QB,"Roff T03 VFA Tile Adhesive, Grey, 20 Kg Bag",Roff,,650.0,InStock,0,https://home-run.co/products/roff-t03-vfa-floor-wall-tile-adhesive-grey-20-kg-bag,https://cdn.shopify.com/s/files/1/0872/6095/4939/files/1_Front_shot_Main_Images_1f13cee6-6f84-4c14-8adb-83f7c9ddd945.webp?v=1775548958
homerun,AK2QV,"Tenax Polyester Marble Glue Mastic, 1.35kg",HomeRun,,650.0,InStock,0,https://home-run.co/products/tenax-epoxy-resin-mastice,https://cdn.shopify.com/s/files/1/0872/6095/4939/files/1_Tenax_mastic_front.webp?v=1780304766
homerun,4MFST,"Jaquar Angular Stop Cock (REGULATING VALVE), AQT-CHR-3057",Jaquar,,650.0,InStock,0,https://home-run.co/products/jaquar-angular-stop-cock-regulating-valve,https://cdn.shopify.com/s/files/1/0872/6095/4939/files/Screenshot_2025-02-10_at_6.08.21_PM.png?v=1739191113
homerun,DLKPD,"Asian Paints Royale Luxury Emulsion, Colour",Asian Paints,,647.0,InStock,0,https://home-run.co/products/asian-paints-royale-luxury-emulsion-colour,https://cdn.shopify.com/s/files/1/0872/6095/4939/files/4_fc5cd1f1-9ba0-4bb3-8622-8a057763676e.webp?v=1787652112
homerun,7DNGM,"Asian Paints Apex Ultima Protek, Colour",Asian Paints,,647.0,InStock,0,https://home-run.co/products/asian-paints-apex-ultima-protek-colour,https://cdn.shopify.com/s/files/1/0872/6095/4939/files/Group54.webp?v=1787742190
homerun,WSRXV,Europa Cylinderical Locks SS/AB,Europa,,646.0,InStock,0,https://home-run.co/products/europa-cylinderical-locks-r050-ss-ab-keyless,https://cdn.shopify.com/s/files/1/0872/6095/4939/files/Screenshot_2025-05-05_at_7.12.34_PM.png?v=1746452576
homerun,4MYMU,Wipro Garnet 120 LEDs/Meter Profile & Cove LED Strip Light - 5Mtr,HomeRun,,639.0,InStock,0,https://home-run.co/products/wipro-garnet-120-leds-meter-profile-cove-led-strip-light,https://cdn.shopify.com/s/files/1/0872/6095/4939/files/Wipro_Garnet_120_LEDs_per_Meter_Profile_Cove_LED_Strip_Light_-_Warm_White2700K_-1.jpg?v=1784359124
homerun,Y8QFJ,"Legrand Myrius NextGen Fan Regulator, 100 Watts, 360° Regulator, 2 Mod",Legrand,,632.0,InStock,0,https://home-run.co/products/legrand-myrius-nextgen-fan-regulator-100-watts-classic-white-2-module,https://cdn.shopify.com/s/files/1/0872/6095/4939/files/MYRIUS_Fan_Regulator-100_Watts-360_-2_Module-Classic_White.webp?v=1731395818
homerun,URPHW,"Philips EvenGlow 120 LEDs/Meter Strip Light, 5m",Philips,,630.0,InStock,0,https://home-run.co/products/philips-evenglow-led-strip-light-5m-2,https://cdn.shopify.com/s/files/1/0872/6095/4939/files/1_Philips_EvenGlow_LED_2_c5c3b2f1-d9af-4056-9062-882ea7108547.webp?v=1781522845
homerun,495AG,Wipro Alpha Trimless COB LED Spotlight (2 Years Warranty),HomeRun,,629.0,InStock,0,https://home-run.co/products/wipro-alpha-trimless-cob-led-spotlight,https://cdn.shopify.com/s/files/1/0872/6095/4939/files/Wipro7WattAlphaTrimlessCOB.webp?v=1783501247
homerun,2K88T,"Asian Paints Apex Ultima Protek, Base White",Asian Paints,,626.0,InStock,0,https://home-run.co/products/asian-paints-apex-ultima-protek-base-white,https://cdn.shopify.com/s/files/1/0872/6095/4939/files/Group61.webp?v=1787810250
homerun,XQLUC,"MYK Laticrete 315 Plus Tile Adhesive, Grey, 20 Kg Bag",Myk Laticrete,,625.0,InStock,0,https://home-run.co/products/myk-laticrete-315-plus-floor-wall-tile-adhesive-grey-20-kg-bag,https://cdn.shopify.com/s/files/1/0872/6095/4939/files/1_MYK_Laticrete_315_grey_main_image_4808f9df-050b-41b2-aa60-3fe2fee8d8dd.webp?v=1775556983
homerun,6EVN5,"Asian Paints Royale Luxury Emulsion, Base White",Asian Paints,,618.0,InStock,0,https://home-run.co/products/asian-paints-royale-luxury-emulsion,https://cdn.shopify.com/s/files/1/0872/6095/4939/files/3_3c03a6f6-6ddf-4960-88d9-6494d5509038.webp?v=1787651825
homerun,A3T4V,Dowells Copper Fork Terminal (Spade Cable Lug) - 200 Nos/Pack,HomeRun,,617.0,InStock,0,https://home-run.co/products/dowells-copper-fork-terminal-spade-cable-lug-200-nos-pack,https://cdn.shopify.com/s/files/1/0872/6095/4939/files/1.5_sqmm_M3.5_Stud.webp?v=1782732222
homerun,R574J,"Roff T09 NSA Tile Adhesive, White, 20 Kg Bag",Roff,,615.0,InStock,0,https://home-run.co/products/roff-t09-nsa-floor-wall-tile-adhesive-white-20-kg-bag,https://cdn.shopify.com/s/files/1/0872/6095/4939/files/1_Front_shot_Main_Images_1b3877a3-e136-4bfa-8c32-392ae92b9049.webp?v=1775554742
homerun,UWAT2,"Hettich KA 4732 Telescopic Channel, Soft Close, 35 kg Capacity, Zinc",Hettich,,610.0,InStock,0,https://home-run.co/products/hettich-channel-soft-close-550mm-9293314,https://cdn.shopify.com/s/files/1/0872/6095/4939/files/1_Hettich_KA_4732_Telescopic_Channel_Soft_Close_front.webp?v=1780400195
homerun,T75CL,"MYK Laticrete SP-100 Epoxy Tile Grout, Resin + Hardener Bucket (Part A & Part B)",Myk Laticrete,,610.0,InStock,0,https://home-run.co/products/myk-laticrete-sp-100-epoxy-tile-grout,https://cdn.shopify.com/s/files/1/0872/6095/4939/files/1_MYK_Laticrete_sp100_Resin_Hardener_Bucket_main_1.webp?v=1779954523
homerun,D5768,"Legrand Myrius NextGen DP Switch, 32A, 2 Mod, With Indicator",Legrand,,605.0,InStock,0,https://home-run.co/products/legrand-myrius-nextgen-dp-switch-32a-2mod-with-indicator-rc,https://cdn.shopify.com/s/files/1/0872/6095/4939/files/MYRIUS_32A-Switch-DP-with_Indicator-2_Module-Classic_White_8f80c756-215a-458f-8682-03f57e32fdcb.webp?v=1736484966
homerun,MJPPV,"Philips Ultra Glow 3-in-1 LED Downlight, Round",Philips,,589.0,InStock,0,https://home-run.co/products/philips-ultra-glow-3-in-1-led-downlight-1,https://cdn.shopify.com/s/files/1/0872/6095/4939/files/Philips_ultra_Glow_3_in_1_LED_2_b_1.webp?v=1781508689
homerun,U7TYU,"Hettich OrgaTray 440 Trimmable (Fixed Partition) Cutlery Insert, Silver",Hettich,,586.0,InStock,0,https://home-run.co/products/hettich-orgatray-440-trimmable-fixed-partition-cutlery-insert-silver,https://cdn.shopify.com/s/files/1/0872/6095/4939/files/Hettich_OrgaTray.webp?v=1786448580
homerun,4WXZB,"Ebco Pro Lift Bed Hydraulic Gas Pump, Heavy Duty, 1 Set (2 Nos)",Ebco,,580.0,InStock,0,https://home-run.co/products/ebco-pro-lift-bed-hydraulic-gas-pump-heavy-duty-set,https://cdn.shopify.com/s/files/1/0872/6095/4939/files/1_Ebco_Pro_Lift_Bed_Hydraulic_Gas_Pump_main_image.webp?v=1776076500
homerun,YCGAE,Philips LED Strip Light Driver,Philips,,580.0,InStock,0,https://home-run.co/products/philips-led-strip-light-driver-1,https://cdn.shopify.com/s/files/1/0872/6095/4939/files/Philips_LED_Strip_Light_Driver_60w_60d1d0d5-564d-42a4-bc18-4f0a27e31ecf.webp?v=1741093455
homerun,QYJ97,"MYK Laticrete 307 Ceramic Tile Adhesive, White, 20 Kg Bag",Myk Laticrete,,575.0,InStock,0,https://home-run.co/products/myk-laticrete-307-floor-wall-tile-adhesive-white-20-kg-bag,https://cdn.shopify.com/s/files/1/0872/6095/4939/files/2_MYK_Laticrete_307_white_main.webp?v=1779950154
homerun,5EWBA,"Jaquar Florentine Prime Stop Cock & Flush Cock, FLP-CHR-5083KPM",Jaquar,,570.0,InStock,0,https://home-run.co/products/jaquar-florentine-stop-cock-flush-cock,https://cdn.shopify.com/s/files/1/0872/6095/4939/files/Florentine_Prime.webp?v=1784722048
homerun,N5AS8,Wipro Garnet 12V Constant Voltage LED Strip Driver,HomeRun,,569.0,InStock,0,https://home-run.co/products/wipro-garnet-12v-constant-voltage-led-strip-driver,https://cdn.shopify.com/s/files/1/0872/6095/4939/files/WiproGarnet12VConstantVoltageLEDStripDriver5A.png?v=1784527958
homerun,LWCHF,"Asian Paints Apex Ultima, Colour",Asian Paints,,558.0,InStock,0,https://home-run.co/products/asian-paints-apex-ultima-colour,https://cdn.shopify.com/s/files/1/0872/6095/4939/files/Group64.webp?v=1787811375
homerun,J9WXJ,"Fosroc Conbextra GP2 Cementitious Grout, 25kg",HomeRun,,550.0,InStock,0,https://home-run.co/products/fosroc-conbextra-gp2-cementitious-grout-25kg,https://cdn.shopify.com/s/files/1/0872/6095/4939/files/fosroc-conbextra-gp2.webp?v=1784528041
homerun,2QZCF,"Hillson Dragon Steel Toe Gumboots, 15"" High",HomeRun,,550.0,InStock,0,https://home-run.co/products/hillson-dragon-steel-toe-gumboots-15-height,https://cdn.shopify.com/s/files/1/0872/6095/4939/files/Hillson_Dragon_Steel_Toe_Gumboots_15_Height.webp?v=1785411433
homerun,2MEPU,"Asian Paints Apex Ultima, Base White",Asian Paints,,545.0,InStock,0,https://home-run.co/products/asian-paints-apex-ultima-base-white,https://cdn.shopify.com/s/files/1/0872/6095/4939/files/1_1_46d519c7-df1a-4adf-bb5c-1db474a0256c.webp?v=1787654818
homerun,4NPSJ,Wipro Garnet Rimless 3-in-1 CCT Surface Mounted LED Panel (2 Years Warranty),HomeRun,,539.0,InStock,0,https://home-run.co/products/wipro-garnet-rimless-cct-surface-mounted-led-panel,https://cdn.shopify.com/s/files/1/0872/6095/4939/files/WiproGarnetRimlessCCTSurfacePanel.webp?v=1783515334
homerun,K27DZ,"Philips Full Glow LED Surface Light, Round",Philips,,529.0,InStock,0,https://home-run.co/products/philips-full-glow-led-surface-light-round,https://cdn.shopify.com/s/files/1/0872/6095/4939/files/1_Philips_Full_Glow2.webp?v=1781501064
homerun,TXQ7R,"Wipro Garnet LED Batten CCT 3 in 1, 22W",HomeRun,,529.0,InStock,0,https://home-run.co/products/wipro-garnet-led-batten-cct-3-in-1-22w,https://cdn.shopify.com/s/files/1/0872/6095/4939/files/WiproGarnetLEDBattenCCT3in1_22W-1.jpg?v=1784356829
homerun,B3G3X,"Jaquar Wall Bracket for Hand Shower, SHA-CHR-555",Jaquar,,524.0,InStock,0,https://home-run.co/products/jaquar-shower-hook,https://cdn.shopify.com/s/files/1/0872/6095/4939/files/SHA-CHR-555.jpg?v=1739184154
homerun,XZ5QR,"Action Tesa HDHMR Board, Plain, 8' X 4'",Action Tesa,,514.0,InStock,0,https://home-run.co/products/action-tesa-hdhmr-board-plain-grade-8-x-4,https://cdn.shopify.com/s/files/1/0872/6095/4939/files/ChatGPTImageAug8_2026_09_49_21PM_1.webp?v=1786206677
homerun,FK924,"Birla White TX2 Tile Adhesive, White, 20 Kg Bag",Birla White,,510.0,InStock,0,https://home-run.co/products/birla-white-tilestix-intero-grip-tx2-tile-adhesive-white-20-kg-bag,https://cdn.shopify.com/s/files/1/0872/6095/4939/files/Main_image_Birla_white_tilestix_intero.webp?v=1774264950
homerun,NMGVJ,"Ebco Sleek Telescopic Drawer Channel, Soft Close, 35 Kg Capacity, Zinc",Ebco,,502.0,InStock,0,https://home-run.co/products/ebco-sleek-telescopic-drawer-channel-stds-i-regular-close-35-kg-capacity-zinc-200mm-to-700mm-copy,https://cdn.shopify.com/s/files/1/0872/6095/4939/files/1_Ebco_Sleek_Telescopic_Drawer_Channel_Soft_Close_35_Kg_Capacity_Zinc_image.webp?v=1780405906
homerun,3PDUS,"Hettich Sensys 8645i Soft Close Hinges, 1 Set (2 Nos)",Hettich,,500.0,InStock,0,https://home-run.co/products/hettich-sensys-8645i-hinges-soft-close-opening-angle-95-1-set-2-hinges,https://cdn.shopify.com/s/files/1/0872/6095/4939/files/1_Hettich_sensys_8645i_main_image_fd58d95c-4e87-4234-990a-932d63de9fa4.webp?v=1775712232
homerun,2R8CG,"MYK Laticrete 307 Ceramic Tile Adhesive, Grey, 20 Kg Bag",Myk Laticrete,,495.0,InStock,0,https://home-run.co/products/myk-laticrete-307-floor-wall-tile-adhesive-grey-20-kg-bag,https://cdn.shopify.com/s/files/1/0872/6095/4939/files/1_MYK_Laticrete_307_grey_front_image_7233fb0e-fdb3-4386-9e2b-6c829e03be2a.webp?v=1775556445
homerun,MVPS6,Pitbull Mirage Low Ankle Steel Toe Safety Shoes,HomeRun,,490.0,InStock,0,https://home-run.co/products/pitbull-mirage-steel-toe-safety-shoes,https://cdn.shopify.com/s/files/1/0872/6095/4939/files/ChatGPTImageAug11_2026_12_33_43PM.webp?v=1786431845
homerun,ZFZFS,"Action Tesa Plain Exterior Grade MDF, 8'X4'",Action Tesa,,474.0,InStock,0,https://home-run.co/products/action-tesa-plain-exterior-grade-mdf-8-x-4,https://cdn.shopify.com/s/files/1/0872/6095/4939/files/Action_Tesa_Plain_Exterior_Grade_MDF_8_X_4_8a30dd5d-207e-49ce-aa15-f0d6ca456d16.webp?v=1740997794
homerun,EM4GA,ERD 12V 2A Power Adapter,HomeRun,,470.0,InStock,0,https://home-run.co/products/erd-12v-2a-power-adapter,https://cdn.shopify.com/s/files/1/0872/6095/4939/files/Edited_ERD_Adapter.png?v=1785480753
homerun,N85L6,"Birla Super OPC 53 Grade Cement, 50 Kg Bag",Birla Super,,460.0,InStock,0,https://home-run.co/products/birla-super-opc53-cement,https://cdn.shopify.com/s/files/1/0872/6095/4939/files/1_Front_shot_Main_Image_3d9a8676-7696-4adf-875b-5fad10b2a681.webp?v=1775543520
homerun,FXYQQ,D-Link RJ45 Jack (Pack of 100),HomeRun,,460.0,InStock,0,https://home-run.co/products/d-link-rj45-jack-pack-of-100,https://cdn.shopify.com/s/files/1/0872/6095/4939/files/ChatGPTImageAug3_2026_06_42_47AM.webp?v=1785764690
homerun,5DEKD,"Taparia Pipe Wrench, 12 inch",HomeRun,,459.0,InStock,0,https://home-run.co/products/taparia-pipe-wrench-12-inch,https://cdn.shopify.com/s/files/1/0872/6095/4939/files/1_8420cd2d-a9ff-4b78-8b59-44087cbc9de3.webp?v=1785849390
homerun,Q478K,Dr. Fixit 112 Pidifin 2K Waterproof Coating,Dr. Fixit,,439.0,InStock,0,https://home-run.co/products/dr-fixit-pidifin-2k,https://cdn.shopify.com/s/files/1/0872/6095/4939/files/Dr._Fixit_112_Pidifin_2K_Waterproof_Coating_d886c047-b594-467d-b57a-7c7cc01a561d.webp?v=1740999430
homerun,SABKC,"Ebco 165° Hinge, Regular Close, 1 Set (2 Nos)",Ebco,,436.0,InStock,0,https://home-run.co/products/ebco-165-hinge-1-set-2-nos,https://cdn.shopify.com/s/files/1/0872/6095/4939/files/ebco-165-degree-hinge-regular-close-set.png?v=1770446467
homerun,3NPNU,"Roff T01 NCA Tile Adhesive, Grey, 30 Kg Bag",Roff,,430.0,InStock,0,https://home-run.co/products/roff-t01,https://cdn.shopify.com/s/files/1/0872/6095/4939/files/1_Front_shot_Main_Images_e04ff06f-e6a8-435c-af91-e637997ea7cb.webp?v=1775547723
homerun,JCQM3,"Taparia Claw Hammer with Handle, 340 gms",HomeRun,,429.0,InStock,0,https://home-run.co/products/taparia-claw-hammer-with-handle-340-gms,https://cdn.shopify.com/s/files/1/0872/6095/4939/files/1.webp?v=1785843798
homerun,HX7JA,"LOCTITE Powergrab Ultimate Construction Adhesive, 460g",HomeRun,,428.0,InStock,0,https://home-run.co/products/loctite-powergrab-ultimate-construction-adhesive-460g,https://cdn.shopify.com/s/files/1/0872/6095/4939/files/LOCTITEPowergrabUltimateConstructionAdhesive_460g.webp?v=1782208234
homerun,5FSYX,Pidilite Fevicol Probond Special Adhesive for PVC sheets & Tapes,Pidilite,,426.0,InStock,0,https://home-run.co/products/pidilite-fevicol-probond-special-adhesive-for-pvc-sheets-tapes,https://cdn.shopify.com/s/files/1/0872/6095/4939/files/Pidilite_Fevicol_Probond_1kg.png?v=1757937530
homerun,9R5VC,"Wipro Garnet Wave Infinity 3-in-1 LED Panel, Round",HomeRun,,423.0,InStock,0,https://home-run.co/products/wipro-garnet-wave-infinity-rd-cct-panel,https://cdn.shopify.com/s/files/1/0872/6095/4939/files/ChatGPT_Image_Aug_7_2026_08_44_15_PM.png?v=1786115674
homerun,64LE6,"MYK Laticrete 305 Tile Adhesive, Grey, 30 Kg Bag",Myk Laticrete,,420.0,InStock,0,https://home-run.co/products/myk-laticrete-305-tile-adhesive-30kg,https://cdn.shopify.com/s/files/1/0872/6095/4939/files/1_MYK_Laticrete_305_grey_main_image_c0a307c9-c473-4659-92c2-2c7a5cfdc771.webp?v=1775556026
homerun,PZ6YZ,"3M Mirror Mount Tape, Double Side, 5m",HomeRun,,420.0,InStock,0,https://home-run.co/products/mirror-mount-tape,https://cdn.shopify.com/s/files/1/0872/6095/4939/files/3M_Mirror_Mount_Tape_Double_Side_5m.jpg?v=1770112552
homerun,EEUDY,"Fevicol Nail Free Ultra High Strength Adhesive & Sealant, 435g",Fevicol,,420.0,InStock,0,https://home-run.co/products/fevicol-nail-free-ultra-280ml-high-strength-construction-adhesive-sealant-fv_nfu,https://cdn.shopify.com/s/files/1/0872/6095/4939/files/fevicolnailfree.webp?v=1778314129
homerun,MWA3C,"Futura Waste Coupling | FT Brass, 1 x 1¼"" - 3.5"", NW-032A",HomeRun,,420.0,InStock,0,https://home-run.co/products/futura-waste-coupling-ft-brass-1-x-1-3-5-nw-032a,https://cdn.shopify.com/s/files/1/0872/6095/4939/files/ChatGPTImageAug10_2026_09_30_08PM.webp?v=1786377627
homerun,RWYTT,"Ramco Cement OPC 53 Grade, 50 Kg Bag",Ramco,,415.0,InStock,0,https://home-run.co/products/ramco-opc53-grade-cement,https://cdn.shopify.com/s/files/1/0872/6095/4939/files/1_Front_shot_Main_Image_93ec5a2f-a90f-4359-87aa-919d55b1d6ee.webp?v=1775546557
homerun,R99LM,"JSW Block Grip AAC Block Jointing Mortar/Adhesive, 40 Kg Bag",Jsw,,415.0,InStock,0,https://home-run.co/products/jsw-aac-block-adhesive-block-grip-40-kg-bag-1,https://cdn.shopify.com/s/files/1/0872/6095/4939/files/1_JSW_Block_Grip_frot.webp?v=1779699430
homerun,GMRBU,"Ultratech PPC Cement, 50 Kg Bag",Ultratech,,410.0,InStock,0,https://home-run.co/products/ultratech-ppc-cement,https://cdn.shopify.com/s/files/1/0872/6095/4939/files/1_Front_shot_Main_Image_6424b44c-46a2-41fb-b061-2fd56c7731c6.webp?v=1775542970
homerun,FSGGD,Dr. Fixit Raincoat WPC Waterproof Coating,Dr. Fixit,,399.0,InStock,0,https://home-run.co/products/dr-fixit-raincoat-wpc-waterproof-coating,https://cdn.shopify.com/s/files/1/0872/6095/4939/files/WPC-1l.jpg?v=1757491666
homerun,M2GQK,Asian Paints WoodTech Melamyne Matt,Asian Paints,,390.0,InStock,0,https://home-run.co/products/asian-paints-woodtech-melamyne-matt,https://cdn.shopify.com/s/files/1/0872/6095/4939/files/Group70.webp?v=1787813600
homerun,6NCZL,Asian Paints WoodTech Melamyne Sealer,Asian Paints,,390.0,InStock,0,https://home-run.co/products/asian-paints-woodtech-melamyne-sealer,https://cdn.shopify.com/s/files/1/0872/6095/4939/files/Group72.webp?v=1787814101
homerun,AEDDC,"Ramco Supergrade PPC Cement, 50 Kg Bag",Ramco,,385.0,InStock,0,https://home-run.co/products/ramco-supergrade-ppc-cement,https://cdn.shopify.com/s/files/1/0872/6095/4939/files/1_Front_shot_Main_Image_27121287-885e-47eb-aa5c-44613aa0a343.webp?v=1775542334
homerun,DK3FN,Asian Paints Apcolite Premium Satin Enamel,Asian Paints,,385.0,InStock,0,https://home-run.co/products/asian-paints-apcolite-premium-enamel-satinfor-doors-windows-etc-1l-4l,https://cdn.shopify.com/s/files/1/0872/6095/4939/files/1AsiansatinPaintsApcoliteenamel4L.webp?v=1780666602
homerun,S3FDJ,"Maha Cement OPC 53 Grade Cement, 50 Kg Bag",Maha,,380.0,InStock,0,https://home-run.co/products/maha-opc-53-cement,https://cdn.shopify.com/s/files/1/0872/6095/4939/files/1_Front_shot_Main_Image_69ddc2fb-8959-47fc-8d44-c4c9542180e7.webp?v=1775544045
homerun,KZXQZ,"Anchor Roma Fan Regulator, 5 Step, 100W, White, 2 Module",Anchor,,380.0,InStock,0,https://home-run.co/products/anchor-roma-fan-regulator-5-step-100w-white-2-module,https://cdn.shopify.com/s/files/1/0872/6095/4939/files/41f8deg2WEL._SX679__1.png?v=1758521197
homerun,9KXFQ,"Asian Paints Premium Emulsion Paints, Colour",Asian Paints,,378.0,InStock,0,https://home-run.co/products/asian-paints-premium-emulsion-paints-colour,https://cdn.shopify.com/s/files/1/0872/6095/4939/files/5_44b8b007-1ba8-469b-a6cf-893dce2ca9ea.webp?v=1787652463
homerun,Z49HF,"Asian Paints Apex, Colour",Asian Paints,,378.0,InStock,0,https://home-run.co/products/asian-paints-apex-colour,https://cdn.shopify.com/s/files/1/0872/6095/4939/files/ChatGPTImageAug25_2026_03_55_54PM.webp?v=1787653609
homerun,AB6SF,Dr. Fixit 301 Pidicrete URP SBR Latex,Dr. Fixit,,376.0,InStock,0,https://home-run.co/products/dr-fixit-301-pidicrete-urp,https://cdn.shopify.com/s/files/1/0872/6095/4939/files/Dr._Fixit_301_Pidicrete_URP_SBR_Latex_1kg_7640908c-8034-4e40-b5b7-6e9851b2d152.webp?v=1741000066
homerun,6XJEH,"LOCTITE Powergrab Mirror Construction Adhesive, 440g",HomeRun,,376.0,InStock,0,https://home-run.co/products/loctite-powergrab-mirror-construction-adhesive-440g,https://cdn.shopify.com/s/files/1/0872/6095/4939/files/LOCTITEPowergrabMirrorConstructionAdhesive_440g.webp?v=1782208907
homerun,ZVJXH,"Priya OPC 53 Grade Cement, 50 Kg Bag",Priya,,375.0,InStock,0,https://home-run.co/products/priya-opc53-grade-cement,https://cdn.shopify.com/s/files/1/0872/6095/4939/files/1_Front_shot_Main_Image_de97e0ee-d1e3-42c2-b68a-8d337cc1ad78.webp?v=1775544498
homerun,QMJFF,"Adani ACC Suraksha Power PPC Cement, 50 Kg Bag",Acc,,375.0,InStock,0,https://home-run.co/products/acc-suraksha-power-ppc-cement-50-kg-bag,https://cdn.shopify.com/s/files/1/0872/6095/4939/files/1_adani_acc_surksha_cement_ppc.webp?v=1779786074
homerun,YPZYH,"Action Tesa Plain Interior Grade MDF, 8' X 4'",Action Tesa,,373.0,InStock,0,https://home-run.co/products/action-tesa-plain-interior-grade-mdf-8-x-4,https://cdn.shopify.com/s/files/1/0872/6095/4939/files/Action_Tesa_Plain_Interior_Grade_MDF_8_X_4.webp?v=1740997139
homerun,YL663,"Asian Paints SmartCare Tile Adhesive, Grey, 30 Kg Bag",Asian Paints,,370.0,InStock,0,https://home-run.co/products/asian-paint-smartcare-tile-adhesive-grey-30-kg-bag,https://cdn.shopify.com/s/files/1/0872/6095/4939/files/1_Asian_paints_smartcare_tile_adhesive_main_image_2a82f83a-beee-41ec-91ab-c4947f58aa03.webp?v=1775652447
homerun,DJSHS,Asian Paints WoodTech Melamyne Glossy,Asian Paints,,370.0,InStock,0,https://home-run.co/products/asian-paints-woodtech-melamyne-glossy,https://cdn.shopify.com/s/files/1/0872/6095/4939/files/Group66.webp?v=1787812573
homerun,PL8CH,"Saint-Gobain Gyproc Xpert+ Gypsum Punning Plaster, 25 Kg",Gyproc,,365.0,InStock,0,https://home-run.co/products/gyproc-xpert-gypsum-plaster-punning-pop-25-kg,https://cdn.shopify.com/s/files/1/0872/6095/4939/files/1_Saint-Gobain_Gyproc_Xpert_Gypsum.webp?v=1779801016
homerun,E59GG,Fevicol Marine Waterproof Adhesive,Fevicol,,364.0,InStock,0,https://home-run.co/products/pidilite-fevicol-marine-waterproof-adhesive,https://cdn.shopify.com/s/files/1/0872/6095/4939/files/Fevicol_Marine_Waterproof_Adhesive_10kg.png?v=1757685470
homerun,9EZCB,"WD 40 Multi Purpose Spray, 420 ml",HomeRun,,360.0,InStock,0,https://home-run.co/products/wd-40-multi-purpose-spray-420ml,https://cdn.shopify.com/s/files/1/0872/6095/4939/files/WD_40_Multi_Purpose_Spray_420_ml.webp?v=1770112618
homerun,ET9RL,"Asian Paints Apex, Base White",Asian Paints,,357.0,InStock,0,https://home-run.co/products/asian-paints-apex-base-white,https://cdn.shopify.com/s/files/1/0872/6095/4939/files/9_1fb4256f-40a7-4ace-9c24-09b0ebd046b7.webp?v=1787653313
homerun,HWZAA,"Maha PPC Cement, 50 Kg Bag",Maha,,355.0,InStock,0,https://home-run.co/products/maha-ppc-cement,https://cdn.shopify.com/s/files/1/0872/6095/4939/files/1_Front_shot_Main_Image_0af46b1b-c17c-4bf4-bfa5-a145c89bbc1a.webp?v=1775539973
homerun,Q87VE,"Asian Paints Premium Emulsion Paints, Base White",Asian Paints,,353.0,InStock,0,https://home-run.co/products/asian-paints-premium-emulsion-paints,https://cdn.shopify.com/s/files/1/0872/6095/4939/files/1_71b247ff-c3d7-4311-bccc-198df18dacbf.webp?v=1787208169
homerun,8VLXH,"Zipco Wooden/Gypsum (POP) Screws, 1 Box",HomeRun,,353.0,InStock,0,https://home-run.co/products/zipco-screws,https://cdn.shopify.com/s/files/1/0872/6095/4939/files/Zipco_Wooden_Gypsum_Screws_3.5mm_Box.jpg?v=1770112225
homerun,2TUYR,"Priya PPC Cement, 50 Kg Bag",Priya,,350.0,InStock,0,https://home-run.co/products/priya-ppc-cement,https://cdn.shopify.com/s/files/1/0872/6095/4939/files/1_Front_shot_Main_Image_db6e4915-2e01-4f01-9712-a98e2c74529e.webp?v=1775541758
homerun,THQ36,"Taparia Double Ended Spanner Set, Chrome Vanadium Steel",HomeRun,,349.0,InStock,0,https://home-run.co/products/taparia-double-ended-spanner-set-chrome-vanadium-steel,https://cdn.shopify.com/s/files/1/0872/6095/4939/files/TapariaDoubleEndedSpannerSet_ChromeVanadiumSteel-Setof8Pcs_DEP08.webp?v=1784722202
homerun,CPGDV,Taparia Combination Cutting Plier with Joint Cutter,HomeRun,,349.0,InStock,0,https://home-run.co/products/taparia-combination-cutting-plier-with-joint-cutter,https://cdn.shopify.com/s/files/1/0872/6095/4939/files/719ij9QJWGL._SL1500.webp?v=1785765807
homerun,JL6KD,"LOCTITE Powergrab All Purpose Construction Adhesive, 380g",HomeRun,,344.0,InStock,0,https://home-run.co/products/loctite-powergrab-all-purpose-construction-adhesive-380gm,https://cdn.shopify.com/s/files/1/0872/6095/4939/files/LOCTITE_Powergrab_All_Purpose_Construction_Adhesive_380gm_1.webp?v=1782207444
homerun,2SQVN,Wipro Garnet Rimless Round LED Surface Panel Light (2 Years Warranty),HomeRun,,339.0,InStock,0,https://home-run.co/products/wipro-garnet-rimless-round-led-surface-panel-light,https://cdn.shopify.com/s/files/1/0872/6095/4939/files/WiproGarnetRimlessround.webp?v=1783573401
homerun,J5DBH,Taparia Single Sided Adjustable Spanner,HomeRun,,339.0,InStock,0,https://home-run.co/products/taparia-single-sided-adjustable-spanner,https://cdn.shopify.com/s/files/1/0872/6095/4939/files/6_2c4b9d7d-196c-48cb-ae7e-473822d91520.webp?v=1785849866
homerun,YNTBR,Asian Paints Apcolite Premium Glossy Enamel,Asian Paints,,330.0,InStock,0,https://home-run.co/products/asian-paints-apcolite-premium-enamel-for-doors-windows-etc-1l-4l,https://cdn.shopify.com/s/files/1/0872/6095/4939/files/1AsianPaintsApcolitePremiumGlossyEnamelimage.webp?v=1780735993
homerun,4X93S,Ebco Wardrobe Rail Fittings,Ebco,,326.0,InStock,0,https://home-run.co/products/ebco-wardrobe-rail-fittings-oval-cabinet-rail,https://cdn.shopify.com/s/files/1/0872/6095/4939/files/Wardrobe-Rail-Fittings.png?v=1738913121
homerun,VE85F,"Generic Chicken Wire Mesh, 20 Gauge, 3ft Wide, 2Kg",HomeRun,,320.0,InStock,0,https://home-run.co/products/generic-chicken-wire-mesh-20-gauge-2-kg-3-feet-height,https://cdn.shopify.com/s/files/1/0872/6095/4939/files/chicken_wire_mesh_1.png?v=1773289685
homerun,SLTPK,"Ashirvad CPVC Flowguard Plus Pipe, SDR-11, 5m Length",Ashirvad,,316.0,InStock,0,https://home-run.co/products/ashirvad-cpvc-flowguard-plus-pipe-sdr-11-5m-length-copy,https://cdn.shopify.com/s/files/1/0872/6095/4939/files/Ashirvad_CPVC_Flowguard_Plus_Pipe_SDR-11_5m_Length_1d43fa9c-3624-4929-8973-9b2cc8b755a0.webp?v=1740983398
homerun,HZPM3,"Taparia Screwdriver Set, Model 812",HomeRun,,309.0,InStock,0,https://home-run.co/products/taparia-screwdriver-set-model-812,https://cdn.shopify.com/s/files/1/0872/6095/4939/files/1_daf5ce05-b0f4-40f4-89c0-fe7427c57c36.webp?v=1786093447
homerun,GSEYG,"JSW Enduro Plast Ready Mix Plaster, 40 Kg Bag",Jsw,,305.0,InStock,0,https://home-run.co/products/jsw-enduro-plast-ready-mix-plaster-40-kg-bag,https://cdn.shopify.com/s/files/1/0872/6095/4939/files/1_JSW_Enduro_Plast_Ready_Mix_Plaster_front.webp?v=1779704930
homerun,7NCPM,Fevicol HeatX Heatproof Adhesive,Fevicol,,300.0,InStock,0,https://home-run.co/products/pidilite-fevicol-heatx-heatproof-adhesive,https://cdn.shopify.com/s/files/1/0872/6095/4939/files/fevicol-heatx-500-ml-woodwork-adhesive-1_1_1.png?v=1757684872
homerun,CYLDV,"Ebco Pro Lift Cabinet Gas Pump, 1 Set (2 Nos)",Ebco,,300.0,InStock,0,https://home-run.co/products/ebco-pro-lift-cabinet-gas-pump-set,https://cdn.shopify.com/s/files/1/0872/6095/4939/files/ebco-pro-lift-soft-close-silver-hydraulic-gas-spring.jpg?v=1742903508
homerun,D6HCT,"DOWSIL™ 789 Silicone Weather Proofing Sealant, 280ml",HomeRun,,300.0,InStock,0,https://home-run.co/products/dow-seal,https://cdn.shopify.com/s/files/1/0872/6095/4939/files/DOWSIL_789_Silicone_Weather_Proofing_Sealant_280ml.jpg?v=1770112275
homerun,NQSPJ,"Generic Blue Tarpaulin (Tirpal), 110 GSM, 15 X 12 ft, Waterproof Protective Sheet",HomeRun,,300.0,InStock,0,https://home-run.co/products/generic-blue-tarpaulin-110-gsm-15-x-12-feet-waterproof-protective-sheet,https://cdn.shopify.com/s/files/1/0872/6095/4939/files/IMG_20260518_130950_Generic_Blue_Tarpaulin_Tirpal_110_GSM_15_x_12_Feet_Waterproof_Protective_Sheet_a.webp?v=1779261320
homerun,E3MPF,MYK Laticrete LATAPOXY® 310 Epoxy Chemical Anchor,Myk Laticrete,,300.0,InStock,0,https://home-run.co/products/myk-laticrete-latapoxy®-310-epoxy-chemical-anchor,https://cdn.shopify.com/s/files/1/0872/6095/4939/files/Untitled-1.webp?v=1785162605
homerun,HKUGB,"Birla White TX1 Tile Adhesive, White, 20 kg Bag",Birla White,,299.0,InStock,0,https://home-run.co/products/birla-white-tx1-tile-adhesive-white-20-kg-bag,https://cdn.shopify.com/s/files/1/0872/6095/4939/files/1_Birla_white_tilestix_intero_main_image.webp?v=1776256757
homerun,JCCQV,"Bosch Expert 125mm (5"") Segmented Diamond Cutting Blade",HomeRun,,299.0,InStock,0,https://home-run.co/products/bosch-expert-5-inch-segmented-diamond-cutting-blade,https://cdn.shopify.com/s/files/1/0872/6095/4939/files/bosch5inchblade.webp?v=1783407732
homerun,8HBV7,"Wipro Garnet Wave Slim Recessed LED Panel, Round (2 Years Warranty)",HomeRun,,299.0,InStock,0,https://home-run.co/products/wipro-garnet-wave-slim-recessed-led-panel-round,https://cdn.shopify.com/s/files/1/0872/6095/4939/files/WiproGarnetWavePanel.webp?v=1783513520
homerun,AJUSL,"Hettich KA 5632 Telescopic Channel, Regular Close, 45 kg Capacity, Zinc, 200mm to 700mm",Hettich,,295.0,InStock,0,https://home-run.co/products/hettich-channel-soft-close-300mm-9293309,https://cdn.shopify.com/s/files/1/0872/6095/4939/files/1_Hettich_KA_4732_Telescopic_Channel_regular_image_1.webp?v=1780470240
homerun,X9SH7,"Alagar Super Plast Gypsum Plaster, 25 Kg Bag",Alagar,,295.0,InStock,0,https://home-run.co/products/alagar-white-gypsum-pop-powder-25kg,https://cdn.shopify.com/s/files/1/0872/6095/4939/files/1_ALAGAR_gypsum_plaster_front.webp?v=1779453033
homerun,JSYLA,"Philips Ultra Glow LED Downlight, Round",Philips,,293.0,InStock,0,https://home-run.co/products/philips-ultra-glow-led-downlight-3,https://cdn.shopify.com/s/files/1/0872/6095/4939/files/ChatGPT_Image_Dec_13_2025_06_14_43_PM.png?v=1765629918
homerun,3ARHP,Fevicol SH Adhesive,Fevicol,,292.0,InStock,0,https://home-run.co/products/pidilite-fevicol-sh-synthetic-resin-adhesive,https://cdn.shopify.com/s/files/1/0872/6095/4939/files/Fevicol_SH_Adhesive_1_2_3_kgs_5261f693-5e54-45de-9185-790d2cd458b6.webp?v=1757683661
homerun,GCJ26,"Taparia Side Cutting Plier with Cable Stripper, 6 inch / 165mm",HomeRun,,288.0,InStock,0,https://home-run.co/products/taparia-side-cutting-plier-with-cable-stripper-6-inch-165mm,https://cdn.shopify.com/s/files/1/0872/6095/4939/files/61F6sgy9VvL._SL1500__1.webp?v=1785767100
homerun,VPU9V,Liftor Magnetic Door Stopper/Catcher,HomeRun,,286.0,InStock,0,https://home-run.co/products/liftor-magnet-door-catcher-wooden-door-magnet,https://cdn.shopify.com/s/files/1/0872/6095/4939/files/21EP2m--UEL.jpg?v=1758205923
homerun,S48GA,"Flexible PVC Electrical Conduit Pipe, 25m (82 ft) Roll",HomeRun,,280.0,InStock,0,https://home-run.co/products/generic-flexible-pipe-pvc-flexible-tube-plastic-heavy,https://cdn.shopify.com/s/files/1/0872/6095/4939/files/pvc_pipe_white.webp?v=1780479919
homerun,Q7BYQ,Fall protection Safety Harness Belt with Hooks,HomeRun,,280.0,InStock,0,https://home-run.co/products/fall-protection-safety-harness-belt-with-hooks,https://cdn.shopify.com/s/files/1/0872/6095/4939/files/HALF_BODY_SAFETY_BELT.webp?v=1784120296
homerun,4PRKE,"Taparia Econ-Series Long Nose Plier, 6 inch / 165mm",HomeRun,,279.0,InStock,0,https://home-run.co/products/taparia-econ-series-long-nose-plier-6-inch-165mm,https://cdn.shopify.com/s/files/1/0872/6095/4939/files/1_654192d7-d8e7-4c80-ab7c-280f983dbb9e.webp?v=1786086856
homerun,577AW,"Legrand Myrius NextGen 6A Bell Push Switch with Indicator, 2 Module",Legrand,,272.0,InStock,0,https://home-run.co/products/legrand-myrius-nextgen-6a-bell-push-switch-with-indicator-1-way-2-mod,https://cdn.shopify.com/s/files/1/0872/6095/4939/files/NextGen_6A_Bell_Push_Switch_with_Indicator_2_Module_white.png?v=1758516637
homerun,GTV8M,"Ebco Pro Lift Cabinet Gas Pump, 20 Kg, Regular Close, PLC-20",Ebco,,268.0,InStock,0,https://home-run.co/products/ebco-pro-lift-cabinet-gas-pump-set-1,https://cdn.shopify.com/s/files/1/0872/6095/4939/files/ebco-20-kg-hydraulic-lift-up-1.jpg?v=1761115301
homerun,MFR2M,"Barricade Caution Tape, Non-Adhesive High-Visibility",HomeRun,,265.0,InStock,0,https://home-run.co/products/barricade-caution-tape-non-adhesive-high-visibility,https://cdn.shopify.com/s/files/1/0872/6095/4939/files/Barricade_Caution_Tape_Non-Adhesive_High-Visibility.webp?v=1784121143
homerun,S755T,Europa Cupboard & Drawer Locks,Europa,,261.0,InStock,0,https://home-run.co/products/europa-cupboard-locks-f160-iv-ss,https://cdn.shopify.com/s/files/1/0872/6095/4939/files/1_6.jpg?v=1746763924
homerun,44M35,Evion Reflective Safety Jacket – Breathable Mesh & Solid Workwear Vests with Zip and Pocket,HomeRun,,260.0,InStock,0,https://home-run.co/products/evion-reflective-safety-jacket-breathable-mesh-solid-workwear-vests,https://cdn.shopify.com/s/files/1/0872/6095/4939/files/60075214606_3915979000000118930_48391768277307.jpg?v=1787736556
homerun,K5X6X,"MYK Laticrete 303 Grey Tile Adhesive, 20Kg Bag",Myk Laticrete,,255.0,InStock,0,https://home-run.co/products/myk-laticrete-laticrete®-303-grey-tile-adhesive-20kg-bag,https://cdn.shopify.com/s/files/1/0872/6095/4939/files/L_303_20_Kg_Bag-1_1.png?v=1782467004
homerun,FFNV6,Asian Paints TruCare White Wood Primer,Asian Paints,,249.0,InStock,0,https://home-run.co/products/asian-paints-trucare-white-wood-primer,https://cdn.shopify.com/s/files/1/0872/6095/4939/files/Group82.webp?v=1787829549
homerun,SDP73,Asian Paints TruCare Yellow Metal Primer,Asian Paints,,240.0,InStock,0,https://home-run.co/products/asian-paints-trucare-yellow-metal-primer,https://cdn.shopify.com/s/files/1/0872/6095/4939/files/Group80.webp?v=1787829188
homerun,ZNB7D,"Asian Paints Ace, Colour",Asian Paints,,240.0,InStock,0,https://home-run.co/products/asian-paints-ace-colour,https://cdn.shopify.com/s/files/1/0872/6095/4939/files/10.webp?v=1787653188
homerun,BQ5GP,"Freemans Spirit Level, Aluminium, Magnetic, 30cm (12"")",HomeRun,,240.0,InStock,0,https://home-run.co/products/freeman-spirit-level-magnet,https://cdn.shopify.com/s/files/1/0872/6095/4939/files/Freemans_Spirit_Level_Aluminium_Magnetic_30cm_-_1.webp?v=1770112509
homerun,RXCLN,"Anchor Roma 32A DP Power Switch with Indicator, 1 Way, White, 2 Module",Anchor,,228.0,InStock,0,https://home-run.co/products/anchor-roma-32a-dp-power-switch-with-indicator-1-way-white-2-module,https://cdn.shopify.com/s/files/1/0872/6095/4939/files/Anchor_Roma_32A_DP_Power_Switch_with_Indicator_1_Way_White_2_Module.webp?v=1739866983
homerun,WCEAU,"Hettich Onsys 4447i Soft Close Hinges, 1 Set (2 Nos)",Hettich,,222.0,InStock,0,https://home-run.co/products/hettich-0-crank-soft-close-hinges-25mm-9281432,https://cdn.shopify.com/s/files/1/0872/6095/4939/files/Hettich_Onsys_4447i_Soft_Close_Hinges_1_Set_2_Nos.webp?v=1786444354
homerun,47YBJ,"Asian Paints Ace, Base White",Asian Paints,,220.0,InStock,0,https://home-run.co/products/asian-paints-ace-base-white,https://cdn.shopify.com/s/files/1/0872/6095/4939/files/8_46332f80-1d5c-4c54-b56f-fd5e70ed039a.webp?v=1787652915
homerun,G44YV,Dr. Fixit 201 Crack-X Paste,Dr. Fixit,,217.0,InStock,0,https://home-run.co/products/dr-fixit-crack-x-paste,https://cdn.shopify.com/s/files/1/0872/6095/4939/files/201-500g.jpg?v=1757490858
homerun,77HVD,"Asian Paints Tractor Emulsion, Colour",Asian Paints,,215.0,InStock,0,https://home-run.co/products/asian-paints-tractor-emulsion-colour,https://cdn.shopify.com/s/files/1/0872/6095/4939/files/6_3902de6e-76e4-4626-a6fd-075d68986c2d.webp?v=1787652810
homerun,A827U,"Wipro Garnet IP65 LED Strip Light Driver, 220-240V AC",HomeRun,,209.0,InStock,0,https://home-run.co/products/wipro-garnet-ip65-led-strip-light-driver-220-240v-ac,https://cdn.shopify.com/s/files/1/0872/6095/4939/files/WiproGarnetIP65LEDStripLightDriver_220-240VAC.png?v=1784544741
homerun,68V7T,MYK Laticrete Tile Levelling Clips with Wedges - Pack of 50,Myk Laticrete,,205.0,InStock,0,https://home-run.co/products/myk-laticrete-tile-leverling-clips-and-wedges,https://cdn.shopify.com/s/files/1/0872/6095/4939/files/1_MYK_Laticrete_Tile_Levelling_Clips_with_Wedges_1_1.webp?v=1780313454
homerun,QJ5EW,"CROWN Industrial Safety Helmet, Head Protection Site Hard Hat",HomeRun,,200.0,InStock,0,https://home-run.co/products/crown-industrial-safety-helmet-head-protection-site-hard-hat,https://cdn.shopify.com/s/files/1/0872/6095/4939/files/1_5b0fc884-d16b-46fa-bada-36f57918a977.webp?v=1786109985
homerun,T9QCX,Unloading Service,HomeRun,,199.0,InStock,0,https://home-run.co/products/unloading-service,https://cdn.shopify.com/s/files/1/0872/6095/4939/files/unload_2.png?v=1732262859
homerun,F84TL,"Ashirvad Flowguard Plus CPVC Brass Female Extension 90° Elbow, 3/4"" X 1/2"" (Brass Elbow Long)",Ashirvad,,197.0,InStock,0,https://home-run.co/products/ashirvad-flowguard-plus-cpvc-brass-female-extension-90-elbow-3-4-x-1-2-copy,https://cdn.shopify.com/s/files/1/0872/6095/4939/files/2__Brass_Elbow_Long.webp?v=1741003005
homerun,3VV8F,"Asian Paints Tractor Emulsion, Base White",Asian Paints,,190.0,InStock,0,https://home-run.co/products/asian-paints-tractor-emulsion,https://cdn.shopify.com/s/files/1/0872/6095/4939/files/7_b0b4ff74-73db-4f27-b0dd-789823826172.webp?v=1787652547
homerun,R83C2,Schneider Miniature circuit breaker MCB - C60H - C curve,Schneider,,190.0,InStock,0,https://home-run.co/products/miniature-circuit-breaker-mcb-c60h-c-curve,https://cdn.shopify.com/s/files/1/0872/6095/4939/files/1P_10A.webp?v=1773740239
homerun,DDTE5,"Ebco Sleek Telescopic Drawer Channel, Regular Close, 35 Kg Capacity, Zinc",Ebco,,185.0,InStock,0,https://home-run.co/products/ebco-sleek-telescopic-drawer-channel-stds-i-regular-close-35-kg-capacity-zinc-200mm-to-700mm,https://cdn.shopify.com/s/files/1/0872/6095/4939/files/2_Ebco_Sleek_Telescopic_Drawer_Channel_Soft_Close_35_Kg_Capacity_Zinc_image.webp?v=1780466751
homerun,5BJF9,"Legrand Myrius NextGen Switch, 16A, 1 Mod, 1 Way",Legrand,,182.0,InStock,0,https://home-run.co/products/legrand-myrius-nextgen-switch-16a-1-mod-1-way,https://cdn.shopify.com/s/files/1/0872/6095/4939/files/MYRIUS_16A-Switch-1_Way-with_Indicator-1_Module-Charcoal_Grey_6fa261a1-af37-43af-90d8-d923d2d91012.webp?v=1736483543
homerun,NDHYB,"Jon Bhandari Two-Way Soft-Face Mallet, 1.4"" Face Dia X 3.5"" (W) X 9.4"" (L)",HomeRun,,180.0,InStock,0,https://home-run.co/products/jon-bhandari-tools-two-way-mallet-hammer-dual-head-soft-face-with-rubber-nylon-head,https://cdn.shopify.com/s/files/1/0872/6095/4939/files/1_Jon_Bhandari_Two-Way_Soft-Face_Mallet_front.webp?v=1780308987
homerun,AP3AH,"Evion Reflective Safety Jacket, L&T Reflective – 95GSM, Green",L&t,,180.0,InStock,0,https://home-run.co/products/evion-reflective-safety-jacket-l-t-reflective-95gsm-green,https://cdn.shopify.com/s/files/1/0872/6095/4939/files/1_52e19b60-3646-462e-a1eb-2bc196dc8e0c.webp?v=1786107833
homerun,78UU7,MYK Laticrete Notch Trowel,Myk Laticrete,,165.0,InStock,0,https://home-run.co/products/myk-laticrete-notch-trowel,https://cdn.shopify.com/s/files/1/0872/6095/4939/files/1_MYK_Laticrete_Notch_Trowel_front.webp?v=1780392631
homerun,2ZJN6,Dr. Fixit 101 Pidiproof LW+,Dr. Fixit,,160.0,InStock,0,https://home-run.co/products/dr-fixit-101-pidiproof-lw,https://cdn.shopify.com/s/files/1/0872/6095/4939/files/Dr._Fixit_101_Pidiproof_LW_20l.jpg?v=1757502744
homerun,8T9NS,Ashirvad Flowguard Plus Male Adapter Brass Threaded - MABT,Ashirvad,,160.0,InStock,0,https://home-run.co/products/ashirvad-flowguard-plus-male-adapter-brass-threaded-mabt,https://cdn.shopify.com/s/files/1/0872/6095/4939/files/Ashirvad_Flowguard_Plus_Male_Adapter_Brass_Threaded_-_MABT.webp?v=1741000609
homerun,HB8FZ,Electrical Spring,HomeRun,,160.0,InStock,0,https://home-run.co/products/electrical-spring,https://cdn.shopify.com/s/files/1/0872/6095/4939/files/Electrical_Spring.webp?v=1740987874
homerun,MFXAN,Asian Paints WOODTECH General Purpose Thinner (Turpentile Oil),Asian Paints,,160.0,InStock,0,https://home-run.co/products/asian-paints-woodtech-general-purpose-thinner-turpentile-oil,https://cdn.shopify.com/s/files/1/0872/6095/4939/files/OpenAIPlayground2026-08-27at13.44.15.webp?v=1787818860
homerun,32C3R,"Philips Slimline Ultra LED Tube Light, 20W",Philips,,160.0,InStock,0,https://home-run.co/products/philips-slimline-ultra-led-tube-light-1,https://cdn.shopify.com/s/files/1/0872/6095/4939/files/20_w_tubelight1.webp?v=1781604856
homerun,VGLHV,"Taparia DBS-5 Segmented  125mm (5"") Diamond Cutting Blade",HomeRun,,160.0,InStock,0,https://home-run.co/products/taparia-dbs-5-segmented-diamond-cutting-blade-5-inch-125mm,https://cdn.shopify.com/s/files/1/0872/6095/4939/files/TapariaDBS-5SegmentedDiamondCuttingBlade_5-Inch_125mm.jpg?v=1784724682
homerun,HMDDY,Ashirvad CPVC Brass Female Threaded Adaptor FABT,Ashirvad,,154.0,InStock,0,https://home-run.co/products/ashirvad-cpvc-brass-female-threaded-adaptor-fabt,https://cdn.shopify.com/s/files/1/0872/6095/4939/files/Ashirvad_CPVC_Brass_Female_Threaded_Adaptor_FABT_1c8414d1-44ca-4393-999a-3810f3edd4fa.webp?v=1741000372
homerun,5BFLJ,"Futura Stainless Steel Braided Hose | Brass Nut Insert, 24"" - 13.5mm",HomeRun,,152.0,InStock,0,https://home-run.co/products/futura-stainless-steel-braided-hose-brass-nut-insert-24-13-5mm,https://cdn.shopify.com/s/files/1/0872/6095/4939/files/ChatGPTImageAug10_2026_08_56_16PM.webp?v=1786375620
homerun,9H645,"Wipro Garnet LED Batten (4ft, Cool Daylight)",HomeRun,,149.0,InStock,0,https://home-run.co/products/wipro-garnet-led-batten-4ft-cool-daylight,https://cdn.shopify.com/s/files/1/0872/6095/4939/files/WiproGarnetLEDBatten_4ft_CoolDaylight_-1.jpg?v=1784356036
homerun,D7ZYV,"Ebco Soft Close Hinges, 1 Set (2 Nos)",Ebco,,146.0,InStock,0,https://home-run.co/products/ebco-slip-on-hinge-euro-regular-close-hinges-1-set-2-nos-copy,https://cdn.shopify.com/s/files/1/0872/6095/4939/files/1_ebco_hinges_slow_motion_click_main_image_f9693f58-3e46-4a45-94d9-b224ee7d534e.webp?v=1775653990
homerun,4A3KY,"VIP PVC Solvent, 250 ml Bottle",HomeRun,,142.0,InStock,0,https://home-run.co/products/vip-pvc-solvent-cement-250ml,https://cdn.shopify.com/s/files/1/0872/6095/4939/files/vip-pvc-solvent-cement-250ml.webp?v=1770109849
homerun,2SG3U,"King Cobra SS Nails, 1 Kg",HomeRun,,142.0,InStock,0,https://home-run.co/products/cobra-ss-nails,https://cdn.shopify.com/s/files/1/0872/6095/4939/files/King_Cobra_SS_Nails_1kg.jpg?v=1770112359
homerun,DBQC2,"LOCTITE General Purpose Sealant, White",HomeRun,,141.0,InStock,0,https://home-run.co/products/loctite-general-purpose-sealant-white,https://cdn.shopify.com/s/files/1/0872/6095/4939/files/LOCTITEGeneralPurposeSealant_White.webp?v=1782210208
homerun,WGZRA,Roff T16 Cera Tile & Ceramic Cleaner,Roff,,140.0,InStock,0,https://home-run.co/products/roff-t16-cera-tile-ceramic-cleaner,https://cdn.shopify.com/s/files/1/0872/6095/4939/files/1_Roff_Tile_cleaner_Images.webp?v=1779965998
homerun,H56YJ,"Bosch Expert 110mm (4"") Segmented Diamond Cutting Blade",HomeRun,,140.0,InStock,0,https://home-run.co/products/bosch-expert-110mm-4-segmented-diamond-cutting-blade,https://cdn.shopify.com/s/files/1/0872/6095/4939/files/ChatGPTImageAug11_2026_11_17_25PM.webp?v=1786515630
homerun,6KCPK,"Legrand Myrius NextGen 3 Pin Socket, 2 Module",Legrand,,131.0,InStock,0,https://home-run.co/products/legrand-myrius-nextgen-6a-3-pin-socket-with-shutter-classic-white-2-module,https://cdn.shopify.com/s/files/1/0872/6095/4939/files/Legrand_Myrius_NextGen_3_Pin_Socket_2_Module_classic_white_6A.png?v=1758514993
homerun,7Q8UJ,"MYK Laticrete SP-100 Epoxy Tile Grout, Colour Powder (Part C)",Myk Laticrete,,130.0,InStock,0,https://home-run.co/products/myk-laticrete-sp-100-epoxy-tile-grout-colour-powder,https://cdn.shopify.com/s/files/1/0872/6095/4939/files/1_MYK_Laticrete_sp100_grout_main.webp?v=1779887550
homerun,3RV2J,"Metal Paste with Hardener, 900gm",HomeRun,,130.0,InStock,0,https://home-run.co/products/power-metal-paste-900gm,https://cdn.shopify.com/s/files/1/0872/6095/4939/files/Untitled-1_metal_paste.webp?v=1777102435
homerun,46LKM,"Taparia Two-in-One Screwdriver, Black Tip",HomeRun,,129.0,InStock,0,https://home-run.co/products/taparia-two-in-one-screwdriver-black-tip,https://cdn.shopify.com/s/files/1/0872/6095/4939/files/12.webp?v=1785999531
homerun,KH8LV,Futura Deluxe Round Frame Grating,HomeRun,,128.0,InStock,0,https://home-run.co/products/futura-deluxe-round-frame-grating,https://cdn.shopify.com/s/files/1/0872/6095/4939/files/ChatGPTImageAug11_2026_10_59_30AM.webp?v=1786426190
homerun,U82X6,Ashirvad Flowguard Plus Reducing Male Adapter Brass Threaded - MABT,Ashirvad,,127.0,InStock,0,https://home-run.co/products/ashirvad-flowguard-plus-reducing-male-adapter-brass-threaded-mabt,https://cdn.shopify.com/s/files/1/0872/6095/4939/files/Ashirvad_CPVC_Fitting_Reducing-MABT.png?v=1732688546
homerun,U4VA8,"Kohinoor Sink Waste PVC Pipe, 32mm",Kohinoor,,125.0,InStock,0,https://home-run.co/products/kohinoor-waste-pvc-pipe-32mm,https://cdn.shopify.com/s/files/1/0872/6095/4939/files/Group48096238.png?v=1758379835
homerun,83X4B,"Taparia DBS-4 Segmented 110mm (4"") Diamond Cutting Blade",HomeRun,,125.0,InStock,0,https://home-run.co/products/taparia-dbs-4-segmented-diamond-cutting-blade-4-inch-110mm,https://cdn.shopify.com/s/files/1/0872/6095/4939/files/ChatGPT_Image_Jul_26_2026_10_53_46_PM.png?v=1785086650
homerun,5QYV2,Legrand Myrius NextGen Plate with Frame,Legrand,,122.0,InStock,0,https://home-run.co/products/legrand-myrius-plate-with-frame-pearl-champagne,https://cdn.shopify.com/s/files/1/0872/6095/4939/files/Group48096261.png?v=1725717335
homerun,ERNKD,"Ebco PVC Skirting Joints, 100mm, Black (Pack of 1 No.)",Ebco,,120.0,InStock,0,https://home-run.co/products/ebco-pvc-skirting-joints-100mm-black,https://cdn.shopify.com/s/files/1/0872/6095/4939/files/Screenshot_2025-09-18_at_9.36.29_AM.png?v=1758168743
homerun,PLESU,"MYK Laticrete Clenza TC Tile Cleaner, 1 L",Myk Laticrete,,120.0,InStock,0,https://home-run.co/products/myk-laticrete-clenza™-tc-tile-cleaner-500-ml,https://cdn.shopify.com/s/files/1/0872/6095/4939/files/MYK_Laticrete_Clenza_TC_Tile_Cleaner.webp?v=1783068793
homerun,J7ZMU,Ashirvad Flowguard Plus CPVC Brass Tee - MABT 3⁄4 x 3⁄4 x 1⁄2 inch,Ashirvad,,117.0,InStock,0,https://home-run.co/products/ashirvad-flowguard-plus-cpvc-brass-male-threaded-tee-mabt,https://cdn.shopify.com/s/files/1/0872/6095/4939/files/Ashirvad_Flowguard_Plus_CPVC_Brass_Tee_-_MABT_3_4_x_3_4_x_1_2.webp?v=1741002958
homerun,26PH6,Ebco Aluminium Shutter Grill,Ebco,,116.0,InStock,0,https://home-run.co/products/ebco-aluminum-shutter-grill,https://cdn.shopify.com/s/files/1/0872/6095/4939/files/Ebco_grill_1.webp?v=1779272973
homerun,ZCDZN,"Anchor Roma Switch, 20A, 1 Module, 1 Way, White",Anchor,,115.0,InStock,0,https://home-run.co/products/anchor-roma-20a-switch-with-indicator-1-way-white-1-module,https://cdn.shopify.com/s/files/1/0872/6095/4939/files/AnchorRoma20A_Plain.png?v=1736412166
homerun,SPPXB,"Viking Floor Drain Jali, Round, 125mm, 40906-A",Viking,,115.0,InStock,0,https://home-run.co/products/viking-floor-drain-jali-round-125mm,https://cdn.shopify.com/s/files/1/0872/6095/4939/files/40905-A-Drain-Flat-Round-with-hole..-800x800.jpg?v=1758375389
homerun,JBMRH,"Anchor Roma Bell Push Switch, 10A, 2 Module, White",Anchor,,109.0,InStock,0,https://home-run.co/products/anchor-roma-bell-push-switch-10a-2-module-white,https://cdn.shopify.com/s/files/1/0872/6095/4939/files/Anchor_Roma_Bell_Push_Switch_10A_2_Module_White.webp?v=1739272401
homerun,EZ4W4,"Freemans Measurement Tape, 5 meter",HomeRun,,105.0,InStock,0,https://home-run.co/products/stanley-measurement-tape,https://cdn.shopify.com/s/files/1/0872/6095/4939/files/gorilla_measuring_tape.webp?v=1783086007
homerun,K825K,"Anchor Roma 3 Pin Socket, 2 Module, White",Anchor,,101.0,InStock,0,https://home-run.co/products/anchor-roma-3-pin-socket-2-module-white,https://cdn.shopify.com/s/files/1/0872/6095/4939/files/ARoma6A.png?v=1758520280
homerun,PRPD5,Ashirvad Flowguard Plus CPVC Ball Valve,Ashirvad,,97.0,InStock,0,https://home-run.co/products/ashirvad-cpvc-ball-valve,https://cdn.shopify.com/s/files/1/0872/6095/4939/files/Ashirvad_Flowguard_Plus_CPVC_Ball_Valve.webp?v=1740999831
homerun,DJBZW,"Futura PTMT Connection Pipe | Both Side PVC Chuck Nut, 24""",HomeRun,,96.0,InStock,0,https://home-run.co/products/futura-ptmt-connection-pipe-both-side-pvc-chuck-nut-24,https://cdn.shopify.com/s/files/1/0872/6095/4939/files/ChatGPTImageAug10_2026_09_26_45PM.webp?v=1786377422
homerun,LE3P2,"VIP Metal Fan Box, 19mm (0.75""), Powder Coated, Red",HomeRun,,93.0,InStock,0,https://home-run.co/products/vip-metal-fan-box-powder-coated-20mm,https://cdn.shopify.com/s/files/1/0872/6095/4939/files/VIP_Metal_Fan_Box_19mm_Powder_Coated_Red_-_HomeRun_-_94.00.webp?v=1770109693
homerun,Z8EUR,Ashirvad Flowguard Plus 1 Step CPVC Yellow Medium Solvent Cement,Ashirvad,,90.0,InStock,0,https://home-run.co/products/ashirvad-flowguard-plus-1-step-cpvc-yellow-medium-solvent-cement,https://cdn.shopify.com/s/files/1/0872/6095/4939/files/1000267354.png?v=1760184846
homerun,GRCR5,"Hettich Slide On 3447 Non-Silent Hinge, Regular Close",Hettich,,90.0,InStock,0,https://home-run.co/products/hettich-slide-on-3447-non-silent-hinge-regular-close,https://cdn.shopify.com/s/files/1/0872/6095/4939/files/HettichSlideOn3447Non-SilentHinge_RegularClose2.webp?v=1782291969
homerun,YCL3S,"APEX Industrial Safety Helmet, Head Protection Site Hard Hat",HomeRun,,90.0,InStock,0,https://home-run.co/products/safety-helmet-for-industrial-use-premium-crown-white-apex-white-yellow-site-hard-hats,https://cdn.shopify.com/s/files/1/0872/6095/4939/files/1_fdf588a2-e66c-4d5c-9120-464ed6efafa5.webp?v=1786110463
homerun,AXWCB,"Evion Reflective Safety Jacket 1"" (Net and Fabric) – 50GSM",HomeRun,,90.0,InStock,0,https://home-run.co/products/reflective-safety-jacket-breathable-mesh-solid-workwear-vests,https://cdn.shopify.com/s/files/1/0872/6095/4939/files/3_25f5aa3b-90fe-47da-b173-42577d065fa4.webp?v=1786108454
homerun,8D3HZ,Ashirvad Flowguard Plus Reducing Female Adapter Brass Threaded - FABT,Ashirvad,,88.0,InStock,0,https://home-run.co/products/ashirvad-flowguard-plus-reducing-female-adapter-brass-threaded-fabt,https://cdn.shopify.com/s/files/1/0872/6095/4939/files/Ashirvad_Flowguard_Plus_Reducing_Female_Adapter_Brass_Threaded_-_FABT.webp?v=1741002783
homerun,JGAPC,Ashirvad Flowguard Plus Brass Threaded Tee,Ashirvad,,87.0,InStock,0,https://home-run.co/products/ashirvad-flowguard-plus-brass-threaded-tee,https://cdn.shopify.com/s/files/1/0872/6095/4939/files/Ashirvad_Flowguard_Plus_Brass_Threaded_Tee.webp?v=1741002839
homerun,6GNA4,"Freemans Ikon Steel Measuring Tape, Auto-Lock, ABS Case with Belt Clip",HomeRun,,86.0,InStock,0,https://home-run.co/products/freemans-ikon-steel-measuring-tape-auto-lock-abs-case-with-belt-clip,https://cdn.shopify.com/s/files/1/0872/6095/4939/files/2_45e7efdb-ab96-4f13-9e8c-0383b2b75ffd.webp?v=1786089355
homerun,R9BDB,"VIP Metal Spot Light Box, 19mm (0.75""), Powder Coated, Red",HomeRun,,85.0,InStock,0,https://home-run.co/products/vip-metal-fan-box-powder-coated-20mm-1,https://cdn.shopify.com/s/files/1/0872/6095/4939/files/vip-metal-fan-box-powder-coated-20mm-1.webp?v=1770109839
homerun,SJY9N,Asian Paints TruCare Acrylic Wall Putty,Asian Paints,,85.0,InStock,0,https://home-run.co/products/asian-paints-trucare-acrylic-wall-putty-20-kg-bucket,https://cdn.shopify.com/s/files/1/0872/6095/4939/files/2_645df422-5036-46ae-9580-669a2fd39b47.webp?v=1787651787
homerun,RRD2A,"Anchor Tresa Plate with Frame, White",Anchor,,84.0,InStock,0,https://home-run.co/products/anchor-tresa-plate-with-frame-white,https://cdn.shopify.com/s/files/1/0872/6095/4939/files/Tresa2Mod.png?v=1736425921
homerun,2L7F6,"Legrand Myrius NextGen Switch, 6A, 1 Module",Legrand,,73.0,InStock,0,https://home-run.co/products/legrand-myrius-nextgen-switch-6a-1-module,https://cdn.shopify.com/s/files/1/0872/6095/4939/files/1_Legrand_Myrius_Nextgen_679200_main_image_2a1423a0-095a-4f4e-b530-dc1c47a1b9d4.webp?v=1775653124
homerun,VJKP5,Asian Paints TruCare Roller,Asian Paints,,70.0,InStock,0,https://home-run.co/products/asian-paints-trucare-roller,https://cdn.shopify.com/s/files/1/0872/6095/4939/files/roller_with_handle.webp?v=1783587590
homerun,WLGLC,Ashirvad Flowguard Plus CPVC 90° Elbow Brass,Ashirvad,,69.0,InStock,0,https://home-run.co/products/ashirvad-flowguard-plus-cpvc-pro-brass-fpt-90-elbow,https://cdn.shopify.com/s/files/1/0872/6095/4939/files/Ashirvad_Flowguard_Plus_CPVC_90_Elbow_Brass_77b159f3-1529-4b84-a266-86d3d49c1563.webp?v=1741002339
homerun,VZMTL,"Ebco Slip On Hinge, Regular Close, 1 Set (2 Nos)",Ebco,,69.0,InStock,0,https://home-run.co/products/ebco-slip-on-hinge-euro-regular-close-hinges-1-set-2-nos,https://cdn.shopify.com/s/files/1/0872/6095/4939/files/1_ebco_hinges_slip_on_regular_main_image_3c2add47-cf3b-4726-ad34-8ef0d8fed637.webp?v=1775654476
homerun,V83G7,"Taparia Snap-Off Blade Cutter Knife, 18mm",HomeRun,,69.0,InStock,0,https://home-run.co/products/taparia-snap-off-blade-cutter-knife-18mm,https://cdn.shopify.com/s/files/1/0872/6095/4939/files/1_2cd55643-8fa7-4a96-800f-15045a96efd2.webp?v=1785846619
homerun,A37M8,Premium Door Tower Bolt,HomeRun,,68.0,InStock,0,https://home-run.co/products/premium-door-tower-bolt,https://cdn.shopify.com/s/files/1/0872/6095/4939/files/TowerBoltMedium.jpg?v=1746784313
homerun,L5YD5,Ashirvad Flowguard Plus CPVC Step Over Bend,Ashirvad,,62.0,InStock,0,https://home-run.co/products/ashirvad-flowguard-plus-cpvc-pro-step-over-bend,https://cdn.shopify.com/s/files/1/0872/6095/4939/files/Ashirvad_Flowguard_Plus_CPVC_Step_Over_Bend.webp?v=1741001568
homerun,XLLFV,"VIP Electrical Conduit Pipe, FRLS, 3m/9.84 feet Length",HomeRun,,62.0,InStock,0,https://home-run.co/products/vip-electrical-conduit-pipe-frls-3m-length,https://cdn.shopify.com/s/files/1/0872/6095/4939/files/vip_conduit2ss.webp?v=1782200926
homerun,ACLDT,"Roff Tiles Spacer, 100 Nos/Pack",Roff,,60.0,InStock,0,https://home-run.co/products/roff-tiles-spacer-2mm-4mm-100-nos-pack,https://cdn.shopify.com/s/files/1/0872/6095/4939/files/1_Roff_Tile_spacer_Images_9a93477e-7933-4796-b5e4-64f64d49d024.webp?v=1779971868
homerun,TJAKJ,"Jascom PVC Junction Box, 5x5 Inch",HomeRun,,59.0,InStock,0,https://home-run.co/products/jascom-pvc-junction-box-5x5-inch,https://cdn.shopify.com/s/files/1/0872/6095/4939/files/ChatGPTImageAug11_2026_04_34_46AM.webp?v=1786448169
homerun,FPR8P,"Homlite Metal Junction Box, with Lid and Screw",HomeRun,,56.0,InStock,0,https://home-run.co/products/homlite-metal-junction-box-deep-with-lid-and-screw,https://cdn.shopify.com/s/files/1/0872/6095/4939/files/homlite-metal-junction-box-deep-with-lid-and-screw-1.webp?v=1770109883
homerun,MR2ZA,"LOCTITE Professional Instant Super Glue, 20g",HomeRun,,56.0,InStock,0,https://home-run.co/products/loctite-professional-instant-super-glue-20g,https://cdn.shopify.com/s/files/1/0872/6095/4939/files/LOCTITEProfessionalInstantSuperGlue_20g.webp?v=1782212146
homerun,EVTE7,Asian Paints TruCare Roller Refill,Asian Paints,,55.0,InStock,0,https://home-run.co/products/asian-paints-trucare-roller-refill,https://cdn.shopify.com/s/files/1/0872/6095/4939/files/ROLLER.webp?v=1783585215
homerun,XW3NG,"Fevi Kwik 203 Super Glue, Instant Bond, 20gm",HomeRun,,55.0,InStock,0,https://home-run.co/products/fevi-kwik-203-20gm,https://cdn.shopify.com/s/files/1/0872/6095/4939/files/1_Fevikwik_203_20g_main_image_a2f0d7af-13df-49c5-a0a6-938cbd0f8d50.webp?v=1775710947
homerun,ZWVL8,Ashirvad Flowguard Plus CPVC Union,Ashirvad,,54.0,InStock,0,https://home-run.co/products/ashirvad-flowguard-plus-cpvc-union,https://cdn.shopify.com/s/files/1/0872/6095/4939/files/Ashirvad_Flowguard_Plus_CPVC_Union.webp?v=1740998905
homerun,86D5W,Ashirvad Flowguard Plus CPVC Threaded Tank Nipple,Ashirvad,,52.0,InStock,0,https://home-run.co/products/ashirvad-flowguard-plus-cpvc-threaded-tank-nipple,https://cdn.shopify.com/s/files/1/0872/6095/4939/files/Ashirvad_Flowguard_Plus_CPVC_Threaded_Tank_Nipple_655af1b3-cae7-4d0b-90d1-2b4055cd385d.webp?v=1741000160
homerun,8KK4Z,"Anchor Deko Single Mounting Plate, White",Anchor,,52.0,InStock,0,https://home-run.co/products/anchor-deko-single-mounting-plate-white,https://cdn.shopify.com/s/files/1/0872/6095/4939/files/Deko2mod.png?v=1736427444
homerun,236JR,"Futura Waste Pipe | Flexible PVC, Heavy Duty, With PVC Chuck Nut",HomeRun,,52.0,InStock,0,https://home-run.co/products/futura-waste-pipe-flexible-pvc-heavy-duty-with-pvc-chuck-nut,https://cdn.shopify.com/s/files/1/0872/6095/4939/files/ChatGPTImageAug10_2026_08_12_12PM.webp?v=1786372973
homerun,QEJZS,"Anchor Roma Blank Plate, White, 1 Module, 1 Packet(2 nos)",Anchor,,49.0,InStock,0,https://home-run.co/products/anchor-roma-blank-plate-white-1-module,https://cdn.shopify.com/s/files/1/0872/6095/4939/files/Group21598_e38934e5-55f3-479a-a1a9-158ba95de383.png?v=1736424781
homerun,PZVXV,"Jascom PVC Junction Box, 4x4 Inch",HomeRun,,49.0,InStock,0,https://home-run.co/products/jascom-pvc-junction-box-4x4-inch,https://cdn.shopify.com/s/files/1/0872/6095/4939/files/ChatGPTImageAug11_2026_04_34_46AM_83db8994-49be-40b1-820f-d779d6aeeaa0.webp?v=1786448468
homerun,QCE39,Ashirvad FlowGuard Plus CPVC Reducer Tee,Ashirvad,,48.0,InStock,0,https://home-run.co/products/ashirvad-flowguard-plus-cpvc-reducer-tee,https://cdn.shopify.com/s/files/1/0872/6095/4939/files/Ashirvad_FlowGuard_Plus_CPVC_Reducer_Tee_f60756df-6884-40b7-bb47-a627cba79f22.webp?v=1741001266
homerun,R6GGC,"Ebco Push Open Fitting, Magnetic, Stroke 40mm (1.57""), POM40",Ebco,,48.0,InStock,0,https://home-run.co/products/ebco-push-open-fitting-magnetic-stroke-40mm,https://cdn.shopify.com/s/files/1/0872/6095/4939/files/EbcoPOM-40.webp?v=1742903175
homerun,SSQY4,Ashirvad Flowguard Plus CPVC Sweep Bend (Long Radius Bend),Ashirvad,,46.0,InStock,0,https://home-run.co/products/ashirvad-flowguard-plus-cpvc-sweep-bend-long-radius-bend,https://cdn.shopify.com/s/files/1/0872/6095/4939/files/Ashirvad_Flowguard_Plus_CPVC_Sweep_Bend_Long_Radius_Bend_f0cc028c-f47c-4607-b3f6-0d709c769cc2.webp?v=1741001319
homerun,AVS3K,"Anchor Roma Switch, 10A, 1 Module, White",Anchor,,44.0,InStock,0,https://home-run.co/products/anchor-roma-switch-10a-1-module-white,https://cdn.shopify.com/s/files/1/0872/6095/4939/files/AnchorRoma10A_1Way.png?v=1736409457
homerun,KJLFW,Ebco Mounting Screw Kit for Pro-Lift Bed Fittings,Ebco,,44.0,InStock,0,https://home-run.co/products/ebco-mounting-screw-kit-for-pro-lift-bed-fittings,https://cdn.shopify.com/s/files/1/0872/6095/4939/files/1_Ebco_Mounting_Screw_Kit_main_image.webp?v=1776084890
homerun,BE78H,Anchor GI Metal Back Box,Anchor,,42.0,InStock,0,https://home-run.co/products/anchor-gi-metal-back-box,https://cdn.shopify.com/s/files/1/0872/6095/4939/files/anchor-gi-metal-back-box.webp?v=1770110186
homerun,UZ6RS,"Anchor PVC Surface Box, White",Anchor,,42.0,InStock,0,https://home-run.co/products/anchor-pvc-surface-box-white-rc,https://cdn.shopify.com/s/files/1/0872/6095/4939/files/Anchor_PVC__anchor-pvc-surface-box-white-rcSurface_Box_White_img_1.webp?v=1770110281
homerun,KZ5ZQ,Hettich Clamps for KA Channels,Hettich,,41.0,InStock,0,https://home-run.co/products/hettich-clamps-for-ka-channel-required-if-channel-used-with-wire-baskets,https://cdn.shopify.com/s/files/1/0872/6095/4939/files/IMG_20260416_133859_hettich_clamps_KA_channel_70_70_15_aaa_1.webp?v=1779266409
homerun,PC29X,"Generic PVC Casing Capping, White, 2m (6.5 ft) Length",HomeRun,,40.0,InStock,0,https://home-run.co/products/classic-pvc-casing-capping-white,https://cdn.shopify.com/s/files/1/0872/6095/4939/files/pvc_casing.webp?v=1779787817
homerun,4LRMY,"Haks Plaster Trowel Gurmala, 4"" x 10""",HomeRun,,40.0,InStock,0,https://home-run.co/products/gurmala,https://cdn.shopify.com/s/files/1/0872/6095/4939/files/Haks_Plaster_Trowel_Gurmala_4_x_10.png?v=1770112442
homerun,X7LTX,"Generic Cable Tie, 100 Nos Pack",HomeRun,,40.0,InStock,0,https://home-run.co/products/cable-tie,https://cdn.shopify.com/s/files/1/0872/6095/4939/files/Cable_Tie.png?v=1758197349
homerun,FM8CU,"Bopp Self Adhesive Brown Tape, 3"" Wide, 30m (98ft) Long",HomeRun,,37.0,InStock,0,https://home-run.co/products/bopp-tape-50-meters,https://cdn.shopify.com/s/files/1/0872/6095/4939/files/Bopp_Self_Adhesive_Brown_Tape_3_Wide_30m_98ft_Long.webp?v=1785492946
homerun,PGCMW,"Ebco MS Wardrobe Rail Bracket - Metal Support for Hanging Rods, 1 Set (2 Nos), Nickel Plated, WRF-B2",Ebco,,36.0,InStock,0,https://home-run.co/products/ebco-wardrobe-rail-fittings-bracket-ms,https://cdn.shopify.com/s/files/1/0872/6095/4939/files/IMG_20260518_123814_Ebco_MS_Wardrobe_Rail_Bracket_-_Metal_Support_for_Hanging_Rods_1_Set_2_Nos.webp?v=1779183293
homerun,8LRBW,"Premium Door Butt Hinges, Stainless Steel",HomeRun,,34.0,InStock,0,https://home-run.co/products/premium-door-hinges,https://cdn.shopify.com/s/files/1/0872/6095/4939/files/1_Premium_Door_Butt_Hinges_Stainless_Steel_main_image_bd42f29f-4be9-4e96-b891-4e799642fadb.webp?v=1775714509
homerun,A6L85,Ashirvad Flowguard Plus CPVC Reducer 90° Elbow,Ashirvad,,32.0,InStock,0,https://home-run.co/products/ashirvad-cpvc-pro-reducer-90-elbow-copy,https://cdn.shopify.com/s/files/1/0872/6095/4939/files/Ashirvad_Flowguard_Plus_CPVC_Reducer_90_Elbow_0c6dcc01-e231-4bc2-9113-bee4a0003481.webp?v=1741001716
homerun,TX7UU,Ashirvad Flowguard Plus CPVC Reducing Male Adapter Plastic Threaded - MAPT,Ashirvad,,31.0,InStock,0,https://home-run.co/products/ashirvad-flowguard-plus-cpvc-reducing-male-adapter-plastic-threaded-mapt,https://cdn.shopify.com/s/files/1/0872/6095/4939/files/Ashirvad_Flowguard_Plus_CPVC_Reducing_Male_Adapter_Plastic_Threaded_-_MAPT.webp?v=1741002296
homerun,TEL5T,"Ebco PVC Skirting Q Plinth and Clip, 100mm",Ebco,,31.0,InStock,0,https://home-run.co/products/ebco-pvc-skirting-plinth,https://cdn.shopify.com/s/files/1/0872/6095/4939/files/Q_Plinth_with_Screw_grande_502d1c05-9dc6-4cb9-b74f-28b6eb493c70.webp?v=1758290429
homerun,V5CQU,"Viking PTFE Teflon Thread Seal Tape, 12mm (0.5"") X 10m (33 ft)",Viking,,30.0,InStock,0,https://home-run.co/products/astral-cpvc-pro-resitape-ptfe-tape,https://cdn.shopify.com/s/files/1/0872/6095/4939/files/Viking_PTFE_Teflon_Thread_Seal_Tape_12mm_X_10m_2649efb4-5205-45b8-84fe-603b812cb5d5.webp?v=1740999098
homerun,VXC77,"Hettich Wardrobe Cabinet Rail Support SL 322, 9343727",Hettich,,30.0,InStock,0,https://home-run.co/products/hettich-wardrobe-cabinet-rail-support-sl-322,https://cdn.shopify.com/s/files/1/0872/6095/4939/files/Hettich_Wardrobe_Cabinet_Rail_Support_SL_322.jpg?v=1777190690
homerun,3CDSX,"Asian Paints Trugrip Super Masking Tape ( Abro Tape ), 3/4''",Asian Paints,,30.0,InStock,0,https://home-run.co/products/asian-paints-trugrip-super-masking-tape-abro-tape,https://cdn.shopify.com/s/files/1/0872/6095/4939/files/1_Asian_Paints_Trugrip_Super_Masking_Tape_main_image_2ee7bc72-73ed-44de-84fc-2cfef6f4e12f.webp?v=1775653452
homerun,WCGY9,"Pidilite M-Seal Phataphat 90g, Multi-Purpose Waterproof Sealant Putty",Pidilite,,30.0,InStock,0,https://home-run.co/products/pidilite-m-seal-phataphat-90g-multi-purpose-waterproof-sealant-putty,https://cdn.shopify.com/s/files/1/0872/6095/4939/files/mseal.webp?v=1784540912
homerun,H85RB,Ashirvad Flowguard Plus Cross Tee,Ashirvad,,29.0,InStock,0,https://home-run.co/products/ashirvad-flowguard-plus-cross-tee,https://cdn.shopify.com/s/files/1/0872/6095/4939/files/Ashirvad_Flowguard_Plus_Cross_Tee.webp?v=1741002885
homerun,TWNSJ,"Legrand Myrius NextGen Blank Plate, 1 Module",Legrand,,29.0,InStock,0,https://home-run.co/products/legrand-myrius-nextgen-blank-plate-1-module,https://cdn.shopify.com/s/files/1/0872/6095/4939/files/NextGen_Blank_Plate_1_Module_white.png?v=1758517004
homerun,94LKQ,Ashirvad Flowguard Plus CPVC Reducer Coupler,Ashirvad,,24.0,InStock,0,https://home-run.co/products/ashirvad-cpvc-pro-reducer-coupler,https://cdn.shopify.com/s/files/1/0872/6095/4939/files/Ashirvad_Flowguard_Plus_CPVC_Reducer_Coupler_62d502b9-d759-4038-ac1c-10da68c5a4b3.webp?v=1741001149
homerun,ZKYRX,Ashirvad Flowguard Plus CPVC Tee,Ashirvad,,23.0,InStock,0,https://home-run.co/products/ashirvad-cpvc-pro-tee,https://cdn.shopify.com/s/files/1/0872/6095/4939/files/Ashirvad_Flowguard_Plus_CPVC_Tee_92e95243-97c9-40f5-84fd-2e8b55d5d639.webp?v=1740984175
homerun,ECDXG,Ashirvad Flowguard Plus CPVC Male Adapter Plastic Threaded - MAPT,Ashirvad,,23.0,InStock,0,https://home-run.co/products/ashirvad-flowguard-plus-cpvc-male-adapter-plastic-threaded-mapt,https://cdn.shopify.com/s/files/1/0872/6095/4939/files/Ashirvad_Flowguard_Plus_CPVC_Male_Adapter_Plastic_Threaded_-_MAPT_5ed66bbf-5a5a-46e5-bf0b-34816667939e.webp?v=1740999986
homerun,F7B8D,VIP PVC Surface Junction Box with Lid and Screw,HomeRun,,23.0,InStock,0,https://home-run.co/products/vip-pvc-junction-box-surface-with-lid-and-screw,https://cdn.shopify.com/s/files/1/0872/6095/4939/files/vip-pvc-junction-box-surface-with-lid-and-screw.webp?v=1770110168
homerun,SLZJD,"Allset Wonder PVC Electrical Insulating Tape, Single Piece",HomeRun,,20.0,InStock,0,https://home-run.co/products/achem-wonder-pvc-electrical-insulation-tape,https://cdn.shopify.com/s/files/1/0872/6095/4939/files/1_ACHEM_Wonder_PVC_Electrical_Insulation_Tape_main_image.webp?v=1776145354
homerun,TUU3S,Ashirvad Flowguard Plus CPVC Female Adapter Plastic Threaded - FAPT,Ashirvad,,20.0,InStock,0,https://home-run.co/products/ashirvad-flowguard-plus-cpvc-female-adapter-plastic-threaded-fapt,https://cdn.shopify.com/s/files/1/0872/6095/4939/files/Ashirvad_Flowguard_Plus_CPVC_Female_Adapter_Plastic_Threaded_-_FAPT_8d0c55e0-472d-4938-bfa4-0eaa40750376.webp?v=1741000083
homerun,RGB6G,Asian Paints TruCare Brush,Asian Paints,,20.0,InStock,0,https://home-run.co/products/asian-paints-trucare-brush,https://cdn.shopify.com/s/files/1/0872/6095/4939/files/OpenAIPlayground2026-08-27at13.53.48.webp?v=1787819133
homerun,AW5N5,Ashirvad Flowguard Plus CPVC 45° Elbow,Ashirvad,,19.0,InStock,0,https://home-run.co/products/ashirvad-cpvc-pro-45-elbow,https://cdn.shopify.com/s/files/1/0872/6095/4939/files/Ashirvad_Flowguard_Plus_CPVC_45_Elbow_ca50702c-09c9-4e35-9151-148e0bda42b2.webp?v=1740995949
homerun,WATCV,Ebco Hinge Drilling Template for HAP,Ebco,,17.0,InStock,0,https://home-run.co/products/ebco-hinge-drilling-template-for-hap,https://cdn.shopify.com/s/files/1/0872/6095/4939/files/ebco-hinge-drilling-template-for-hap.jpg?v=1770447456
homerun,A2AD2,Ashirvad Flowguard Plus CPVC 90° Elbow,Ashirvad,,16.0,InStock,0,https://home-run.co/products/ashirvad-cpvc-pro-90-elbow,https://cdn.shopify.com/s/files/1/0872/6095/4939/files/1_Ashirvad_Flowguard_Plus_CPVC_90_Elbow_main_image_95de15a1-707a-4234-a50c-4f9be06c6a0e.webp?v=1779343906
homerun,DFX4F,Trim Cut Hacksaw Blade,Trim Cut,,15.0,InStock,0,https://home-run.co/products/hacksaw_blade_trimcut,https://cdn.shopify.com/s/files/1/0872/6095/4939/files/Trim_Cut_Hacksaw_Blade_633fcd91-e60a-4d25-90f8-1e644e361a98.webp?v=1740999186
homerun,MZFEV,Ashirvad Flowguard Plus CPVC Coupler,Ashirvad,,13.0,InStock,0,https://home-run.co/products/ashirvad-flowguard-plus-cpvc-coupler,https://cdn.shopify.com/s/files/1/0872/6095/4939/files/Ashirvad_Flowguard_Plus_CPVC_Coupler.webp?v=1740995844
homerun,7253J,Asian Paints TruStar Sanding Paper,Asian Paints,,12.0,InStock,0,https://home-run.co/products/asian-paints-trustar-sanding-paper,https://cdn.shopify.com/s/files/1/0872/6095/4939/files/1_sand_paper_main_image.webp?v=1775811259
homerun,5U9PR,"Ebco Aluminium Profile Shutter Handle End Cap, EC-1935-AB, Anodised Black, L+R Set",Ebco,,12.0,InStock,0,https://home-run.co/products/ebco-aluminium-profile-shutter-handle-1935-copy,https://cdn.shopify.com/s/files/1/0872/6095/4939/files/IMG_20260416_163659f_Ebco_Aluminium_Profile_Shutter_Handle_1935_End_Cap_black.webp?v=1776762638
homerun,6C5HT,Ashirvad Flowguard Plus End Cap,Ashirvad,,11.0,InStock,0,https://home-run.co/products/ashirvad-flowguard-plus-end-cap,https://cdn.shopify.com/s/files/1/0872/6095/4939/files/Ashirvad_CPVC_Fitting_End-cap.png?v=1732628968
homerun,ZX5Q9,Bar Saddle,HomeRun,,8.0,InStock,0,https://home-run.co/products/vip-gi-bar-saddle-lms-heavy-duty-pack-of-100,https://cdn.shopify.com/s/files/1/0872/6095/4939/files/Bar_Saddle.webp?v=1740987258
homerun,PJVB6,Chakka,HomeRun,,8.0,InStock,0,https://home-run.co/products/chakka-pvc-white,https://cdn.shopify.com/s/files/1/0872/6095/4939/files/Group48096285.png?v=1725856808
homerun,2PEWV,Fan Cover,HomeRun,,8.0,InStock,0,https://home-run.co/products/pvc-fan-sheet-cover,https://cdn.shopify.com/s/files/1/0872/6095/4939/files/Fan_Cover.webp?v=1739521472
homerun,K5DGR,Ashirvad Flowguard Plus Metal Pipe Clamp/Strap,Ashirvad,,8.0,InStock,0,https://home-run.co/products/ashirvad-flowguard-plus-metal-pipe-clamp-strap,https://cdn.shopify.com/s/files/1/0872/6095/4939/files/ashirvad_metal_clamp_for_cpvc_pipe.jpg?v=1743075839
homerun,5J4US,Ashirvad Flowguard Plus Threaded End Plug,Ashirvad,,8.0,InStock,0,https://home-run.co/products/ashirvad-flowguard-plus-threaded-end-plug,https://cdn.shopify.com/s/files/1/0872/6095/4939/files/Ashirvad_Flowguard_Plus_Threaded_End_Plug.webp?v=1741003079
homerun,BXK85,"VIP Electrical Conduit Bend, HMS Heavy Grade",HomeRun,,7.0,InStock,0,https://home-run.co/products/vip-electrical-conduit-bend-hms-heavy-grade,https://cdn.shopify.com/s/files/1/0872/6095/4939/files/1_VIP_Electrical_Conduit_Bend_HMS_Heavy_Grade_main_image_5206445f-827b-4d17-a540-2c308fe3badb.webp?v=1775736395
homerun,NT4UJ,"Putty Blade, Stainless Steel",HomeRun,,6.0,InStock,0,https://home-run.co/products/haks-putty-blade,https://cdn.shopify.com/s/files/1/0872/6095/4939/files/1_Putty_Blade_Stainless_Steel_main_image.webp?v=1776153002
homerun,KZKHR,"VIP Electrical Conduit Collar, HMS Heavy Grade",HomeRun,,3.0,InStock,0,https://home-run.co/products/vip-electrical-conduit-collar,https://cdn.shopify.com/s/files/1/0872/6095/4939/files/1_VIP_Electrical_Conduit_collar_HMS_Heavy_Grade_main_image.webp?v=1775824580
homerun,8HLS7,Ebco Cabinet Shelf Support Pin,Ebco,,3.0,InStock,0,https://home-run.co/products/ebco-glass-shelf-pin-shelf-support,https://cdn.shopify.com/s/files/1/0872/6095/4939/files/1_Ebco_Cabinet_Shelf_Support_Pin_main_image.webp?v=1776056264
