severity,kind,sku,slug,name,detail,fixedTo
"review","missing-image","2SQVN","homerun-wipro-garnet-rimless-round-led-surface-panel-light-2-years-warranty-2sqvn","Wipro Garnet Rimless Round LED Surface Panel Light (2 Years Warranty)","No Quoin image; a source URL exists but is gated behind SHOW_SOURCE_IMAGES",""
"review","missing-image","4NPSJ","homerun-wipro-garnet-rimless-3-in-1-cct-surface-mounted-led-panel-2-years-warranty-4npsj","Wipro Garnet Rimless 3-in-1 CCT Surface Mounted LED Panel (2 Years Warranty)","No Quoin image; a source URL exists but is gated behind SHOW_SOURCE_IMAGES",""
"review","missing-image","549YM","ebco-ebco-fascia-bracket-for-powb4-40-at-549ym","Ebco Fascia Bracket for POWB4-40-AT","No Quoin image; a source URL exists but is gated behind SHOW_SOURCE_IMAGES",""
"review","missing-image","8HBV7","homerun-wipro-garnet-wave-slim-recessed-led-panel-round-2-years-warranty-8hbv7","Wipro Garnet Wave Slim Recessed LED Panel, Round (2 Years Warranty)","No Quoin image; a source URL exists but is gated behind SHOW_SOURCE_IMAGES",""
"review","missing-image","8VLXH","homerun-zipco-wooden-gypsum-pop-screws-1-box-8vlxh","Zipco Wooden/Gypsum (POP) Screws, 1 Box","No Quoin image; a source URL exists but is gated behind SHOW_SOURCE_IMAGES",""
"review","missing-image","9H645","homerun-wipro-garnet-led-batten-4ft-cool-daylight-9h645","Wipro Garnet LED Batten (4ft, Cool Daylight)","No Quoin image; a source URL exists but is gated behind SHOW_SOURCE_IMAGES",""
"review","missing-image","9R5VC","homerun-wipro-garnet-wave-infinity-3-in-1-led-panel-round-9r5vc","Wipro Garnet Wave Infinity 3-in-1 LED Panel, Round","No Quoin image; a source URL exists but is gated behind SHOW_SOURCE_IMAGES",""
"review","missing-image","A827U","homerun-wipro-garnet-ip65-led-strip-light-driver-220-240v-ac-a827u","Wipro Garnet IP65 LED Strip Light Driver, 220-240V AC","No Quoin image; a source URL exists but is gated behind SHOW_SOURCE_IMAGES",""
"review","no-variant","ACN-1111BNM","jaquar-single-towel-rail-450mm-long-405-55-194-210-06-45-acn-1111bnm","Single Towel Rail 450mm Long 405 55 194 210 06Ø 45","Active product with no variants — cannot be priced or bought",""
"review","no-variant","ACS-FRANCE","jaquar-381-4c-optimum-flow-and-temperature-higher-durability-0-3-chrome-10-nickel-jaquar-care-35-ylppa-c-t-chrome-finish-upper-shiny-protection-layer-provides-a-mirror-finish-to-every-faucet-high-plating-thickness-nickel-10-microns-and-chrome-0-3-microns-provides-tolerance-to-ext","38¼c Optimum Flow and Temperature Higher Durability (0.3µ Chrome + 10µ Nickel) Jaquar Care 35 ylppA C&T* Chrome Finish • Upper shiny protection layer provides a mirror finish to every faucet. • High plating thickness (Nickel: 10 microns and Chrome: 0.3 microns) provides tolerance to extreme climate and water conditions • 450+ hours of salt spray test ensures our finishes are highly durable and corrosion resistant for a much longer time. Jaquar’s range of products are so precision-engineered and made to such exacting quality standards that they come with a 10 Year Warranty. Offering customers complete peace of mind. *Unmatched Warranty Armed with a large service network of trained personnel who offer on-site plumbing guidelines and preventive maintenance services besides regular check-ups, Jaquar ensures uninterrupted bathing pleasure","Active product with no variants — cannot be priced or bought",""
"review","no-variant","ALD-065N","jaquar-concealed-body-for-single-lever-diverter-40mm-with-button-assembly-cartridge-sleeve-button-without-exposed-parts-1-2-bsp-1-2-bsp-35-041-83-max-66-min-48-ald-065n","Concealed Body for Single Lever Diverter 40mm with Button Assembly, Cartridge Sleeve (Button without Exposed Parts 1/2"" BSP 1/2"" BSP 35 041 83 Max.66 Min.48","Active product with no variants — cannot be priced or bought",""
"review","no-variant","ALD-075","jaquar-cartridge-concealed-body-for-single-lever-diverter-40mm-cartridge-on-top-but-with-button-assembly-cartridge-sleeve-button-on-bottom-but-without-exposed-parts-psb-2-1-53-psb-2-1-psb-2-1-rewohs-tuops-psb-2-1-84-44-031-75-118-1-2-bsp-1-2-bsp-ald-075","Cartridge Concealed Body for Single Lever Diverter 40mm Cartridge On Top But with Button Assembly, Cartridge Sleeve (Button on Bottom) But without Exposed Parts PSB ""2/1 53 PSB ""2/1 PSB ""2/1 )rewohS( )tuopS( PSB ""2/1 84 44 031 75 118 1/2"" BSP 1/2"" BSP","Active product with no variants — cannot be priced or bought",""
"review","no-variant","ALD-083","jaquar-fitting-sleeve-49-44-0-sleeve-operating-handle-ald-083","Fitting Sleeve, 49 44.0 SLEEVE OPERATING HANDLE","Active product with no variants — cannot be priced or bought",""
"review","no-variant","ALD-089","jaquar-spj-chr-7463pm-bath-tub-spout-with-button-attachment-for-hand-with-wall-flange-psb-2-1-07x58-22-83-wall-flange-ald-089","SPJ-CHR-7463PM Bath Tub Spout with Button attachment for Hand with Wall Flange PSB ""2/1 07x58 22 83 + WALL FLANGE","Active product with no variants — cannot be priced or bought",""
"review","no-variant","ALD-193","jaquar-with-concealed-body-for-3-inlet-single-lever-diverter-with-button-assembly-cartridge-sleeve-but-without-exposed-parts-58-114-bs-1-p-2-131-psb-2-1-58-114-1-2-b-sp-43-131-protective-cover-concealed-body-ald-193","with Concealed Body for 3-Inlet Single Lever Diverter with Button Assembly, Cartridge Sleeve But without Exposed Parts 58 114 BS 1/ P 2"" 131 PSB ""2/1 58 114 1/2 B "" SP 43 131 Protective cover Concealed body","Active product with no variants — cannot be priced or bought",""
"review","no-variant","ALD-661","jaquar-aquamax-concealed-body-oft-hermostatic-3-4-bsp-outlet-teltuo-psb-4-3-telni-toh-psb-4-3-106-ald-661","Aquamax Concealed Body ofT hermostatic 3/4"" BSP (outlet) )teltuo( PSB ""4/3 )telni toh( PSB ""4/3 106","Active product with no variants — cannot be priced or bought",""
"review","no-variant","ALD-681","jaquar-aquamax-concealed-body-of-t-hermostatic-shower-mixer-shower-mixer-with-2-way-diverter-telni-dloc-psb-4-3-teltuo-psb-4-3-plug-plastic-protective-cover-601-x-072-max-83-30-09-551-min-max-min-63-001-55-47-160x70-psb-2-1-55-nim-57-xam-1-2-bsp-1-2-bsp-1-2-bsp-1-2-bsp-96-ald-681","Aquamax Concealed Body of T hermostatic Shower Mixer Shower Mixer with 2-way diverter telni dloc( PSB ""4/3 )teltuo( PSB ""4/3 PLUG PLASTIC PROTECTIVE COVER 601 x 072 Max.83 30 09 551 min/max Min.63 001 55 47 160x70 PSB ""2/1 55 .niM 57 .xaM 1/2"" BSP 1/2"" BSP 1/2"" BSP 1/2"" BSP 96","Active product with no variants — cannot be priced or bought",""
"review","no-variant","ALD-683","jaquar-aquamax-concealed-body-oft-hermostatic-with-3-way-diverter-mumixam-muminim-100-ald-683","Aquamax Concealed Body ofT hermostatic with 3-way diverter mumixaM muminiM Ø100","Active product with no variants — cannot be priced or bought",""
"review","no-variant","ALD-783","jaquar-shower-mixer-aquamax-concealed-body-ofs-ingle-lever-shower-mixer-with-3-way-diverter-psb-2-151-telni-dloc-psb-2-1-telni-toh-8-170-1-2-bsp-shower-plastic-protective-cover-15-90-front-1-2-bsp-spout-m-40-in-2-max-55-2-1-2-bsp-1-2-bsp-60-531-23-concealed-body-ald-783","Shower Mixer Aquamax Concealed Body ofS ingle Lever Shower Mixer with 3-way diverter PSB ""2/151 telnI dloC PSB ""2/1 telnI toH Ø8 Ø170 1/2"" BSP ( Shower ) Plastic protective cover 15 Ø90 FRONT 1/2"" BSP( Spout) M 40 in ± . 2 Max.55±2 1/2"" BSP 1/2"" BSP 60 531 23 Concealed body","Active product with no variants — cannot be priced or bought",""
"review","no-variant","ALD-CHR-1045","jaquar-urinal-spreader-back-inlet-15mm-suitable-ald-chr-1045","Urinal Spreader Back Inlet 15mm (Suitable","Active product with no variants — cannot be priced or bought",""
"review","no-variant","ALI-85065NK","jaquar-125-571-06-single-lever-exposed-parts-kit-of-diverter-consisting-operating-lever-wall-flange-with-seals-button-compatible-with-item-ald-065n-ali-85065nk","125 571 06 Single Lever Exposed Parts Kit of Diverter Consisting Operating Lever, Wall Flange (with Seals) & Button (Compatible with Item ALD-065N)","Active product with no variants — cannot be priced or bought",""
"review","no-variant","ALI-85193K","jaquar-single-lever-3-inlet-divertor-exposed-parts-kit-operating-lever-wall-flange-button-only-suitable-for-item-ald-193-telni-dloc-psb-2-1-telni-toh-psb-2-1-058-220-120-51-50-45-front-ali-85193k","Single Lever 3-inlet Divertor Exposed parts kit Operating Lever, Wall Flange & Button Only (Suitable For Item ALD-193) telnI dloC PSB ""2/1 telnI toH PSB ""2/1 058 220 Ø120 51 50 Ø45 FRONT","Active product with no variants — cannot be priced or bought",""
"review","no-variant","ALI-85661K","jaquar-aquamax-exposed-part-kit-of-thermostatic-shower-mixer-suitable-for-ald-661-105-45-diverter-handle-45-thermostate-handle-wall-flange-092-ii-i-iii-off-38-8-ali-85661k","Aquamax Exposed Part Kit of Thermostatic Shower Mixer (Suitable for ALD-661) 105 45 DIVERTER HANDLE 45 THERMOSTATE HANDLE WALL FLANGE 092 II I III OFF 38° 8","Active product with no variants — cannot be priced or bought",""
"review","no-variant","ALI-85681K","jaquar-106-aquamax-exposed-part-with-2-way-diverter-ali-85681k","106 Aquamax Exposed Part with 2-way diverter","Active product with no variants — cannot be priced or bought",""
"review","no-variant","ALI-85683K","jaquar-aquamax-exposed-part-kit-of-thermostatic-shower-mixer-with-3-way-diverter-suitable-for-ald-683-ali-85683k","Aquamax Exposed Part Kit of Thermostatic Shower Mixer with 3-way diverter (Suitable for ALD-683)","Active product with no variants — cannot be priced or bought",""
"review","no-variant","ALI-85783K","jaquar-consisting-of-aquamax-exposed-part-kit-of-single-lever-shower-mixer-with-3-way-diverter-suitable-for-ald-783-single-lever-bidet-011-573-07-110-30-54-x-50-63-1-2-bsp-1-2-bspm-1-a-x-1-1-4-8-0-bsp-06-nim-5101-dednemmocer-021-xam-061-otpu-og-nac-ti-100-0711-1-2-bsp-1-2-bsp-ali","Consisting of Aquamax Exposed Part Kit of Single Lever Shower Mixer with 3-way diverter (Suitable for ALD-783) Single Lever | Bidet 011 573 07 110 30° 54 x 50 Ø63 ½""BSP ½""BSPM 1 a - x 1 .1 /4 8 "" 0 BSP 06 .niM 5101 )dednemmocer( 021 .xaM 061 otpu og nac ti 100 0711 1/2"" BSP 1/2"" BSP","Active product with no variants — cannot be priced or bought",""
"review","no-variant","ALX-WHT-H030","jaquar-jaquar-com-117-alx-wht-h030","jaquar.com 117","Active product with no variants — cannot be priced or bought",""
"review","no-variant","ARC-87661K","jaquar-aquamax-exposed-part-kit-of-thermostatic-shower-suitable-for-ald-661-wall-572-i-8-arc-87661k","Aquamax Exposed Part Kit of Thermostatic Shower (Suitable for ALD-661) + WALL 572 I 8","Active product with no variants — cannot be priced or bought",""
"review","no-variant","ARC-87677","jaquar-305-aquamax-exposed-part-kit-of-thermostatic-shower-mixer-with-4-hole-thermostatic-bath-and-shower-mixer-deck-mounted-3-way-diverter-compatible-with-ald-683-arc-87677","305 Aquamax exposed part kit of thermostatic shower mixer with 4 Hole Thermostatic Bath and Shower Mixer, Deck Mounted 3-way diverter (compatible with ALD-683)","Active product with no variants — cannot be priced or bought",""
"review","no-variant","ARC-87681K","jaquar-quarter-turn-basin-60x60-m28x1-5p-1-2-bsp-03-xam-165-30-60x60-35-hole-m28x1-5p-1-2-bsp-75-531-002-mixer-aquamax-exposed-part-kit-of-thermostatic-shower-mixer-with-2-way-diverter-suitable-for-ald-681-200-250-38-105-ii-iii-diverter-handle-off-54-45-63-54-45-63-arc-87681k","Quarter Turn | Basin 60x60 M28X1.5P 1/2"" BSP 03 .xaM 165 30° 60x60 ø35 hole M28X1.5P 1/2"" BSP 75 531 002 Mixer Aquamax Exposed Part Kit of Thermostatic Shower Mixer with 2-way diverter (Suitable for ALD-681) 200-250 38° 105 II III DIVERTER HANDLE OFF 54 45 63 54 45 63","Active product with no variants — cannot be priced or bought",""
"review","no-variant","ARC-87683K","jaquar-aquamax-exposed-part-kit-of-thermostatic-shower-with-3-way-diverter-suitable-for-ald-683-psb-2-1-230-arc-87683k","Aquamax Exposed Part Kit of Thermostatic Shower with 3-way diverter (Suitable for ALD-683) PSB""2/1 230","Active product with no variants — cannot be priced or bought",""
"review","missing-image","ARF9J","homerun-wipro-garnet-50m-ip65-144-led-warm-white-rope-light-2700k-arf9j","Wipro Garnet 50m IP65 144 LED Warm White Rope Light, 2700K","No Quoin image; a source URL exists but is gated behind SHOW_SOURCE_IMAGES",""
"review","no-variant","ARI-39065NK","jaquar-consisting-single-lever-exposed-parts-kit-of-diverter-consisting-of-with-operating-lever-wall-flange-with-seals-button-only-compatible-with-item-ald-065n-571-60-51-125-operating-lever-52-button-sleeve-70-26-cid-31-sleeve-06x06-ari-39065nk","Consisting Single Lever Exposed Parts Kit of Diverter Consisting of (with Operating Lever, Wall Flange (with Seals) & Button Only (Compatible with Item ALD-065N) 571 60 51Ø 125 OPERATING LEVER 52 BUTTON SLEEVE 70 26(cid:31) SLEEVE 06x06","Active product with no variants — cannot be priced or bought",""
"review","no-variant","ARI-39193K","jaquar-119-consisting-single-lever-3-inlet-divertor-exposed-parts-kit-consisting-of-with-operating-lever-wall-flange-button-only-suitable-for-item-ald-193-ari-39193k","119 Consisting Single Lever 3-inlet Divertor Exposed parts kit Consisting of (with Operating Lever, Wall Flange & Button Only (Suitable for Item ALD-193)","Active product with no variants — cannot be priced or bought",""
"review","no-variant","ARI-39661K","jaquar-aquamax-exposed-part-kit-of-thermostatic-shower-mixer-suitable-for-ald-661-105-572-ii-45-i-iii-off-diverter-handle-38-45-8-wall-flange-thermostate-handle-ari-39661k","Aquamax Exposed Part Kit of Thermostatic Shower Mixer (Suitable for ALD-661) 105 572 II 45 I III OFF DIVERTER HANDLE 38° 45 8 WALL FLANGE THERMOSTATE HANDLE","Active product with no variants — cannot be priced or bought",""
"review","no-variant","ARI-39681K","jaquar-122-aquamax-exposed-part-kit-with-2-way-diverter-suitable-ari-39681k","122 Aquamax Exposed Part Kit with 2-way diverter (Suitable","Active product with no variants — cannot be priced or bought",""
"review","no-variant","ARI-39683K","jaquar-aquamax-exposed-part-kit-of-thermostatic-shower-mixer-with-3-way-diverter-suitable-for-ald-683-ari-39683k","Aquamax Exposed Part Kit of Thermostatic Shower Mixer with 3-way diverter (Suitable for ALD-683)","Active product with no variants — cannot be priced or bought",""
"review","no-variant","ARI-39783K","jaquar-single-lever-kitchen-psb-1-2-170-1-150-130-1-53-70-aquamax-exposed-part-kit-of-single-lever-shower-with-3-way-diverter-suitable-for-ald-783-ari-39783k","Single Lever | Kitchen PSB""½ 170 ± 1 150 130 ± 1 53 Ø70 Aquamax Exposed Part Kit of Single Lever Shower with 3-way diverter (Suitable for ALD-783)","Active product with no variants — cannot be priced or bought",""
"review","price-in-name","ARS-WHT-39955S110UFSM","jaquar-363sppz-751p180sppz-751s300sppz-851s300spp-551sspp-1-450-1-225-751s-353-555s-753s-p-755s-851-1-350-757ns300sppsz-757s300sppz-757ns300sppz-1-375-ars-wht-39955s110ufsm","363SPPZ, 751P180SPPZ, 751S300SPPZ, 851S300SPP, 551SSPP 1,450 1,225 751S, 353, 555S,753S & P, 755S, 851 1,350 757NS300SPPSZ, 757S300SPPZ, 757NS300SPPZ 1,375","Looks like a price or a model number in the title: 1,450, 1,225, 1,350, 1,375",""
"review","no-variant","ARS-WHT-39955S110UFSM","jaquar-363sppz-751p180sppz-751s300sppz-851s300spp-551sspp-1-450-1-225-751s-353-555s-753s-p-755s-851-1-350-757ns300sppsz-757s300sppz-757ns300sppz-1-375-ars-wht-39955s110ufsm","363SPPZ, 751P180SPPZ, 751S300SPPZ, 851S300SPP, 551SSPP 1,450 1,225 751S, 353, 555S,753S & P, 755S, 851 1,350 757NS300SPPSZ, 757S300SPPZ, 757NS300SPPZ 1,375","Active product with no variants — cannot be priced or bought",""
"review","no-variant","AXP-WHT-H020","jaquar-alexa-horizontal-digital-product-specifications-details-alexa-horizontal-digital-volume-l-30-rated-wattage-2-3-5-kw-required-power-supply-v-hz-230-50-temperature-range-25oc-to-75oc-working-pressure-mpa-0-8-inlet-outlet-connection-inch-1-2-warranty-7-years-on-tank-4-years-o","ALEXA HORIZONTAL (Digital) Product Specifications Details Alexa Horizontal (Digital) Volume (L) 30 Rated Wattage 2/3/5 kW Required Power Supply (V/Hz) 230/50 Temperature Range 25ºC to 75ºC Working Pressure (Mpa) 0.8 Inlet/Outlet Connection (Inch) 1/2 Warranty 7 Years on Tank 4 Years on Heating Element 2 Years on Other Parts Product Dimensions (in mm) W H D 30 Litres 718 365 344 Available in 30 Litres The perfect storage water heater for small families Rs. Recommended for Bucket Bath / Overhead Showers","Active product with no variants — cannot be priced or bought",""
"review","no-variant","BSH-1751","jaquar-body-shower-wall-mounted-100x100mm-square-shape-abs-chrome-plated-face-plate-with-rubit-cleaning-system-bsh-1751","Body Shower Wall Mounted 100X100mm Square Shape (ABS Chrome plated face plate) with rubit cleaning system","Active product with no variants — cannot be priced or bought",""
"review","no-variant","BSH-1761","jaquar-body-shower-concealed-type-120mm-round-shape-with-installation-box-rubit-cleaning-system-psb-1-2-30-24-bsh-1761","Body Shower concealed Type 120mm Round Shape with Installation Box & Rubit Cleaning System PSB""½ 30 24","Active product with no variants — cannot be priced or bought",""
"review","no-variant","BSH-1771","jaquar-body-shower-concealed-type-130x120mm-rectangular-shape-with-installation-box-rubit-cleaning-system-285-70-sq-100-bsh-1771","Body Shower Concealed Type 130X120mm Rectangular Shape with Installation Box & Rubit Cleaning System 285 Ø70 Sq.100","Active product with no variants — cannot be priced or bought",""
"review","missing-image","BXRLQ","homerun-zebronics-z-ee22hd-22-inch-led-monitor-bxrlq","Zebronics Z-EE22HD 22 Inch LED Monitor","No Quoin image; a source URL exists but is gated behind SHOW_SOURCE_IMAGES",""
"review","no-variant","BZA-WHT-V006","jaquar-rs-bza-wht-v006","Rs","Active product with no variants — cannot be priced or bought",""
"review","no-variant","BZA-WHT-V010","jaquar-rs-bza-wht-v010","Rs","Active product with no variants — cannot be priced or bought",""
"review","no-variant","BZA-WHT-V015","jaquar-rs-bza-wht-v015","Rs","Active product with no variants — cannot be priced or bought",""
"review","no-variant","BZA-WHT-V025","jaquar-116-jaquar-com-bza-wht-v025","116 jaquar.com","Active product with no variants — cannot be priced or bought",""
"review","no-variant","CHR-840ST2024H21","jaquar-2100-2401-2800-jse-chr-840st2428h21-10mm-size-in-mm-height-width-code-2100-2000-2400-jse-chr-140st2024h21-2100-2401-2800-jse-chr-140st2428h21-tempered-glass-654-chr-840st2024h21","2100 2401 - 2800 JSE-CHR-840ST2428H21 10mm Size: (in mm) Height Width Code 2100 2000 - 2400 JSE-CHR-140ST2024H21 2100 2401 - 2800 JSE-CHR-140ST2428H21 Tempered Glass 654","Active product with no variants — cannot be priced or bought",""
"review","price-in-name","CNS-WHT-353SPPSMZ","jaquar-cns-wht-759s300ufsmz-759s250ufsmz-759p180ufsmz-2-225-551sspp-553sspp-1-325-cns-wht-855s300sppsm-855s300sppsmy-855s200sppsm-855p180sppsm-1-325-cns-wht-353sppsmz","CNS-WHT-759S300UFSMZ, 759S250UFSMZ, 759P180UFSMZ 2,225 551SSPP, 553SSPP 1,325 CNS-WHT-855S300SPPSM, 855S300SPPSMY, 855S200SPPSM, 855P180SPPSM 1,325","Looks like a price or a model number in the title: 2,225, 1,325, 1,325",""
"review","no-variant","CNS-WHT-353SPPSMZ","jaquar-cns-wht-759s300ufsmz-759s250ufsmz-759p180ufsmz-2-225-551sspp-553sspp-1-325-cns-wht-855s300sppsm-855s300sppsmy-855s200sppsm-855p180sppsm-1-325-cns-wht-353sppsmz","CNS-WHT-759S300UFSMZ, 759S250UFSMZ, 759P180UFSMZ 2,225 551SSPP, 553SSPP 1,325 CNS-WHT-855S300SPPSM, 855S300SPPSMY, 855S200SPPSM, 855P180SPPSM 1,325","Active product with no variants — cannot be priced or bought",""
"review","no-variant","CNS-WHT-813","jaquar-wall-hung-basin-with-fixing-accessories-size-420x420x155-mm-cns-wht-813","Wall Hung Basin with Fixing Accessories, Size: 420x420x155 mm","Active product with no variants — cannot be priced or bought",""
"review","no-variant","CON-011KN","jaquar-pillar-cock-105-sq-50-con-011kn","Pillar Cock 105 Sq.50","Active product with no variants — cannot be priced or bought",""
"review","no-variant","CON-021KN","jaquar-pillar-cock-long-neck-with-aerator-1-2-bsp-with-450mm-511-054-051-full-turn-bath-shower-30-psb-1-2-07-35-65-100-1-071-1-031-211-1-051-con-021kn","Pillar Cock Long Neck with Aerator ½""BSP with 450mm 511 054 051 Full Turn | Bath & Shower 30° PSB ""½ 07 Ø 35 65 100 1 ± 071 1 ± 031 211 1 ± 051","Active product with no variants — cannot be priced or bought",""
"review","no-variant","CON-037KN","jaquar-bib-cock-21-psb-2-1-56-con-037kn","Bib Cock 21 PSB ""2/1 56 Ø","Active product with no variants — cannot be priced or bought",""
"review","no-variant","CON-041KN","jaquar-201-2-way-bib-cock-con-041kn","201 2 Way Bib Cock","Active product with no variants — cannot be priced or bought",""
"review","no-variant","CON-047KN","jaquar-bib-cock-with-wall-flange-psb-2-1-20-100-03-011-1-2-bsp-50-177-53-con-047kn","Bib Cock with Wall Flange PSB""2/1 20 100 03 011 1/2""BSP 50 177 53","Active product with no variants — cannot be priced or bought",""
"review","no-variant","CON-049NKN","jaquar-82-x-70-bib-cock-with-nozzle-con-049nkn","82 x 70 Bib Cock with Nozzle","Active product with no variants — cannot be priced or bought",""
"review","no-variant","CON-053KN","jaquar-angular-stop-cock-also-available-90-con-053kn","Angular Stop Cock Also available 90","Active product with no variants — cannot be priced or bought",""
"review","no-variant","CON-059KN","jaquar-fitting-001-65-501-angular-stop-cock-with-wall-flange-con-059kn","Fitting 001 Ø65 501 Angular Stop Cock with Wall Flange","Active product with no variants — cannot be priced or bought",""
"review","no-variant","CON-069FTK","jaquar-fitting-exposed-part-kit-of-concealed-stop-cock-with-operating-lever-collor-bush-adjustable-wall-flange-compatible-with-ald-069ft-0-521-82-0-0-021-85-0-82-0-con-069ftk","Fitting Exposed Part Kit of Concealed Stop Cock with Operating Lever, Collor Bush & Adjustable Wall Flange (Compatible with ALD-069FT) 0.521 82.0 0.021 Ø85.0 82.0","Active product with no variants — cannot be priced or bought",""
"review","no-variant","CON-083FTK","jaquar-exposed-part-kit-of-concealed-stop-cock-with-sleeve-operating-lever-adjustable-wall-flange-con-083ftk","Exposed Part Kit of Concealed Stop Cock with Sleeve, Operating Lever & Adjustable Wall Flange","Active product with no variants — cannot be priced or bought",""
"review","no-variant","CON-087FTK","jaquar-exposed-part-kit-of-concealed-stop-cock-with-sleeve-operating-lever-adjustable-wall-flange-compatible-with-ald-087ft-85-0-con-087ftk","Exposed Part Kit of Concealed Stop Cock with Sleeve, Operating Lever & Adjustable Wall Flange (Compatible with ALD-087FT) Ø85.0","Active product with no variants — cannot be priced or bought",""
"review","no-variant","CON-107KN","jaquar-long-body-bib-cock-with-wall-flange-con-107kn","Long Body Bib Cock with Wall Flange","Active product with no variants — cannot be priced or bought",""
"review","no-variant","CON-1081A","jaquar-knob-flush-cock-with-wall-flange-25mm-with-lever-knob-con-1081a","Knob Flush Cock with Wall Flange 25mm with Lever Knob","Active product with no variants — cannot be priced or bought",""
"review","no-variant","CON-1081KN","jaquar-202-flush-cock-with-wall-flange-25mm-with-plain-con-1081kn","202 Flush Cock with Wall Flange 25mm with Plain","Active product with no variants — cannot be priced or bought",""
"review","no-variant","CON-123BKN","jaquar-swan-neck-tap-with-left-hand-operating-knob-long-braided-hose-also-available-con-123bkn","Swan Neck Tap with Left Hand Operating Knob Long Braided Hose Also available","Active product with no variants — cannot be priced or bought",""
"review","no-variant","CON-127BKN","jaquar-198-swan-neck-tap-with-right-hand-operating-knob-450mm-long-braided-hose-con-127bkn","198 Swan Neck Tap with Right Hand Operating Knob 450mm Long Braided Hose","Active product with no variants — cannot be priced or bought",""
"review","no-variant","CON-167KNB","jaquar-09-05-xam-central-hole-basin-mixer-without-popup-waste-450mm-long-braided-hoses-1-2-bsp-con-167knb","09 05.XAM Central Hole Basin Mixer without Popup Waste 450mm Long Braided Hoses 1/2"" BSP","Active product with no variants — cannot be priced or bought",""
"review","no-variant","CON-169KNB","jaquar-53-system-with-45-46-x-48-80-central-hole-basin-mixer-with-popup-waste-system-with-450mm-long-braided-hoses-05-xam-1-2-bsp-531-76-30-45-125-con-169knb","53 System with 45° 46 x 48 80 Central Hole Basin Mixer with Popup Waste System with 450mm Long Braided Hoses 05.xaM 1/2"" BSP 531 76 30° Ø 45 125","Active product with no variants — cannot be priced or bought",""
"review","no-variant","CON-217KN","jaquar-wall-mixer-with-telephone-shower-arrangement-legs-wall-flanges-but-without-crutch-telephone-57-100-05-xam-1-581-3-4-bsp-con-217kn","Wall Mixer with Telephone Shower Arrangement, Legs & Wall Flanges but without Crutch & Telephone 57 100 05.xaM 1 ± 581 ¾""BSP","Active product with no variants — cannot be priced or bought",""
"review","no-variant","CON-219KN","jaquar-with-wall-mixer-non-telephonic-shower-arrangement-with-connecting-legs-wall-flanges-con-219kn","with Wall Mixer Non-Telephonic Shower Arrangement with Connecting Legs & Wall Flanges","Active product with no variants — cannot be priced or bought",""
"review","no-variant","CON-267KN","jaquar-connecting-shower-1-2-bsp-211-1-551-wall-mixer-with-connector-for-hand-shower-arrangement-with-connecting-legs-wall-flanges-wall-bracket-for-hand-shower-1-571-xa-p-m-s-0-b-6-1-2-1-1-1-5-5-5-3-1-1-07-1-551-65-100-25-501-con-267kn","Connecting Shower ½""BSP 211 1 ± 551 Wall Mixer with connector for Hand Shower Arrangement with Connecting Legs, Wall Flanges & Wall Bracket for Hand Shower 1 ± 571 .xa P M S 0 B 6 1 ""2/1 1 1 ± ± 5 5 5 3 1 1 07 Ø 1 ± 551 65 100 25 501","Active product with no variants — cannot be priced or bought",""
"review","no-variant","CON-271KN","jaquar-bath-tub-mixer-exposed-adjustable-legs-with-shower-arrangement-crutch-psb-2-1-07-25-1-571-1-531-xam-061-1-551-con-271kn","Bath Tub Mixer (Exposed Adjustable Legs) with Shower Arrangement & Crutch PSB ""2/1 07 Ø 25 1 ± 571 1 ± 531 .xaM 061 1±551","Active product with no variants — cannot be priced or bought",""
"review","no-variant","CON-273KNUPR","jaquar-wall-mixer-with-provision-for-overhead-shower-with-telephone-115mm-long-bend-pipe-on-upper-side-connecting-legs-wall-flanges-hand-65-145-1-551-20-full-turn-kitchen-psb-2-1-07-25-65-1-071-1-031-1-051-10-165-39-con-273knupr","Wall Mixer with Provision For Overhead Shower with Telephone 115mm Long Bend Pipe On Upper Side, Connecting Legs & Wall Flanges Hand 65 145 1 ± 551 20° Full Turn| Kitchen PSB ""2/1 07 Ø 25 65 1 ± 071 1 ± 031 1 ± 051 10° 165 39","Active product with no variants — cannot be priced or bought",""
"review","no-variant","CON-281KN","jaquar-wall-mixer-3-in-1-system-with-provision-for-both-shower-and-overhead-shower-complete-with-bend-pipe-connecting-legs-wall-flange-without-overhead-shower-con-281kn","Wall Mixer 3-in-1 System with Provision for both Shower and Overhead Shower Complete with Bend Pipe, Connecting Legs & Wall Flange (without Overhead Shower)","Active product with no variants — cannot be priced or bought",""
"review","no-variant","CON-309KNBM","jaquar-80-x-50-1-2-bsp-054-sink-mixer-with-swinging-spout-table-mounted-450mm-long-braided-hoses-con-309knbm","80 x 50 ½""BSP 054 Sink Mixer with Swinging Spout (Table Mounted 450mm Long Braided Hoses","Active product with no variants — cannot be priced or bought",""
"review","no-variant","CON-309KNM","jaquar-hand-199-sink-mixer-with-swinging-spout-wall-mounted-model-with-connecting-legs-wall-flanges-con-309knm","Hand & 199 Sink Mixer with Swinging Spout (Wall Mounted Model) With Connecting Legs & Wall Flanges","Active product with no variants — cannot be priced or bought",""
"review","no-variant","CON-319KN","jaquar-502-120-30-80-x-50-1-2-bsp-581-215-24-model-with-sink-mixer-with-raised-j-shaped-swinging-spout-wall-mounted-model-with-connecting-legs-wall-flanges-1-2-bsp-1-2-bsp-con-319kn","502 120 30° 80 x 50 ½""BSP 581 215 24 Model with Sink Mixer with Raised ‘J’ Shaped Swinging Spout (Wall Mounted Model) with Connecting Legs & Wall Flanges 1/2"" BSP 1/2"" BSP","Active product with no variants — cannot be priced or bought",""
"review","no-variant","CON-319KNB","jaquar-sink-mixer-with-raised-j-shaped-swinging-spout-mounted-model-with-450mm-long-braided-hoses-1-2-05-con-319knb","Sink Mixer with Raised ‘J’ Shaped Swinging Spout Mounted Model with 450mm Long Braided Hoses 1/2"" 05","Active product with no variants — cannot be priced or bought",""
"review","no-variant","CON-321KNB","jaquar-table-sink-mixer-with-extended-spout-table-mounted-model-with-450mm-long-braided-hoses-psb-2-1-10-165-27-31-521-89-165-bsp-10-con-321knb","Table Sink Mixer with Extended Spout (Table Mounted Model) with 450mm Long Braided Hoses PSB ""2/1 10° 165 27 31 521 89 165 BSP 10°","Active product with no variants — cannot be priced or bought",""
"review","no-variant","CON-347KNM","jaquar-model-sink-cock-with-swinging-spout-wall-mounted-model-con-347knm","Model Sink Cock with Swinging Spout (Wall Mounted Model)","Active product with no variants — cannot be priced or bought",""
"review","no-variant","CON-349KNM","jaquar-200-sink-cock-with-swinging-spout-table-mounted-con-349knm","200 Sink Cock with Swinging Spout (Table Mounted","Active product with no variants — cannot be priced or bought",""
"review","no-variant","CON-357KN","jaquar-sink-cock-with-raised-j-shaped-swinging-mounted-model-full-turn-taps-18-psb-2-1-con-357kn","Sink Cock with Raised ‘J’ Shaped Swinging Mounted Model Full Turn | Taps 18 PSB ""2/1","Active product with no variants — cannot be priced or bought",""
"review","no-variant","CON-359KN","jaquar-spout-wall-sink-cock-with-raised-j-shaped-swinging-spout-table-mounted-model-92-511-10-100-psb-2-1-56-511-con-359kn","Spout (Wall Sink Cock with Raised ‘J’ Shaped Swinging Spout (Table Mounted Model) 92 511 10 100 PSB ""2/1 56 511","Active product with no variants — cannot be priced or bought",""
"review","no-variant","COP-011PM","jaquar-pillar-cock-cop-011pm","Pillar Cock","Active product with no variants — cannot be priced or bought",""
"review","no-variant","COP-021PM","jaquar-pillar-cock-with-extension-body-47-cop-021pm","Pillar Cock with Extension Body 47","Active product with no variants — cannot be priced or bought",""
"review","no-variant","COP-037PM","jaquar-model-bib-cock-with-wall-flange-cop-037pm","Model Bib Cock with Wall Flange","Active product with no variants — cannot be priced or bought",""
"review","no-variant","COP-041PM","jaquar-2-way-bib-cock-with-wall-flange-09-psb-2-1-52-82-13-44-0-0-07-sleeve-wall-flange-operating-handle-cop-041pm","2-way Bib Cock with Wall Flange 09 PSB ""2/1 52 82 13Ø 44.0 0.07 SLEEVE WALL FLANGE OPERATING HANDLE","Active product with no variants — cannot be priced or bought",""
"review","no-variant","COP-081KPM","jaquar-exposed-part-kit-of-concealed-flush-cock-with-operating-lever-adjustable-wall-flange-with-seal-compatible-with-ald-081-cop-081kpm","Exposed Part Kit of Concealed Flush Cock with Operating Lever & Adjustable Wall Flange with Seal (compatible with ALD-081)","Active product with no variants — cannot be priced or bought",""
"review","no-variant","COP-083KPM","jaquar-exposed-part-kit-of-concealed-stop-cock-with-fitting-sleeve-operating-lever-adjustable-wall-flange-with-cop-083kpm","Exposed Part Kit of Concealed Stop Cock with Fitting Sleeve, Operating Lever & Adjustable Wall Flange with","Active product with no variants — cannot be priced or bought",""
"review","no-variant","COP-107PM","jaquar-long-body-bib-cock-with-wall-flange-52-psb-2-1-05-cop-107pm","Long Body Bib Cock with Wall Flange 52 PSB ""2/1 05Ø","Active product with no variants — cannot be priced or bought",""
"review","no-variant","COP-167BPM","jaquar-central-hole-basin-mixer-without-popup-waste-system-with-450mm-long-braided-hoses-1-2-bsp-521-05-xam-50-cop-167bpm","Central Hole Basin Mixer without Popup Waste System with 450mm Long Braided Hoses 1/2"" BSP 521 05 .xaM Ø50","Active product with no variants — cannot be priced or bought",""
"review","no-variant","COP-169BPM","jaquar-central-hole-basin-mixer-with-popup-waste-system-with-450mm-long-braided-hoses-26-90-15-1-2-bsp-572-54-xam-512-140-15-45-cop-169bpm","Central Hole Basin Mixer with Popup Waste System with 450mm Long Braided Hoses 26 90 15° 1/2"" BSP 572 54 .xaM 512 140 15° Ø45","Active product with no variants — cannot be priced or bought",""
"review","no-variant","COP-209PM","jaquar-shower-mixer-for-shower-cubicles-wall-mounted-with-connecting-legs-flanges-071-051-031-35-xam-061-psb-2-1-07-cop-209pm","Shower Mixer for Shower Cubicles (Wall Mounted) with Connecting Legs & Flanges 071 051 031 35 .xaM 061 PSB ""2/1 07 Ø","Active product with no variants — cannot be priced or bought",""
"review","price-in-name","COP-273PM","jaquar-wall-mixer-with-provision-for-overhead-shower-with-115mm-long-bend-pipe-on-upper-side-connecting-legs-wall-flanges-quarter-turn-kitchen-70-75-1-2-bsp-215-001-071-051-psb-2-1-031-07-65-130-35-081-10-250-511-cop-273pm","Wall Mixer with Provision for Overhead Shower with 115mm Long Bend Pipe On Upper Side, Connecting Legs & Wall Flanges Quarter Turn | Kitchen 70 75 1/2""BSP 215 001 071 051 PSB ""2/1 031 07 Ø 65 130 35 081 10° 250 511","Looks like a price or a model number in the title: 250, 511",""
"review","no-variant","COP-273PM","jaquar-wall-mixer-with-provision-for-overhead-shower-with-115mm-long-bend-pipe-on-upper-side-connecting-legs-wall-flanges-quarter-turn-kitchen-70-75-1-2-bsp-215-001-071-051-psb-2-1-031-07-65-130-35-081-10-250-511-cop-273pm","Wall Mixer with Provision for Overhead Shower with 115mm Long Bend Pipe On Upper Side, Connecting Legs & Wall Flanges Quarter Turn | Kitchen 70 75 1/2""BSP 215 001 071 051 PSB ""2/1 031 07 Ø 65 130 35 081 10° 250 511","Active product with no variants — cannot be priced or bought",""
"review","price-in-name","COP-281PM","jaquar-wall-mixer-3-in-1-system-with-provision-for-both-hand-shower-and-overhead-shower-complete-with-115mm-long-bend-pipe-connecting-legs-wall-flange-without-hand-overhead-shower-25-psb-2-1-56-40-105-225-cop-281pm","Wall Mixer 3-in-1 System with Provision for both Hand Shower and Overhead Shower Complete with 115mm Long Bend Pipe, Connecting Legs & Wall Flange (without Hand & Overhead Shower) 25 PSB ""2/1 56Ø 40 105 225","Looks like a price or a model number in the title: 105, 225",""
"review","no-variant","COP-281PM","jaquar-wall-mixer-3-in-1-system-with-provision-for-both-hand-shower-and-overhead-shower-complete-with-115mm-long-bend-pipe-connecting-legs-wall-flange-without-hand-overhead-shower-25-psb-2-1-56-40-105-225-cop-281pm","Wall Mixer 3-in-1 System with Provision for both Hand Shower and Overhead Shower Complete with 115mm Long Bend Pipe, Connecting Legs & Wall Flange (without Hand & Overhead Shower) 25 PSB ""2/1 56Ø 40 105 225","Active product with no variants — cannot be priced or bought",""
"review","price-in-name","COP-309PM","jaquar-sink-mixer-with-pipe-swinging-spout-wall-mounted-model-with-connecting-legs-wall-flanges-taps-25-15-psb-2-1-56-50-130-10-021-581-cop-309pm","Sink Mixer with Pipe Swinging Spout (Wall Mounted Model) with Connecting Legs & Wall Flanges Taps 25 15° PSB""2/1 56Ø 50 130 10° 021 581","Looks like a price or a model number in the title: 021, 581",""
"review","no-variant","COP-309PM","jaquar-sink-mixer-with-pipe-swinging-spout-wall-mounted-model-with-connecting-legs-wall-flanges-taps-25-15-psb-2-1-56-50-130-10-021-581-cop-309pm","Sink Mixer with Pipe Swinging Spout (Wall Mounted Model) with Connecting Legs & Wall Flanges Taps 25 15° PSB""2/1 56Ø 50 130 10° 021 581","Active product with no variants — cannot be priced or bought",""
"review","no-variant","COP-347PM","jaquar-sink-cock-with-pipe-swinging-spout-wall-mounted-with-wall-flange-48-cop-347pm","Sink Cock with Pipe Swinging Spout (Wall Mounted with Wall Flange 48","Active product with no variants — cannot be priced or bought",""
"review","no-variant","CQT-23011B","jaquar-pillar-cock-with-450mm-long-braided-hose-120-56-25o-110-1-2-bsp-09-80-20-021-50-50-1-2-bsp-1-2-bsp-cqt-23011b","Pillar Cock with 450mm Long Braided Hose 120 56 25º 110 1/2” BSP 09 80 20° 021 50 50 1/2 ""BSP 1/2 ""BSP","Active product with no variants — cannot be priced or bought",""
"review","no-variant","CQT-23021B","jaquar-pillar-cock-long-neck-with-450mm-long-braided-221-80-50-cqt-23021b","Pillar Cock Long Neck with 450mm Long Braided 221 80 50","Active product with no variants — cannot be priced or bought",""
"review","no-variant","DRC-37001","jaquar-pillar-cock-25-drc-37001","Pillar Cock 25°","Active product with no variants — cannot be priced or bought",""
"review","no-variant","DRC-37005B","jaquar-single-lever-tall-boy-with-140mm-extension-body-spout-without-popup-waste-system-with-600mm-braided-hoses-single-lever-bath-shower-35-0-1-071-psb-1-2-0-1-031-07-0-1-051-drc-37005b","Single Lever Tall Boy with 140mm Extension Body Spout without Popup Waste System with 600mm Braided Hoses Single Lever | Bath & Shower 35 0.1±071 PSB""½ 0.1±031 07Ø 0.1±051","Active product with no variants — cannot be priced or bought",""
"review","no-variant","DRC-37011B","jaquar-single-lever-basin-mixer-without-popup-waste-450mm-long-braided-hoses-092-1-2-bsp-drc-37011b","Single Lever Basin Mixer without Popup Waste 450mm Long Braided Hoses 092 ½""BSP","Active product with no variants — cannot be priced or bought",""
"review","no-variant","DRC-37021","jaquar-min-30-193-max-50-150-1-0-232x62-216-pillar-cock-with-140mm-extension-body-1-2-bsp-1-2-bsp-32x32-76-1-2-bsp-s-w-p-a-o-l-u-l-7-t-0-f-n-l-i-a-p-n-p-g-le-e-160x62-han-56-dles-30-5-sleeves-182-30-spout-drc-37021","Min.30 193 Max.50 150±1.0 232x62 216 Pillar Cock with 140mm Extension Body ½""BSP ½""BSP 32x32 76 ½"" BSP S W P A O L U L 7 T 0 F N L I A P N P G LE E 160x62 HAN 56 DLES ø30.5 SLEEVES 182 30˚ SPOUT","Active product with no variants — cannot be priced or bought",""
"review","no-variant","DRC-37037","jaquar-bib-cock-with-wall-flange-1-2-bsp-20-140-06x07-5-03-23-drc-37037","Bib Cock with Wall Flange ½""BSP 20° 140 06x07 5.03Ø 23","Active product with no variants — cannot be priced or bought",""
"review","no-variant","DRC-37041","jaquar-2-way-bib-cock-with-wall-flange-drc-37041","2 Way Bib Cock with Wall Flange","Active product with no variants — cannot be priced or bought",""
"review","no-variant","DRC-37051B","jaquar-system-with-single-lever-basin-mixer-braided-hoses-45-145-502-30-drc-37051b","System with Single Lever Basin Mixer Braided Hoses 45 145 502 30°","Active product with no variants — cannot be priced or bought",""
"review","no-variant","DRC-37055NK","jaquar-consisting-single-lever-exposed-parts-kit-of-diverter-consisting-of-with-operating-lever-cartridge-sleeve-wall-flange-with-seals-button-assembly-sleeve-button-compatible-with-ald-055n-125-571-60-51-operating-lever-52-button-sleeve-70-26-sleeve-drc-37055nk","Consisting Single Lever Exposed Parts Kit of Diverter Consisting of (with Operating Lever, Cartridge Sleeve, Wall Flange (with Seals) Button Assembly Sleeve & Button (Compatible with ALD-055N) 125 571 60 51Ø OPERATING LEVER 52 BUTTON SLEEVE 70 26Ø SLEEVE","Active product with no variants — cannot be priced or bought",""
"review","no-variant","DRC-37079NK","jaquar-single-lever-exposed-parts-kit-of-hi-flow-diverter-of-operating-lever-cartridge-sleeve-wall-flange-seals-button-assembly-sleeve-button-compatible-with-ald-079n-drc-37079nk","Single Lever Exposed Parts Kit of Hi-flow Diverter of Operating Lever, Cartridge Sleeve, Wall Flange Seals, Button Assembly Sleeve & Button (Compatible with ALD-079N)","Active product with no variants — cannot be priced or bought",""
"review","no-variant","DRC-37083K","jaquar-exposed-part-kit-of-concealed-stop-cock-flush-cock-with-fitting-sleeve-operating-lever-adjustable-wall-flange-with-seal-compatible-with-ald-083-drc-37083k","Exposed Part Kit of Concealed Stop Cock & Flush Cock with Fitting Sleeve, Operating Lever & Adjustable Wall Flange with Seal (compatible with ALD-083","Active product with no variants — cannot be priced or bought",""
"review","no-variant","DRC-37119","jaquar-132-single-lever-wall-mixer-with-provision-of-hand-w-o-hand-shower-drc-37119","132 Single Lever Wall Mixer With Provision of Hand W/O Hand Shower","Active product with no variants — cannot be priced or bought",""
"review","no-variant","DRC-37121K","jaquar-quarter-turn-basin-831-05-xam-exposed-parts-of-floor-mounted-single-lever-bath-with-provision-for-hand-shower-without-hand-shower-hose-compatible-with-ald-121-drc-37121k","Quarter Turn | Basin 831 05 xaM Exposed Parts of Floor Mounted Single Lever Bath with Provision for Hand Shower, without Hand Shower Hose (Compatible with ALD-121)","Active product with no variants — cannot be priced or bought",""
"review","no-variant","DRC-37145","jaquar-single-lever-exposed-shower-connection-to-exposed-sha-1213-hand-shower-legs-wall-flanges-shower-but-drc-37145","Single Lever Exposed Shower Connection to Exposed SHA-1213 & Hand Shower Legs & Wall Flanges Shower, But","Active product with no variants — cannot be priced or bought",""
"review","no-variant","DRC-37147","jaquar-single-lever-exposed-shower-mixer-with-provision-connection-to-exposed-shower-pipe-sha-1211n-connecting-legs-wall-flanges-001-x-541-wall-flange-drc-37147","Single Lever Exposed Shower Mixer With Provision Connection to Exposed Shower Pipe (SHA-1211N) Connecting Legs & Wall Flanges 001 X 541 WALL FLANGE","Active product with no variants — cannot be priced or bought",""
"review","no-variant","DRC-37149","jaquar-with-single-lever-exposed-shower-mixer-for-connection-to-hand-shower-with-connecting-legs-wall-flanges-71-42-40-sleeve-54-button-operating-lever-52-wall-flange-button-sleeve-571-44-125-401-44-cartridge-sleeve-54-operating-lever-52-drc-37149","With Single Lever Exposed Shower Mixer for Connection to Hand Shower with Connecting Legs & Wall Flanges 71Ø 42Ø 40 SLEEVE 54Ø BUTTON OPERATING LEVER 52 WALL FLANGE BUTTON SLEEVE 571 44 125 401 44 CARTRIDGE SLEEVE 54Ø OPERATING LEVER 52","Active product with no variants — cannot be priced or bought",""
"review","no-variant","DRC-37165","jaquar-single-lever-sink-mixer-with-swinging-spout-on-upper-side-wall-mounted-model-with-connecting-legs-wall-flanges-102-44-1-2-bsp-58-45-872-05-xam-102-45-44-1-2-bsp-522-mixer-shower-drc-37165","Single Lever Sink Mixer With Swinging Spout on Upper Side (Wall Mounted Model) With Connecting Legs & Wall Flanges 102 44 ½""BSP 58 45° 872 05 xaM 102 45° 44 ½""BSP 522 Mixer Shower &","Active product with no variants — cannot be priced or bought",""
"review","no-variant","DRC-37193K","jaquar-133-consisting-single-lever-3-inlet-divertor-exposed-parts-kit-consisting-with-of-operating-lever-wall-flange-button-only-suitable-for-item-ald-193-drc-37193k","133 Consisting Single Lever 3-inlet Divertor Exposed parts kit Consisting (with of Operating Lever, Wall Flange & Button Only (Suitable For Item ALD-193)","Active product with no variants — cannot be priced or bought",""
"review","no-variant","DRC-37227K","jaquar-single-lever-exposed-parts-kit-of-deusch-mixer-of-operating-lever-cartridge-sleeve-wall-flange-drc-37227k","Single Lever Exposed Parts Kit of Deusch Mixer of Operating Lever, Cartridge Sleeve, Wall Flange","Active product with no variants — cannot be priced or bought",""
"review","no-variant","DRC-37233NK","jaquar-fixed-long-1-2-bsp-35-59-115-165-exposed-part-kit-of-single-consisting-of-operating-flange-nipple-spout-ald-235n-drc-37233nk","Fixed Long ½"" BSP 35° 59 115 165 Exposed Part Kit of Single Consisting of Operating Flange, Nipple & Spout ALD-235N","Active product with no variants — cannot be priced or bought",""
"review","price-in-name","DRC-37309","jaquar-non-return-quarter-turn-taps-psb-1-2-55-25-140-20-sink-mixer-with-regular-swinging-spout-wall-mounted-model-with-connecting-legs-wall-flanges-145-88-182-302-drc-37309","Non-Return Quarter Turn | Taps PSB""½ 55Ø 25 140 20° Sink Mixer With Regular Swinging Spout (Wall Mounted Model) With Connecting Legs & Wall Flanges 145 88 182 302","Looks like a price or a model number in the title: 182, 302",""
"review","no-variant","DRC-37309","jaquar-non-return-quarter-turn-taps-psb-1-2-55-25-140-20-sink-mixer-with-regular-swinging-spout-wall-mounted-model-with-connecting-legs-wall-flanges-145-88-182-302-drc-37309","Non-Return Quarter Turn | Taps PSB""½ 55Ø 25 140 20° Sink Mixer With Regular Swinging Spout (Wall Mounted Model) With Connecting Legs & Wall Flanges 145 88 182 302","Active product with no variants — cannot be priced or bought",""
"review","no-variant","DRC-37347S","jaquar-psb-1-2-55-25-42-sink-cock-with-regular-swinging-spout-wall-model-with-wall-flange-drc-37347s","PSB""½ 55Ø 25 42 Sink Cock with Regular Swinging Spout (Wall Model) With Wall Flange","Active product with no variants — cannot be priced or bought",""
"review","no-variant","DRC-37421","jaquar-4-way-divertor-for-concealed-fitting-with-built-in-valves-with-divertor-handle-psb-1-2-55-85-25-drc-37421","4-Way Divertor for Concealed Fitting with Built-in Valves with Divertor Handle PSB""½ 55Ø 85 25","Active product with no variants — cannot be priced or bought",""
"review","no-variant","DRC-37433","jaquar-134-two-concealed-stop-cocks-with-basin-spout-one-piece-body-drc-37433","134 Two Concealed Stop Cocks with Basin Spout One Piece Body","Active product with no variants — cannot be priced or bought",""
"review","no-variant","DRC-37441K","jaquar-composite-exposed-part-kit-of-single-concealed-stop-cock-consisting-of-operating-lever-cartridge-sleeve-wall-flange-with-seals-basin-spout-compatible-with-ald-441-drc-37441k","Composite Exposed Part Kit of Single Concealed Stop Cock Consisting of Operating Lever, Cartridge Sleeve, Wall Flange (with Seals) & Basin Spout (Compatible with ALD-441)","Active product with no variants — cannot be priced or bought",""
"review","missing-image","EC351-SO-A4S","ozone-with-4-hole-mounting-plate-3-hole-mounting-plate-ec351-so-a4s","WITH 4 HOLE MOUNTING PLATE 3 HOLE MOUNTING PLATE","No image of any kind — renders the 'photo coming soon' tile",""
"review","missing-image","EC351-SO-B4S","ozone-with-4-hole-mounting-plate-3-hole-mounting-plate-ec351-so-b4s","WITH 4 HOLE MOUNTING PLATE 3 HOLE MOUNTING PLATE","No image of any kind — renders the 'photo coming soon' tile",""
"review","missing-image","EC351-SO-C4S","ozone-with-4-hole-mounting-plate-3-hole-mounting-plate-ec351-so-c4s","WITH 4 HOLE MOUNTING PLATE 3 HOLE MOUNTING PLATE","No image of any kind — renders the 'photo coming soon' tile",""
"review","missing-image","EC401-A4S","ozone-with-4-hole-mounting-plate-hinge-with-4-hole-mounting-plate-with-4-hole-mounting-plate-hinge-with-4-hole-mounting-plate-ec401-a4s","WITH 4 HOLE MOUNTING PLATE HINGE WITH 4 HOLE MOUNTING PLATE WITH 4 HOLE MOUNTING PLATE HINGE WITH 4 HOLE MOUNTING PLATE","No image of any kind — renders the 'photo coming soon' tile",""
"review","missing-image","EC401-B4S","ozone-with-4-hole-mounting-plate-hinge-with-4-hole-mounting-plate-with-4-hole-mounting-plate-hinge-with-4-hole-mounting-plate-ec401-b4s","WITH 4 HOLE MOUNTING PLATE HINGE WITH 4 HOLE MOUNTING PLATE WITH 4 HOLE MOUNTING PLATE HINGE WITH 4 HOLE MOUNTING PLATE","No image of any kind — renders the 'photo coming soon' tile",""
"review","missing-image","EC401-C4S","ozone-with-4-hole-mounting-plate-hinge-with-4-hole-mounting-plate-with-4-hole-mounting-plate-hinge-with-4-hole-mounting-plate-ec401-c4s","WITH 4 HOLE MOUNTING PLATE HINGE WITH 4 HOLE MOUNTING PLATE WITH 4 HOLE MOUNTING PLATE HINGE WITH 4 HOLE MOUNTING PLATE","No image of any kind — renders the 'photo coming soon' tile",""
"review","no-variant","EKO-33001B","jaquar-single-lever-basin-mixer-450mm-long-braided-hoses-eko-33001b","Single Lever Basin Mixer 450mm Long Braided Hoses","Active product with no variants — cannot be priced or bought",""
"review","no-variant","EKO-33011","jaquar-with-pillar-cock-1-2-bsp-023-05-042-82-20-eko-33011","with Pillar Cock 1/2""BSP 023 05 042 82 20°","Active product with no variants — cannot be priced or bought",""
"review","no-variant","EKO-33021","jaquar-pillar-cock-long-neck-with-aerator-264-eko-33021","Pillar Cock Long Neck with Aerator 264","Active product with no variants — cannot be priced or bought",""
"review","no-variant","EKO-33023B","jaquar-single-lever-extended-basin-mixer-height-83mm-without-popup-waste-with-450mm-long-braided-hoses-38-110-35-50-054-63-1-1-4-bsp-12-bsp-eko-33023b","Single Lever Extended Basin Mixer (Height-83mm) without Popup Waste with 450mm Long Braided Hoses 38 110 35° Ø50 054 Ø63 1-1/4""BSP 12"" BSP","Active product with no variants — cannot be priced or bought",""
"review","no-variant","EKO-33037","jaquar-265-model-with-bib-cock-with-wall-flange-eko-33037","265 Model with Bib Cock with Wall Flange","Active product with no variants — cannot be priced or bought",""
"review","no-variant","EKO-33041","jaquar-2-way-bib-cock-with-wall-flange-eko-33041","2 Way Bib Cock with Wall Flange","Active product with no variants — cannot be priced or bought",""
"review","no-variant","EKO-33051B","jaquar-single-lever-basin-mixer-with-450mm-long-braided-hoses-eko-33051b","Single Lever Basin Mixer with 450mm Long Braided Hoses","Active product with no variants — cannot be priced or bought",""
"review","no-variant","EKO-33052B","jaquar-single-lever-extended-basin-mixer-height-83mm-with-popup-waste-450mm-long-braided-hoses-single-lever-bath-shower-05-150-1-2-bsp-70-53-571-psb-2-1-170-1-130-1-03-110-eko-33052b","Single Lever Extended Basin Mixer (Height-83mm) with Popup Waste 450mm Long Braided Hoses Single Lever | Bath & Shower 05 150 1/2""BSP Ø70 53 571 PSB""2/1 170±1 130±1 °03 110","Active product with no variants — cannot be priced or bought",""
"review","no-variant","EKO-33053","jaquar-angular-stop-cock-with-wall-flange-65-sleeve-with-eko-33053","Angular Stop Cock with Wall Flange Ø65 sleeve, with","Active product with no variants — cannot be priced or bought",""
"review","no-variant","EKO-33055NK","jaquar-consisting-s-l-exposed-parts-kit-of-diverter-consisting-of-operating-with-lever-cartridge-sleeve-wall-flange-with-seals-button-assembly-sleeve-button-compatible-with-ald-055n-150-psb-2-1-07-170-1-130-1-35-258-eko-33055nk","Consisting S.L. Exposed Parts Kit of Diverter Consisting of Operating (with Lever, Cartridge Sleeve,Wall Flange (with Seals) Button Assembly Sleeve & Button (Compatible with ALD-055N) 150 PSB ""2/1 07Ø 170±1 130±1 35 258","Active product with no variants — cannot be priced or bought",""
"review","no-variant","EKO-33069K","jaquar-exposed-part-kit-of-concealed-stop-cock-with-fitting-operating-lever-adjustable-wall-flange-compatible-ald-069-266-eko-33069k","Exposed part kit of concealed stop cock with fitting operating lever & adjustable wall flange (Compatible ALD-069) 266","Active product with no variants — cannot be priced or bought",""
"review","no-variant","EKO-33119","jaquar-single-lever-wall-mixer-with-provision-of-hand-shower-but-without-hand-shower-eko-33119","Single Lever Wall Mixer with Provision of Hand Shower, But without Hand Shower","Active product with no variants — cannot be priced or bought",""
"review","no-variant","EKO-33141","jaquar-single-lever-wall-mixer-with-provision-for-overhead-from-rear-side-with-50mm-long-collar-pipe-elbow-washers-on-upper-side-with-connecting-legs-flanges-011-wall-flange-eko-33141","Single Lever Wall Mixer with Provision for Overhead from rear side with 50mm Long Collar Pipe, Elbow, & Washers on Upper Side with Connecting Legs Flanges 011Ø WALL FLANGE","Active product with no variants — cannot be priced or bought",""
"review","no-variant","EKO-33149","jaquar-shower-single-lever-exposed-shower-mixer-for-connection-to-hand-nuts-shower-with-connecting-legs-wall-flanges-wall-46-831-71-42-40-sleeve-54-operating-lever-wall-flange-button-52-button-sleeve-cartridge-sleeve-54-operating-lever-52-001-54-eko-33149","Shower Single Lever Exposed Shower Mixer for Connection to Hand nuts Shower with Connecting Legs & Wall Flanges & Wall 46 831 71Ø 42Ø 40 SLEEVE 54Ø OPERATING LEVER WALL FLANGE BUTTON 52 BUTTON SLEEVE CARTRIDGE SLEEVE 54Ø OPERATING LEVER 52 001 54Ø","Active product with no variants — cannot be priced or bought",""
"review","no-variant","EKO-33163","jaquar-system-single-lever-sink-mixer-swinging-spout-wall-mounted-model-with-connecting-legs-wall-flanges-263-eko-33163","System Single Lever Sink Mixer Swinging Spout (Wall Mounted Model) with Connecting Legs & Wall Flanges 263","Active product with no variants — cannot be priced or bought",""
"review","price-in-name","EKO-33167B","jaquar-central-hole-basin-mixer-without-popup-waste-system-with-450mm-long-braided-hoses-1-2-bsp-09-147-221-eko-33167b","Central Hole Basin Mixer without Popup Waste System with 450mm Long Braided Hoses 1/2"" BSP 09 147 221","Looks like a price or a model number in the title: 147, 221",""
"review","no-variant","EKO-33167B","jaquar-central-hole-basin-mixer-without-popup-waste-system-with-450mm-long-braided-hoses-1-2-bsp-09-147-221-eko-33167b","Central Hole Basin Mixer without Popup Waste System with 450mm Long Braided Hoses 1/2"" BSP 09 147 221","Active product with no variants — cannot be priced or bought",""
"review","no-variant","EKO-33169B","jaquar-central-hole-basin-mixer-with-popup-waste-system-450mm-long-braided-hoses-eko-33169b","Central Hole Basin Mixer with Popup Waste System 450mm Long Braided Hoses","Active product with no variants — cannot be priced or bought",""
"review","no-variant","EKO-33173B","jaquar-single-lever-sink-mixer-with-swinging-spout-table-mounted-with-450mm-long-braided-hoses-quarter-turn-basin-20-110-1-2-bsp-eko-33173b","Single Lever Sink Mixer with Swinging Spout (Table Mounted) with 450mm Long Braided Hoses Quarter Turn | Basin 20° 110 1/2"" BSP","Active product with no variants — cannot be priced or bought",""
"review","no-variant","EKO-33213B","jaquar-single-lever-1-hole-bidet-mixer-with-popup-waste-with-375mm-long-braided-hoses-eko-33213b","Single Lever 1 - Hole Bidet Mixer with Popup Waste with 375mm Long Braided Hoses","Active product with no variants — cannot be priced or bought",""
"review","no-variant","EKO-33227K","jaquar-single-lever-exposed-parts-kit-of-deusch-mixer-of-operating-lever-cartridge-sleeve-wall-flange-eko-33227k","Single Lever Exposed Parts Kit of Deusch Mixer of Operating Lever, Cartridge Sleeve, Wall Flange","Active product with no variants — cannot be priced or bought",""
"review","no-variant","EKO-33233NK","jaquar-exposed-part-kit-of-single-consisting-of-operating-lever-flange-nipple-spout-ald-235n-262-eko-33233nk","Exposed Part Kit of Single Consisting of Operating Lever, Flange, Nipple & Spout ALD-235N 262","Active product with no variants — cannot be priced or bought",""
"review","no-variant","EKO-33273UPR","jaquar-166-1-2-bsp-wall-mixer-with-provision-for-overhead-shower-bend-pipe-on-upper-side-connecting-legs-5-48-eko-33273upr","166 1/2"" BSP Wall Mixer with Provision for Overhead Shower Bend Pipe On Upper Side, Connecting Legs & 5° Ø48","Active product with no variants — cannot be priced or bought",""
"review","no-variant","EKO-33281","jaquar-wall-mixer-3-in-1-system-with-provision-for-both-hand-shower-and-overhead-shower-complete-with-115mm-long-bend-pipe-connecting-legs-wall-flange-without-hand-overhead-shower-011-851-model-with-quarter-turn-taps-5-206-psb-2-1-30-13-132-56-eko-33281","Wall Mixer 3-In-1 System With Provision For Both Hand Shower And Overhead Shower Complete With 115Mm Long Bend Pipe, Connecting Legs & Wall Flange (Without Hand & Overhead Shower) 011 851 Model) with Quarter Turn | Taps 5° 206 PSB""2/1 30° 13 132 56Ø","Active product with no variants — cannot be priced or bought",""
"review","no-variant","EKO-33309","jaquar-1-2-bsp-151-with-115mm-long-wall-flanges-sink-mixer-with-swinging-spout-wall-mounted-model-with-connecting-legs-wall-flanges-128-170-1-130-1-20-185-150-1-1-2-bsp-70-132-100-160-max-eko-33309","1/2"" BSP 151 with 115mm Long Wall Flanges Sink Mixer with Swinging Spout (Wall Mounted Model) with Connecting Legs & Wall Flanges 128 170 ± 1 130 ± 1 20 185 150±1 1/2"" BSP Ø70 132 100 160 max","Active product with no variants — cannot be priced or bought",""
"review","no-variant","EKO-33309B","jaquar-psb-2-1-55-sink-mixer-with-swinging-spout-table-mounted-450mm-long-braided-hoses-eko-33309b","PSB ""2/1 55Ø Sink Mixer with Swinging Spout (Table Mounted 450mm Long Braided Hoses","Active product with no variants — cannot be priced or bought",""
"review","no-variant","EKO-33347","jaquar-sink-cock-with-swinging-spout-wall-mounted-wall-flange-eko-33347","Sink Cock with Swinging Spout (Wall Mounted Wall Flange","Active product with no variants — cannot be priced or bought",""
"review","no-variant","EKO-33673LWR","jaquar-shower-flanges-exposed-shower-mixer-wall-mounted-with-thermostatic-control-cartridge-115mm-long-bend-pipe-on-lower-side-connecting-legs-wall-flanges-flow-rate-26-54-l-min-eko-33673lwr","Shower Flanges Exposed Shower Mixer (Wall Mounted) with Thermostatic Control Cartridge, 115mm Long Bend Pipe on Lower Side, Connecting Legs & Wall Flanges Flow rate: 26.54 ℓ/min","Active product with no variants — cannot be priced or bought",""
"review","no-variant","ELM-WHT-3KWV006","jaquar-rs-elm-wht-3kwv006","Rs","Active product with no variants — cannot be priced or bought",""
"review","no-variant","ELM-WHT-3KWV010","jaquar-jaquar-com-115-elm-wht-3kwv010","jaquar.com 115","Active product with no variants — cannot be priced or bought",""
"review","no-variant","ELM-WHT-V006","jaquar-rs-elm-wht-v006","Rs","Active product with no variants — cannot be priced or bought",""
"review","no-variant","ELM-WHT-V010","jaquar-rs-elm-wht-v010","Rs","Active product with no variants — cannot be priced or bought",""
"review","no-variant","ELM-WHT-V015","jaquar-rs-elm-wht-v015","Rs","Active product with no variants — cannot be priced or bought",""
"review","no-variant","ELM-WHT-V025","jaquar-elena-vertical-manual-product-specifications-details-elena-vertical-manual-volume-l-6-10-rated-wattage-3-kw-required-power-supply-v-hz-230-50-temperature-range-25oc-to-75oc-working-pressure-mpa-0-8-inlet-outlet-connection-inch-1-2-warranty-7-years-on-tank-4-years-on-heatin","+ ELENA VERTICAL (Manual) Product Specifications Details Elena+ Vertical (Manual) Volume (L) 6/10 Rated Wattage 3 kW Required Power Supply (V/Hz) 230/50 Temperature Range 25ºC to 75ºC Working Pressure (Mpa) 0.8 Inlet/Outlet Connection (Inch) 1/2 Warranty 7 Years on Tank 4 Years on Heating Element 2 Years on Other Parts Product Dimensions (in mm) W H D 6 Litres 288 288 260 10 Litres 328 328 295 Available in 6/10 Litres Rs","Active product with no variants — cannot be priced or bought",""
"review","no-variant","EPM-WHT-V006","jaquar-rs-epm-wht-v006","Rs","Active product with no variants — cannot be priced or bought",""
"review","no-variant","EPM-WHT-V010","jaquar-rs-epm-wht-v010","Rs","Active product with no variants — cannot be priced or bought",""
"review","no-variant","EPM-WHT-V015","jaquar-rs-recommended-for-kitchen-bucket-baths-overhead-showers-epm-wht-v015","Rs. Recommended for: Kitchen / Bucket Baths / Overhead Showers","Active product with no variants — cannot be priced or bought",""
"review","no-variant","EPM-WHT-V025","jaquar-terra-vertical-product-specifications-semi-digital-details-terra-vertical-semi-digital-volume-l-6-10-15-25-rated-wattage-2-kw-required-power-supply-v-hz-230-50-temperature-range-25oc-to-75oc-working-pressure-mpa-0-8-inlet-outlet-connection-inch-1-2-warranty-7-years-on-tank","TERRA VERTICAL Product Specifications (Semi-Digital) Details Terra Vertical (Semi-Digital) Volume (L) 6/10/15/25 Rated Wattage 2 kW Required Power Supply (V/Hz) 230/50 Temperature Range 25ºC to 75ºC Working Pressure (Mpa) 0.8 Inlet/Outlet Connection (Inch) 1/2 Warranty 7 Years on Tank 4 Years on Heating Element 2 Years on Other Parts Product Dimensions (in mm) W H D 6 Litres 330 370 280 10 Litres 390 410 300 15 Litres 425 455 345 25 Litres 475 530 385 Rs. Available in 6/10/15/25 Litres","Active product with no variants — cannot be priced or bought",""
"review","no-variant","ERD-WHT-V015","jaquar-rs-recommended-for-kitchen-bucket-baths-overhead-showers-erd-wht-v015","Rs. Recommended for: Kitchen / Bucket Baths / Overhead Showers","Active product with no variants — cannot be priced or bought",""
"review","no-variant","ERD-WHT-V025","jaquar-elena-vertical-manual-product-specifications-details-elena-vertical-manual-volume-l-6-10-15-25-rated-wattage-2-kw-required-power-supply-v-hz-230-50-temperature-range-25oc-to-75oc-working-pressure-mpa-0-8-inlet-outlet-connection-inch-1-2-warranty-7-years-on-tank-4-years-on-","ELENA VERTICAL (Manual) Product Specifications Details Elena Vertical (Manual) Volume (L) 6/10/15/25 Rated Wattage 2 kW Required Power Supply (V/Hz) 230/50 Temperature Range 25ºC to 75ºC Working Pressure (Mpa) 0.8 Inlet/Outlet Connection (Inch) 1/2 Warranty 7 Years on Tank 4 Years on Heating Element 2 Years on Other Parts Product Dimensions (in mm) W H D 6 Litres 288 288 260 10 Litres 328 328 295 15 Litres 385 385 305 25 Litres 448 448 345 Rs","Active product with no variants — cannot be priced or bought",""
"review","no-variant","ERM-WHT-V006","jaquar-rs-available-in-6-10-15-25-litres-erm-wht-v006","Rs. Available in 6/10/15/25 Litres","Active product with no variants — cannot be priced or bought",""
"review","no-variant","ERM-WHT-V010","jaquar-rs-erm-wht-v010","Rs","Active product with no variants — cannot be priced or bought",""
"review","no-variant","ERM-WHT-V015","jaquar-rs-erm-wht-v015","Rs","Active product with no variants — cannot be priced or bought",""
"review","no-variant","ERM-WHT-V025","jaquar-114-jaquar-com-erm-wht-v025","114 jaquar.com","Active product with no variants — cannot be priced or bought",""
"review","no-variant","ESA-GBL-LDG0812","jaquar-artificial-marble-ledge-801-1200-rs-esa-gbl-ldg0812","Artificial Marble Ledge 801-1200 Rs","Active product with no variants — cannot be priced or bought",""
"review","no-variant","ESA-GBL-LDG1010","jaquar-artificial-marble-ledge-1000-x-1000-rs-esa-gbl-ldg1010","Artificial Marble Ledge 1000 x 1000 Rs","Active product with no variants — cannot be priced or bought",""
"review","no-variant","ESA-GBL-LDG1012","jaquar-artificial-marble-ledge-1000-x-1200-rs-esa-gbl-ldg1012","Artificial Marble Ledge 1000 x 1200 Rs","Active product with no variants — cannot be priced or bought",""
"review","no-variant","ESA-GBL-LDG1212","jaquar-artificial-marble-ledge-1200-x-1200-rs-white-esa-gbl-ldg1212","Artificial Marble Ledge 1200 x 1200 Rs. White","Active product with no variants — cannot be priced or bought",""
"review","no-variant","ESA-GBL-LDG1216","jaquar-artificial-marble-ledge-1201-1600-rs-esa-gbl-ldg1216","Artificial Marble Ledge 1201-1600 Rs","Active product with no variants — cannot be priced or bought",""
"review","no-variant","ESA-GBL-LDG1620","jaquar-artificial-marble-ledge-1601-2000-rs-esa-gbl-ldg1620","Artificial Marble Ledge 1601-2000 Rs","Active product with no variants — cannot be priced or bought",""
"review","no-variant","ESA-GBL-LDG2024","jaquar-artificial-marble-ledge-2001-2400-rs-esa-gbl-ldg2024","Artificial Marble Ledge 2001-2400 Rs","Active product with no variants — cannot be priced or bought",""
"review","no-variant","ESA-GBL-LDG9090","jaquar-artificial-marble-ledge-900-x-900-rs-esa-gbl-ldg9090","Artificial Marble Ledge 900 x 900 Rs","Active product with no variants — cannot be priced or bought",""
"review","no-variant","ESA-WHT-LDG1012","jaquar-artificial-marble-ledge-1000-x-1200-rs-esa-wht-ldg1012","Artificial Marble Ledge 1000 x 1200 Rs","Active product with no variants — cannot be priced or bought",""
"review","no-variant","ESA-WHT-LDG1212","jaquar-artificial-marble-ledge-1200-x-1200-rs-raw-material-pvc-and-stone-dust-dimensions-width-60-mm-features-easy-to-fix-weight-carrying-capacity-250-kg-longer-esa-wht-ldg1212","Artificial Marble Ledge 1200 x 1200 Rs. Raw Material: PVC and Stone Dust Dimensions: Width - 60 mm, Features: Easy to Fix • Weight Carrying Capacity: 250 Kg, Longer","Active product with no variants — cannot be priced or bought",""
"review","no-variant","ESA-WHT-LDG2024","jaquar-artificial-marble-ledge-2001-2400-rs-esa-wht-ldg2024","Artificial Marble Ledge 2001-2400 Rs","Active product with no variants — cannot be priced or bought",""
"review","no-variant","FLR-5001B","jaquar-single-lever-basin-mixer-without-popup-waste-450mm-long-braided-hoses-831-1-2-bsp-max-180-054-105-52-flr-5001b","Single Lever Basin Mixer without Popup Waste 450mm Long Braided Hoses 831 ½""BSP Max. 180 054 105 Ø52","Active product with no variants — cannot be priced or bought",""
"review","no-variant","FLR-5003B","jaquar-system-with-single-lever-basin-mixer-small-system-with-450mm-long-25-1-2-bsp-25-63-1-1-4-bsp-flr-5003b","System with Single Lever Basin Mixer (Small System with 450mm Long 25 ½""BSP 25° Ø63 1-1/4""BSP","Active product with no variants — cannot be priced or bought",""
"review","no-variant","FLR-5005NB","jaquar-single-lever-tall-boy-with-spout-without-popup-waste-braided-hoses-45-07-70-wall-flr-5005nb","Single Lever Tall Boy with & Spout without Popup Waste Braided Hoses 45° 07 Ø70 WALL","Active product with no variants — cannot be priced or bought",""
"review","no-variant","FLR-5007B","jaquar-mounted-single-lever-sink-mixer-with-170mm-extension-body-swinging-spout-without-popup-waste-table-mounted-with-600mm-long-braided-hoses-flr-5007b","Mounted Single Lever Sink Mixer with 170mm Extension Body Swinging Spout without popup Waste (Table Mounted) with 600mm Long Braided Hoses","Active product with no variants — cannot be priced or bought",""
"review","no-variant","FLR-5009B","jaquar-single-lever-sink-mixer-with-210mm-extension-swinging-spout-without-popup-waste-table-600mm-long-braided-hoses-flr-5009b","Single Lever Sink Mixer with 210mm Extension Swinging Spout without popup Waste (Table 600mm Long Braided Hoses","Active product with no variants — cannot be priced or bought",""
"review","no-variant","FLR-5011N","jaquar-041-90-56-05-xam-25-45-1-2-bsp-pillar-cock-125-502-30-1-2-bsp-flr-5011n","041 90 56 05 .xaM 25° Ø45 ½""BSP Pillar Cock 125 502 30° 1/2"" BSP","Active product with no variants — cannot be priced or bought",""
"review","no-variant","FLR-5015","jaquar-pillar-cock-with-lift-type-operating-knob-base-flange-232-1-2-bsp-1-2-bsp-0-1-051-26-0-1-612-min-30-178-max-50-26x061-07-65-170-psb-1-2-30-5-04-wall-flange-handles-spout-70-spout-nipple-sleeves-flr-5015","Pillar Cock with Lift Type Operating Knob & Base Flange 232 ½""BSP ½""BSP 0.1±051 26 0.1±612 Min.30 178 Max.50 26X061 07 65 170 PSB""½ Ø30.5 04Ø WALL FLANGE HANDLES SPOUT 70 SPOUT NIPPLE SLEEVES","Active product with no variants — cannot be priced or bought",""
"review","no-variant","FLR-5021M","jaquar-07-pillar-cock-with-extension-body-flr-5021m","07 Pillar Cock with Extension Body","Active product with no variants — cannot be priced or bought",""
"review","no-variant","FLR-5025B","jaquar-single-lever-mini-basin-mixer-without-popup-waste-system-with-450mm-long-braided-hoses-176-flr-5025b","Single Lever Mini Basin Mixer Without Popup Waste System With 450mm Long Braided Hoses 176","Active product with no variants — cannot be priced or bought",""
"review","no-variant","FLR-5031N","jaquar-florentine-pillar-cock-with-extended-lever-handle-kitchen-160-131-07-1-071-1-031-psb-2-1-07-35-260-1-051-87-flr-5031n","Florentine Pillar Cock with Extended Lever Handle Kitchen 160 131 07 1±071 1±031 PSB""2/1 07Ø 35 260 1±051 87","Active product with no variants — cannot be priced or bought",""
"review","no-variant","FLR-5033B","jaquar-florentine-single-lever-surgical-purpose-elbow-basin-mixer-with-extended-operating-lever-without-waste-system-with-450mm-long-braided-hoses-taps-47-47-psb-2-1-07-flr-5033b","Florentine Single Lever Surgical Purpose Elbow Basin Mixer with Extended Operating Lever without Waste System with 450mm Long Braided Hoses Taps 47 47 PSB ""2/1 07Ø","Active product with no variants — cannot be priced or bought",""
"review","no-variant","FLR-5037N","jaquar-bib-cock-angular-shape-with-wall-flange-flr-5037n","Bib Cock (Angular Shape) With Wall Flange","Active product with no variants — cannot be priced or bought",""
"review","no-variant","FLR-5041N","jaquar-2-way-bib-cock-with-40-57-1-2-bsp-flr-5041n","2 Way Bib Cock With 40 57 ½""BSP","Active product with no variants — cannot be priced or bought",""
"review","no-variant","FLR-5043N","jaquar-florentine-bib-cock-with-extended-lever-handle-and-wall-flange-214-flr-5043n","Florentine Bib Cock with Extended Lever Handle and Wall Flange 214","Active product with no variants — cannot be priced or bought",""
"review","no-variant","FLR-5047N","jaquar-bib-cock-straight-line-model-with-wall-flange-psb-1-2-25-54-07-flr-5047n","Bib Cock (Straight Line Model) With Wall Flange PSB""½ 25 54 07Ø","Active product with no variants — cannot be priced or bought",""
"review","price-in-name","FLR-5051B","jaquar-single-lever-basin-mixer-with-popup-waste-system-450mm-long-braided-hoses-85-45-1-2-bsp-041-054-flr-5051b","Single Lever Basin Mixer with Popup Waste System 450mm Long Braided Hoses 85 Ø45 ½""BSP 041 054","Looks like a price or a model number in the title: 041, 054",""
"review","no-variant","FLR-5051B","jaquar-single-lever-basin-mixer-with-popup-waste-system-450mm-long-braided-hoses-85-45-1-2-bsp-041-054-flr-5051b","Single Lever Basin Mixer with Popup Waste System 450mm Long Braided Hoses 85 Ø45 ½""BSP 041 054","Active product with no variants — cannot be priced or bought",""
"review","no-variant","FLR-5053N","jaquar-angular-stop-cock-with-wall-flange-aquamax-thermostatic-mixer-105-572-38-8-wall-flange-flr-5053n","Angular Stop Cock With Wall Flange Aquamax Thermostatic Mixer 105 572 38° 8 WALL FLANGE","Active product with no variants — cannot be priced or bought",""
"review","no-variant","FLR-5063B","jaquar-single-lever-basin-mixer-small-system-with-450mm-long-also-available-1-2-bsp-flr-5063b","Single Lever Basin Mixer (Small System with 450mm Long Also available ½""BSP","Active product with no variants — cannot be priced or bought",""
"review","no-variant","FLR-5065NK","jaquar-single-lever-exposed-parts-kit-of-diverter-consisting-operating-lever-wall-flange-with-seals-button-compatible-with-item-ald-065n-wall-flange-button-21-581-71-flr-5065nk","Single Lever Exposed Parts Kit of Diverter Consisting Operating Lever, Wall Flange (with Seals) & Button (Compatible with Item ALD-065N) WALL FLANGE BUTTON 21 581Ø 71Ø","Active product with no variants — cannot be priced or bought",""
"review","no-variant","FLR-5075K","jaquar-of-single-lever-exposed-parts-kit-of-divertor-consisting-of-only-operating-lever-wall-flange-with-seals-button-only-suitable-for-item-ald-075-581-06-51-operating-lever-52-70-button-sleeve-26-sleeve-06-flr-5075k","of Single Lever Exposed Parts Kit of Divertor Consisting of Only Operating Lever, Wall Flange (With Seals) & Button Only (Suitable For Item ALD-075) 581Ø 06Ø 51Ø OPERATING LEVER 52 70 BUTTON SLEEVE 26Ø SLEEVE 06Ø","Active product with no variants — cannot be priced or bought",""
"review","no-variant","FLR-5079NK","jaquar-single-lever-exposed-parts-kit-of-hi-flow-diverter-of-operating-lever-cartridge-sleeve-wall-flange-button-assembly-sleeve-button-compatible-flr-5079nk","Single Lever Exposed Parts Kit of Hi-flow Diverter of Operating Lever, Cartridge Sleeve, Wall Flange Button Assembly Sleeve & Button (Compatible","Active product with no variants — cannot be priced or bought",""
"review","no-variant","FLR-5083NK","jaquar-exposed-part-kit-of-fitting-sleeve-operating-seal-compatible-with-45-diverter-handle-45-thermostate-handle-flr-5083nk","Exposed Part Kit of Fitting Sleeve, Operating Seal (compatible with Ø45 DIVERTER HANDLE Ø45 THERMOSTATE HANDLE","Active product with no variants — cannot be priced or bought",""
"review","no-variant","FLR-5095N","jaquar-bath-tub-filler-consisting-of-2-control-cocks-and-spout-20mm-cartridge-size-1-071-051-psb-1-2-flr-5095n","Bath Tub Filler Consisting of 2 Control Cocks and Spout, 20mm Cartridge Size 1±071 051 PSB""½","Active product with no variants — cannot be priced or bought",""
"review","no-variant","FLR-5105B","jaquar-single-lever-1-hole-bath-shower-mixer-high-flow-tub-mounted-with-concealed-provision-for-connection-to-hand-shower-with-450mm-long-braided-hoses-1-071-1-031-psb-2-1-07-1-051-501-1-2-bsp-15-35-170-flr-5105b","Single Lever 1- Hole Bath & Shower Mixer (High Flow) Tub Mounted With Concealed Provision For Connection to Hand Shower With 450mm Long Braided Hoses 1±071 1±031 PSB ""2/1 07 Ø 1±051 501 1/2"" BSP 15° 35 170","Active product with no variants — cannot be priced or bought",""
"review","no-variant","FLR-5107B","jaquar-single-lever-1-hole-mounted-with-exposed-shower-with-450mm-flr-5107b","Single Lever 1- Hole Mounted With Exposed Shower With 450mm","Active product with no variants — cannot be priced or bought",""
"review","no-variant","FLR-5119","jaquar-single-lever-wall-mixer-with-provision-of-hand-shower-but-w-o-hand-shower-100-1-2-bsp-180-70-psb-4-3-psb-2-1-84-50-70-100-50-071-05-flr-5119","Single Lever Wall Mixer With Provision of Hand Shower, But W/O Hand Shower 100 1/2"" BSP 180 Ø70 PSB ""4/3 PSB ""2/1 84 50 70 100 50 071 05Ø","Active product with no variants — cannot be priced or bought",""
"review","price-in-name","FLR-5121K","jaquar-exposed-parts-of-floor-mounted-single-lever-bath-mixer-with-provision-for-hand-shower-without-hand-shower-shower-hose-compatible-with-ald-121-1-2-bsp-1-2-bsp-max-180-05-100-55-63-1-1-4-bsp-single-lever-kitchen-54-170-1-150-130-1-70-5-psb-1-2-60-230-35-271-533-flr-5121k","Exposed Parts of Floor Mounted Single Lever Bath Mixer with Provision for Hand Shower, without Hand Shower & Shower Hose (Compatible with ALD-121) ½""BSP ½""BSP Max. 180 05 100 Ø55 Ø63 1-¼""BSP Single Lever | Kitchen °54 170 ± 1 150 130 ± 1 Ø70 5˚ PSB""½ 60 230 35 271 533","Looks like a price or a model number in the title: 271, 533",""
"review","no-variant","FLR-5121K","jaquar-exposed-parts-of-floor-mounted-single-lever-bath-mixer-with-provision-for-hand-shower-without-hand-shower-shower-hose-compatible-with-ald-121-1-2-bsp-1-2-bsp-max-180-05-100-55-63-1-1-4-bsp-single-lever-kitchen-54-170-1-150-130-1-70-5-psb-1-2-60-230-35-271-533-flr-5121k","Exposed Parts of Floor Mounted Single Lever Bath Mixer with Provision for Hand Shower, without Hand Shower & Shower Hose (Compatible with ALD-121) ½""BSP ½""BSP Max. 180 05 100 Ø55 Ø63 1-¼""BSP Single Lever | Kitchen °54 170 ± 1 150 130 ± 1 Ø70 5˚ PSB""½ 60 230 35 271 533","Active product with no variants — cannot be priced or bought",""
"review","no-variant","FLR-5123","jaquar-single-lever-bath-mounted-model-with-but-w-o-hand-shower-flr-5123","Single Lever Bath & Mounted Model with But W/O Hand Shower","Active product with no variants — cannot be priced or bought",""
"review","no-variant","FLR-5133","jaquar-single-lever-bath-tub-mixer-high-flow-with-hand-shower-arrangement-with-exposed-straight-legs-177-flr-5133","Single Lever Bath Tub Mixer (High Flow) with Hand Shower Arrangement with Exposed Straight Legs 177","Active product with no variants — cannot be priced or bought",""
"review","no-variant","FLR-5135","jaquar-lower-side-single-lever-high-flow-bath-filler-concealed-body-wall-mounted-model-with-bath-spout-composite-one-piece-body-175-521-34-1-0-centre-for-hot-cold-1-2-bsp-min-30-75-max-65-240-86-170-1-150-1-130-1-70-07-801-3-4-bsp-1-2-bsp-psb-2-1-35-134-60-flr-5135","Lower Side, Single Lever High Flow Bath Filler (Concealed Body) Wall Mounted Model with Bath Spout (Composite One Piece Body) 175 521 34±1.0 Centre For Hot & Cold ½""BSP Min. 30 75 Max. 65 240 86 170±1 150±1 130±1 Ø70 07 801 3/4""BSP 1/2""BSP PSB""2/1 35 134 60","Active product with no variants — cannot be priced or bought",""
"review","stray-punctuation","FLR-5137","jaquar-single-lever-high-flow-bath-shower-mixer-body-wall-mounted-model-with-button-spout-one-piece-body-170-1-150-1-130-1-flr-5137","Single Lever High Flow Bath & Shower Mixer Body Wall Mounted Model with Button Spout One Piece Body) 170±1 150±1 130±1","Name opens or closes with punctuation: ""Single Lever High Flow Bath & Shower Mixer Body Wall Mounted Model with Button Spout One Piece Body) 170±1 150±1 130±1""","Single Lever High Flow Bath & Shower Mixer Body Wall Mounted Model with Button Spout One Piece Body 170±1 150±1 130±1"
"review","no-variant","FLR-5137","jaquar-single-lever-high-flow-bath-shower-mixer-body-wall-mounted-model-with-button-spout-one-piece-body-170-1-150-1-130-1-flr-5137","Single Lever High Flow Bath & Shower Mixer Body Wall Mounted Model with Button Spout One Piece Body) 170±1 150±1 130±1","Active product with no variants — cannot be priced or bought",""
"review","no-variant","FLR-5139","jaquar-single-lever-concealed-shower-mixer-for-overhead-shower-wall-flange-841-flr-5139","Single Lever Concealed Shower Mixer For Overhead Shower WALL FLANGE 841Ø","Active product with no variants — cannot be priced or bought",""
"review","no-variant","FLR-5143","jaquar-single-lever-wall-mixer-with-provision-for-overhead-shower-with-150x150mm-long-bend-pipe-on-connecting-legs-wall-flanges-1-2-bsp-flr-5143","Single Lever Wall Mixer With Provision For Overhead Shower With 150X150mm Long Bend Pipe On Connecting Legs & Wall Flanges 1/2"" BSP","Active product with no variants — cannot be priced or bought",""
"review","no-variant","FLR-5145","jaquar-concealed-single-lever-exposed-shower-mixer-with-provision-for-composite-connection-to-exposed-shower-pipe-sha-1211nh-sha-1213-hand-shower-with-connecting-legs-wall-flanges-25-3-4-bsp-psb-2-1-07-35-134-60-psb-2-1-07-170-1-130-1-150-1-1-2-bsp-35-70-flr-5145","Concealed Single Lever Exposed Shower Mixer With Provision For (Composite Connection to Exposed Shower Pipe (SHA-1211NH & SHA- 1213) & Hand Shower With Connecting Legs & Wall Flanges 25 3/4 ""BSP PSB"" 2/1 07Ø 35 134 60 PSB ""2/1 07 Ø 170±1 130±1 150±1 1/2"" BSP 35 70","Active product with no variants — cannot be priced or bought",""
"review","no-variant","FLR-5147","jaquar-single-lever-exposed-shower-mixer-with-provision-connection-to-exposed-shower-pipe-sha-1211n-connecting-legs-wall-flanges-178-flr-5147","Single Lever Exposed Shower Mixer With Provision Connection to Exposed Shower Pipe (SHA-1211N) Connecting Legs & Wall Flanges 178","Active product with no variants — cannot be priced or bought",""
"review","no-variant","FLR-5149","jaquar-with-single-lever-exposed-shower-mixer-for-connection-to-hand-shower-with-connecting-legs-wall-flanges-flr-5149","With Single Lever Exposed Shower Mixer for Connection to Hand Shower With Connecting Legs & Wall Flanges","Active product with no variants — cannot be priced or bought",""
"review","no-variant","FLR-5163","jaquar-180-single-lever-sink-mixer-swinging-spout-wall-model-with-connecting-legs-wall-flanges-flr-5163","180 Single Lever Sink Mixer Swinging Spout (Wall Model) With Connecting Legs & Wall Flanges","Active product with no variants — cannot be priced or bought",""
"review","no-variant","FLR-5165","jaquar-system-single-lever-sink-mixer-with-swinging-spout-on-upper-side-wall-mounted-model-with-connecting-legs-wall-flanges-200-841-10-1-2-bsp-092-52-1-051-260-87-flr-5165","System Single Lever Sink Mixer With Swinging Spout on Upper Side (Wall Mounted Model) With Connecting Legs & Wall Flanges 200 841 10° ½""BSP 092 Ø52 1±051 260 87","Active product with no variants — cannot be priced or bought",""
"review","no-variant","FLR-5166","jaquar-single-lever-surgical-purpose-elbow-action-sink-mixer-wall-mounted-with-extended-operating-lever-connecting-legs-wall-flanges-flr-5166","Single Lever Surgical Purpose Elbow Action Sink Mixer (Wall Mounted) with Extended Operating Lever, Connecting Legs & Wall Flanges","Active product with no variants — cannot be priced or bought",""
"review","no-variant","FLR-5167NB","jaquar-central-hole-basin-mixer-with-regular-spout-without-popup-waste-system-with-450mm-long-braided-hoses-20mm-cartridge-size-also-available-flr-5167nb","Central Hole Basin Mixer with Regular Spout without Popup Waste System with 450mm Long Braided Hoses, 20mm Cartridge Size Also available","Active product with no variants — cannot be priced or bought",""
"review","no-variant","FLR-5169NB","jaquar-central-hole-basin-mixer-with-roundspout-with-popup-waste-system-with450mm-long-braided-hoses-20mm-cartridge-size-flr-5169nb","Central Hole Basin Mixer with RoundSpout with Popup Waste System with450mm Long Braided Hoses, 20mm Cartridge Size","Active product with no variants — cannot be priced or bought",""
"review","no-variant","FLR-5173B","jaquar-mounted-with-single-lever-sink-mixer-with-swinging-spout-table-mounted-with-450mm-long-braided-hoses-1-2-bsp-054-230-5-52-332-593-1-2-bsp-731-511-17o-205-55-shower-house-1-2-mtr-weight-flr-5173b","Mounted with Single Lever Sink Mixer with Swinging Spout (Table Mounted) with 450mm Long Braided Hoses ½""BSP 054 230 5° Ø52 332 593 1/2"" BSP 731 511 17º 205 Ø55 SHOWER HOUSE 1.2 MTR WEIGHT","Active product with no variants — cannot be priced or bought",""
"review","no-variant","FLR-5177B","jaquar-quarter-turn-basin-single-lever-sink-mixer-table-mounted-with-hand-shower-dual-flow-complete-with-1-2m-with-450mm-long-braided-hoses-flr-5177b","Quarter Turn | Basin Single Lever Sink Mixer (Table Mounted) with Hand Shower Dual Flow Complete with 1.2m with 450mm long Braided Hoses","Active product with no variants — cannot be priced or bought",""
"review","no-variant","FLR-5179B","jaquar-side-single-lever-sink-mixer-with-swinging-spout-table-mounted-with-450mm-long-braided-hoses-56-081-054-long-tube-25-115-50-1-2-bsp-min-175-145-max-200-m28-001-012-58-1-2-bsp-75-m28-m28-1-2-bsp-flr-5179b","Side Single Lever Sink Mixer with Swinging Spout (Table Mounted) with 450mm Long Braided Hoses 56 081 054 long tube 25° 115 Ø50 ½""BSP Min.175 145 Max.200 M28 001 012 Ø58 1/2""BSP 75 M28 M28 1/2""BSP","Active product with no variants — cannot be priced or bought",""
"review","no-variant","FLR-5189N","jaquar-181-3-hole-basin-mixer-without-popup-waste-system-20mm-cartridge-size-flr-5189n","181 3-Hole Basin Mixer without Popup Waste System, 20mm Cartridge Size","Active product with no variants — cannot be priced or bought",""
"review","no-variant","FLR-5191N","jaquar-092-05-xam-3-hole-basin-mixer-with-popup-waste-system-20mm-cartridge-size-flr-5191n","092 05.xaM 3-Hole Basin Mixer with Popup Waste System, 20mm Cartridge Size","Active product with no variants — cannot be priced or bought",""
"review","no-variant","FLR-5193K","jaquar-179-consisting-single-lever-3-inlet-divertor-exposed-parts-kit-consisting-of-with-seals-operating-lever-wall-flange-button-only-with-ald-079n-suitable-for-item-ald-193-flr-5193k","179 Consisting Single Lever 3-inlet Divertor Exposed parts kit Consisting of (with Seals), Operating Lever, Wall Flange & Button Only with ALD-079N) (Suitable For Item ALD-193)","Active product with no variants — cannot be priced or bought",""
"review","no-variant","FLR-5213B","jaquar-single-lever-1-hole-bidet-mixer-with-popup-waste-with-375mm-long-braided-hoses-1-1-0-0-3-7-1-1-psb-2-1-07-35-flr-5213b","Single Lever 1-Hole Bidet Mixer with Popup Waste with 375mm Long Braided Hoses 1 1 ± ± 0 0 3 7 1 1 PSB ""2/1 07 Ø 35","Active product with no variants — cannot be priced or bought",""
"review","no-variant","FLR-5215N","jaquar-exposed-wall-mixer-with-provision-only-for-overhead-hand-shower-with-connecting-legs-wall-flanges-200-1-0-180-1-0-160-1-0-flr-5215n","Exposed Wall Mixer With Provision Only for Overhead Hand Shower with Connecting Legs & Wall Flanges 200±1.0 180±1.0 160±1.0","Active product with no variants — cannot be priced or bought",""
"review","no-variant","FLR-5217N","jaquar-wall-mixer-with-telephone-shower-arrangement-legs-wall-flanges-but-without-crutch-telephone-081-05-xam-3-4-bsp-flr-5217n","Wall Mixer with Telephone Shower Arrangement, Legs & Wall Flanges but without Crutch & Telephone 081 05.xaM ¾""BSP","Active product with no variants — cannot be priced or bought",""
"review","no-variant","FLR-5219N","jaquar-shower-wall-mixer-non-telephonic-shower-arrangement-with-connecting-legs-wall-flanges-801-3-4-bsp-psb-1-2-70-10-35-70-155-1-002-1-081-1-061-07-35-psb-2-1-07-34-43-66-155-10-801-1-2-bsp-flr-5219n","Shower & Wall Mixer Non-Telephonic Shower Arrangement with Connecting Legs & Wall Flanges 801 ¾""BSP PSB""½ Ø70 10° 35 70 155 1±002 1±081 1±061 07Ø 35 PSB""2/1 07Ø Ø34 43 66 155 10° 801 1/2"" BSP","Active product with no variants — cannot be priced or bought",""
"review","no-variant","FLR-5227K","jaquar-connection-to-single-lever-exposed-parts-kit-of-deusch-mixer-consisting-of-operating-lever-cartridge-sleeve-wall-flange-with-flr-5227k","Connection To Single Lever Exposed Parts Kit of Deusch Mixer Consisting of Operating Lever, Cartridge Sleeve, Wall Flange (with","Active product with no variants — cannot be priced or bought",""
"review","no-variant","FLR-5231NK","jaquar-exposed-parts-kit-of-single-consisting-of-operating-lever-spout-two-wall-flanges-ald-235npso-flr-5231nk","Exposed Parts kit of Single Consisting of Operating Lever, Spout & Two Wall Flanges & ALD-235NPSO","Active product with no variants — cannot be priced or bought",""
"review","no-variant","FLR-5233NK","jaquar-exposed-part-kit-of-consisting-of-operating-nipple-spout-compatible-flr-5233nk","Exposed Part Kit of Consisting of Operating Nipple & Spout (Compatible","Active product with no variants — cannot be priced or bought",""
"review","no-variant","FLR-5267N","jaquar-connecting-shower-011-1-2-bsp-52-53-155-10-35-66-155-10-psb-1-2-061-xam-psb-1-2-07-07-801-wall-mixer-with-connector-for-hand-shower-arrangement-with-connecting-legs-wall-flanges-wall-bracket-forhand-shower-200-1-180-1-160-1-70-flr-5267n","Connecting Shower 011 ½""BSP Ø52 53 155 10° 35 66 155 10° PSB""½ 061 .xaM PSB""½ 07Ø 07Ø 801 Wall Mixer with Connector for Hand Shower arrangement with Connecting Legs, Wall Flanges & Wall Bracket forHand Shower 200±1 180±1 160±1 Ø70","Active product with no variants — cannot be priced or bought",""
"review","no-variant","FLR-5271N","jaquar-bath-tub-mixer-exposed-adjustable-legs-with-shower-arrangement-crutch-flr-5271n","Bath Tub Mixer (Exposed Adjustable Legs) with Shower Arrangement & Crutch","Active product with no variants — cannot be priced or bought",""
"review","no-variant","FLR-5273UPR","jaquar-183-telephone-wall-mixer-with-provision-for-overhead-shower-with-115mm-long-bend-pipe-on-upper-side-connecting-legs-wall-flanges-flr-5273upr","183 Telephone Wall Mixer with Provision For Overhead Shower with 115mm Long Bend Pipe On Upper Side, Connecting Legs & Wall Flanges","Active product with no variants — cannot be priced or bought",""
"review","no-variant","FLR-5281N","jaquar-031-54-nim-57-xam-wall-mixer-3-in-1-system-with-provision-for-both-shower-and-overhead-shower-complete-with-long-bend-pipe-connecting-legs-wall-flange-hand-overhead-shower-flr-5281n","031 54.niM 57.xaM Wall Mixer 3-in-1 System with Provision for both Shower and Overhead Shower Complete with Long Bend Pipe, Connecting Legs & Wall Flange Hand & Overhead Shower","Active product with no variants — cannot be priced or bought",""
"review","no-variant","FLR-5309N","jaquar-sink-mixer-with-regular-swinging-spout-wall-with-connecting-legs-wall-flanges-50-1-2-bsp-flr-5309n","Sink Mixer with Regular Swinging Spout (Wall With Connecting Legs & Wall Flanges Ø50 ½""BSP","Active product with no variants — cannot be priced or bought",""
"review","no-variant","FLR-5309ND","jaquar-mounted-model-55-10-237-802-054-153-psb-1-2-07-25-25-100-521-091-sink-mixer-with-extended-swinging-spout-wall-mounted-model-with-connecting-legs-wall-flanges-flr-5309nd","Mounted Model 55 10° 237 802 054 153 PSB""½ 07Ø 25° 25 100 521 091 Sink Mixer with Extended Swinging Spout (Wall Mounted Model) with Connecting Legs & Wall Flanges","Active product with no variants — cannot be priced or bought",""
"review","no-variant","FLR-5319NB","jaquar-sink-mixer-1-hole-with-swinging-extended-spout-mounted-model-with-450mm-long-braided-hoses-flr-5319nb","Sink Mixer, 1-Hole with Swinging Extended Spout Mounted Model with 450mm Long Braided Hoses","Active product with no variants — cannot be priced or bought",""
"review","no-variant","FLR-5347N","jaquar-185-table-sink-cock-with-regular-swinging-spout-wall-mounted-model-with-wall-flange-flr-5347n","185 (Table Sink Cock with Regular Swinging Spout (Wall Mounted Model) With Wall Flange","Active product with no variants — cannot be priced or bought",""
"review","no-variant","FLR-5347SD","jaquar-1-2-bsp-sink-cock-with-extended-swinging-spout-wall-model-with-wall-flange-flr-5347sd","½""BSP Sink Cock with Extended Swinging Spout (Wall Model) With Wall Flange","Active product with no variants — cannot be priced or bought",""
"review","no-variant","FLR-5355N","jaquar-1-2-bsp-051-05-10-237-24-25-115-24-561-05-032-sink-cock-with-provision-for-connection-to-ro-from-rear-side-swinging-spout-mounted-flr-5355n","½""BSP 051 05 10° 237 24 25° 115 24 561 05 032 Sink Cock with Provision for Connection to RO from rear side & Swinging Spout Mounted","Active product with no variants — cannot be priced or bought",""
"review","no-variant","FLR-5357N","jaquar-sink-cock-with-regular-swinging-spout-table-mounted-model-f-42-flr-5357n","Sink Cock with Regular Swinging Spout (Table Mounted Model)F Ø42","Active product with no variants — cannot be priced or bought",""
"review","no-variant","FLR-5357SD","jaquar-85-psb-2-1-57-30-07-sink-cock-with-extended-swinging-spout-table-mounted-model-45-118-25-561-115-05-xam-1-2-bsp-flr-5357sd","85 PSB ""2/1 57 30 07 Ø Sink Cock with Extended Swinging Spout (Table Mounted Model) 45° 118 25° 561 115 05.xaM 1/2"" BSP","Active product with no variants — cannot be priced or bought",""
"review","no-variant","FLR-5359N","jaquar-186-sink-cock-table-mounted-with-angular-knob-flr-5359n","186 Sink Cock (Table Mounted) with Angular Knob","Active product with no variants — cannot be priced or bought",""
"review","no-variant","FLR-5421N","jaquar-psb-1-2-psb-1-2-4-way-divertor-for-concealed-fitting-with-built-in-non-return-valves-with-divertor-handle-305-x-102-225-1-2-bsp-hand-115mm-without-psb-1-2-0063-xnaimm-211-psb-1-2-216-1-0-232x62-150-flr-5421n","PSB""½ PSB""½ 4-Way Divertor for Concealed Fitting with Built-in Non-Return Valves with Divertor Handle 305 x 102 225 ½""BSP Hand 115mm (without PSB""½ 0063..xnaiMM 211 PSB""½ 216±1.0 232x62 150","Active product with no variants — cannot be priced or bought",""
"review","no-variant","FLR-5427N","jaquar-concealed-4-way-divertor-set-with-hot-cold-stop-cock-with-built-in-non-return-valves-piece-body-flr-5427n","Concealed 4-Way Divertor Set with Hot & Cold Stop Cock with Built-in Non-Return Valves Piece Body","Active product with no variants — cannot be priced or bought",""
"review","no-variant","FLR-5431N","jaquar-232-x-62-1-2-bsp-1-2-bsp-min-30-max-50-150-1-0-216-173-68-232-x-62-1-2-bsp-1-2-bsp-min-30-max-50-216-1-2-bsp-150-1-0-75-173-68-concealed-two-concealed-stop-cocks-composite-one-piece-body-composite-one-flr-5431n","232 x 62 ½""BSP ½""BSP Min.30 Max.50 150±1.0 216 173 68 232 x 62 ½""BSP ½""BSP Min.30 Max.50 216 ½""BSP 150±1.0 75 173 68 Concealed Two Concealed Stop Cocks (Composite One Piece Body) (Composite One","Active product with no variants — cannot be priced or bought",""
"review","no-variant","FLR-5433N","jaquar-182-two-concealed-stop-cocks-with-basin-spout-one-piece-body-flr-5433n","182 Two Concealed Stop Cocks with Basin Spout One Piece Body","Active product with no variants — cannot be priced or bought",""
"review","no-variant","FLR-5435N","jaquar-two-concealed-stop-cocks-with-bath-spout-one-piece-body-184-flr-5435n","Two Concealed Stop Cocks with Bath Spout one piece body 184","Active product with no variants — cannot be priced or bought",""
"review","no-variant","FLR-5437N","jaquar-composite-two-concealed-stop-cocks-with-bath-spout-button-attachment-composite-one-piece-body-flr-5437n","Composite Two Concealed Stop Cocks with Bath Spout Button Attachment (Composite One Piece Body)","Active product with no variants — cannot be priced or bought",""
"review","no-variant","FLR-5441NK","jaquar-composite-exposed-part-kit-of-single-concealedstop-cock-consisting-of-operatinglever-cartridge-sleeve-wall-flange-with-seals-basin-spout-compatible-with-ald-441-flr-5441nk","Composite Exposed Part Kit of Single ConcealedStop Cock Consisting of OperatingLever, Cartridge Sleeve, Wall Flange(with Seals) & Basin Spout (Compatible with ALD-441)","Active product with no variants — cannot be priced or bought",""
"review","no-variant","FLR-5613NB","jaquar-one-1-031-07-56-021-1-hole-bidet-mixer-with-popup-waste-system-with-375mm-long-braided-hoses-25-125-35182-psb-1-2-741-10-35-125-305-0-1-071-051-0-1-031-07-flr-5613nb","one 1±031 07Ø 56 021 1-Hole Bidet Mixer with Popup Waste System with 375mm Long Braided Hoses 25° 125 35182 PSB""½ 741 10° 35 125 305 0.1±071 051 0.1±031 07Ø","Active product with no variants — cannot be priced or bought",""
"review","no-variant","FLR-5653","jaquar-opal-opp-chr-15653pm-multifunction-thermostatic-shower-mixer-with-divertor-and-provision-for-connection-to-exposed-pipe-sha-1211nh-sha-1213-overhead-with-connecting-legs-wall-flange-queen-s-prime-qqp-chr-7215pm-exposed-wall-mixer-with-provision-only-for-overhead-hand-showe","Opal OPP-CHR-15653PM Multifunction Thermostatic Shower Mixer with Divertor and Provision for Connection to Exposed Pipe (SHA-1211NH & SHA-1213), Overhead & with Connecting Legs & Wall Flange Queen’s Prime QQP-CHR-7215PM Exposed Wall Mixer with Provision Only for Overhead & Hand Shower with Connecting Legs & Wall 304 Multifunction Thermostatic Shower Mixer with Divertor and Provision for Connection to Exposed Shower Pipe (SHA-1211NH & SHA-1213), Overhead Shower with Connecting Legs & Wall Flange Flow rate: 35.16 ℓ/min* 53 PSB ""4/3 ±1002 081 PSB ""2/1","Active product with no variants — cannot be priced or bought",""
"review","no-variant","FLR-5655","jaquar-mixer-exposed-shower-mixer-wall-mounted-with-thermosatic-control-with-connecting-legs-wall-flanges-20-psb-2-1-53-1-2-bsp-70-55-522-flr-5655","Mixer Exposed Shower Mixer (Wall Mounted) with Thermosatic Control with Connecting Legs & Wall Flanges 20° PSB ""2/1 53 1/2"" BSP Ø70 55 522","Active product with no variants — cannot be priced or bought",""
"review","no-variant","FLR-5657","jaquar-exposed-bath-shower-mixer-wall-mounted-with-control-cartridge-with-button-attachment-on-connecting-legs-wall-flanges-flr-5657","Exposed Bath Shower Mixer (Wall Mounted) with Control Cartridge with Button Attachment on Connecting Legs & Wall Flanges","Active product with no variants — cannot be priced or bought",""
"review","no-variant","FLR-5659","jaquar-303-thermosatic-exposed-bath-shower-mixer-tub-mounted-with-spout-with-thermosatic-control-cartridge-with-button-attachment-on-spout-with-straight-legs-flr-5659","303 Thermosatic Exposed Bath Shower Mixer (Tub Mounted) with Spout with Thermosatic Control Cartridge with Button Attachment on Spout with Straight Legs","Active product with no variants — cannot be priced or bought",""
"review","no-variant","FLR-5661K","jaquar-aquamax-exposed-part-kit-of-thermostatic-shower-suitable-for-ald-661-flr-5661k","Aquamax Exposed Part Kit of Thermostatic Shower (Suitable for ALD-661)","Active product with no variants — cannot be priced or bought",""
"review","no-variant","FLR-5677","jaquar-opp-chr-15655pm-integrated-exposed-shower-mixer-wall-mounted-with-thermostatic-shower-control-with-connecting-legs-wall-flanges-hand-shower-1-2-bsp-70-170-1-0-150-130-1-0-1-2-bsp-67-53-1-2-bsp-68-70-53-4-hole-thermostatic-bath-shower-mixer-deck-mounted-150-eko-170-1-150-13","OPP-CHR-15655PM Integrated Exposed Shower Mixer (Wall Mounted) with Thermostatic Shower Control with Connecting Legs & Wall Flanges Hand Shower 1/2""BSP Ø70 170 ± 1.0 150 130 ± 1.0 1/2""BSP 67 53 1/2""BSP 68 Ø70 53 4-Hole Thermostatic Bath & Shower Mixer, Deck Mounted 150 Eko 170±1 150 130±1 Ø70 275 1/2"" BSP PSB""2/1 1/2"" BSP 53 80 09 50 PSB ""2/1 170±1 150 130±1 Ø70 275 53 1/2"" BSP 1/2"" BSP ±1061 07Ø 07Ø 53 001 3/4"" BSP 75 35 153 55 1/2"" BSP","Active product with no variants — cannot be priced or bought",""
"review","no-variant","FLR-5681K","jaquar-mixer-aquamax-exposed-part-with-2-way-diverter-flr-5681k","Mixer Aquamax Exposed Part with 2-way diverter","Active product with no variants — cannot be priced or bought",""
"review","no-variant","FLR-5683K","jaquar-aquamax-exposed-part-kit-of-thermostatic-shower-mixer-with-3-way-diverter-suitable-for-ald-683-188-flr-5683k","Aquamax Exposed Part Kit of Thermostatic Shower Mixer with 3-way diverter (Suitable for ALD-683) 188","Active product with no variants — cannot be priced or bought",""
"review","price-in-name","FLR-5783K","jaquar-aquamax-exposed-part-kit-of-singlelever-shower-3-way-diverter-suitable-for-ald-783-single-lever-bidet-211-573-flr-5783k","Aquamax Exposed Part Kit of SingleLever Shower 3-way diverter (Suitable for ALD-783) Single Lever | Bidet 211 573","Looks like a price or a model number in the title: 211, 573",""
"review","no-variant","FLR-5783K","jaquar-aquamax-exposed-part-kit-of-singlelever-shower-3-way-diverter-suitable-for-ald-783-single-lever-bidet-211-573-flr-5783k","Aquamax Exposed Part Kit of SingleLever Shower 3-way diverter (Suitable for ALD-783) Single Lever | Bidet 211 573","Active product with no variants — cannot be priced or bought",""
"review","no-variant","FLV-1039","jaquar-flush-valve-dual-flow-with-32mm-c-ontrol-cock-set-regular-size-front-operating-lever-flv-1039","Flush Valve Dual Flow with 32mm C ontrol Cock Set (Regular Size-front Operating Lever)","Active product with no variants — cannot be priced or bought",""
"review","missing-image","FLV-CHR-1075FS","jaquar-with-i-flush-20mm-concealed-body-floor-mounting-frame-installation-connec-kit-and-s-type-drain-pipe-tion-set-for-wall-hung-wc-without-exposed-actuation-plate-kit-flv-chr-1075fs","with i-Flush 20mm Concealed Body Floor Mounting Frame, Installation Connec- Kit and “S-Type” Drain Pipe tion Set for Wall Hung WC (without Exposed Actuation Plate Kit)","No image of any kind — renders the 'photo coming soon' tile",""
"review","no-variant","FON-40005B","jaquar-single-lever-tall-boy-with-150mm-extension-body-600mm-long-braided-hoses-single-lever-bath-shower-psb-2-1-43-501-1-2-bsp-35-175-1-071-1-051-1-031-07-30-84-r-fon-40005b","Single Lever Tall Boy With 150mm Extension Body & 600mm Long Braided Hoses Single Lever | Bath & Shower PSB ""2/1 43 501 1/2"" BSP 35 175 1±071 1±051 1±031 07 Ø 30° 84Ø R","Active product with no variants — cannot be priced or bought",""
"review","no-variant","FON-40011","jaquar-pillar-cock-216-psb-1-2-fon-40011","Pillar Cock 216 PSB ”½","Active product with no variants — cannot be priced or bought",""
"review","no-variant","FON-40021","jaquar-pillar-cock-with-140mm-extension-body-56-197-212-70-spout-nipple-26x061-53-5-03-wall-flange-handles-sleeves-spout-03-nim-05-xam-psb-1-2-232x62-150-1-0-psb-1-2-502-fon-40021","Pillar Cock with 140mm Extension Body 56 197 212 70 SPOUT NIPPLE 26X061 53Ø 5.03Ø WALL FLANGE HANDLES SLEEVES SPOUT 03.niM 05.xaM PSB ”½ 232x62 150±1.0 PSB ”½ 502","Active product with no variants — cannot be priced or bought",""
"review","no-variant","FON-40023B","jaquar-single-lever-extended-basin-popup-waste-system-with-long-braided-hoses-fon-40023b","Single Lever Extended Basin Popup Waste System with Long Braided Hoses","Active product with no variants — cannot be priced or bought",""
"review","no-variant","FON-40037","jaquar-bib-cock-with-wall-flange-psb-1-2-25-55-fon-40037","Bib Cock with Wall Flange PSB""½ 25 55Ø","Active product with no variants — cannot be priced or bought",""
"review","no-variant","FON-40041","jaquar-2-way-bib-cock-with-35-73-1-2-bsp-92-fon-40041","2 Way Bib Cock with 35 73 1/2"" BSP 92","Active product with no variants — cannot be priced or bought",""
"review","no-variant","FON-40052B","jaquar-single-lever-extended-basin-popup-waste-system-with-also-available-fon-40052b","Single Lever Extended Basin Popup Waste System with Also available","Active product with no variants — cannot be priced or bought",""
"review","no-variant","FON-40053","jaquar-angular-stop-cock-with-wall-flange-fon-40053","Angular Stop Cock With Wall Flange","Active product with no variants — cannot be priced or bought",""
"review","no-variant","FON-40055NK","jaquar-single-lever-exposed-parts-kit-of-diverter-consisting-operating-lever-cartridge-sleeve-wall-flange-with-button-assembly-sleeve-button-compatible-581-fon-40055nk","Single Lever Exposed Parts Kit of Diverter Consisting Operating Lever, Cartridge Sleeve, Wall Flange (with Button Assembly Sleeve & Button (Compatible 581Ø","Active product with no variants — cannot be priced or bought",""
"review","stray-punctuation","FON-40079NK","jaquar-of-single-lever-exposed-parts-kit-of-hi-fl-ow-diverter-consisting-seals-of-operating-lever-cartridge-sleeve-wall-flange-with-ald-055n-with-seals-button-assembly-sleeve-button-compatible-with-ald-079n-60-51-telni-dloc-psb-2-1-telni-toh-psb-2-1-058-06-nim-dednemm-ocer-021-xa","of Single Lever Exposed Parts Kit of Hi-fl ow Diverter Consisting Seals of Operating Lever, Cartridge Sleeve, Wall Flange with ALD-055N) (with Seals), Button Assembly Sleeve & Button (Compatible with ALD-079N) Ø60 51Ø telnI dloC PSB ""2/1 telnI toH PSB ""2/1 058 06.niM )dednemm ocer( 021 .xaM 5101 220 Ø130 51 50 100 0711 1/2"" BSP Ø48 FRONT 1/2"" BSP 061 ot pu og nac ti","Name opens or closes with punctuation: ""of Single Lever Exposed Parts Kit of Hi-fl ow Diverter Consisting Seals of Operating Lever, Cartridge Sleeve, Wall Flange with ALD-055N) (with Seals), Button Assembly Sleeve & Button (Compatible with ALD-079N) Ø60 51Ø telnI dloC PSB \""2/1 telnI toH PSB \""2/1 058 06.niM )dednemm ocer( 021 .xaM 5101 220 Ø130 51 50 100 0711 1/2\"" BSP Ø48 FRONT 1/2\"" BSP 061 ot pu og nac ti""","of Single Lever Exposed Parts Kit of Hi-fl ow Diverter Consisting Seals of Operating Lever, Cartridge Sleeve, Wall Flange with ALD-055N (with Seals), Button Assembly Sleeve & Button (Compatible with ALD-079N) Ø60 51Ø telnI dloC PSB ""2/1 telnI toH PSB ""2/1 058 06.niM )dednemm ocer( 021 .xaM 5101 220 Ø130 51 50 100 0711 1/2"" BSP Ø48 FRONT 1/2"" BSP 061 ot pu og nac ti"
"review","no-variant","FON-40079NK","jaquar-of-single-lever-exposed-parts-kit-of-hi-fl-ow-diverter-consisting-seals-of-operating-lever-cartridge-sleeve-wall-flange-with-ald-055n-with-seals-button-assembly-sleeve-button-compatible-with-ald-079n-60-51-telni-dloc-psb-2-1-telni-toh-psb-2-1-058-06-nim-dednemm-ocer-021-xa","of Single Lever Exposed Parts Kit of Hi-fl ow Diverter Consisting Seals of Operating Lever, Cartridge Sleeve, Wall Flange with ALD-055N) (with Seals), Button Assembly Sleeve & Button (Compatible with ALD-079N) Ø60 51Ø telnI dloC PSB ""2/1 telnI toH PSB ""2/1 058 06.niM )dednemm ocer( 021 .xaM 5101 220 Ø130 51 50 100 0711 1/2"" BSP Ø48 FRONT 1/2"" BSP 061 ot pu og nac ti","Active product with no variants — cannot be priced or bought",""
"review","no-variant","FON-40083K","jaquar-exposed-part-kit-of-fitting-sleeve-operating-seal-compatible-with-fon-40083k","Exposed Part Kit of Fitting Sleeve, Operating Seal (compatible with","Active product with no variants — cannot be priced or bought",""
"review","no-variant","FON-40119","jaquar-single-lever-wall-mixer-with-provision-of-hand-shower-but-w-o-hand-shower-170-1-150-1-130-1-70-25-3-4-bsp-psb-2-1-35-138-60-fon-40119","Single Lever Wall Mixer With Provision Of Hand Shower, But W/O Hand Shower 170±1 150±1 130±1 Ø70 25 3/4 ""BSP PSB""2/1 35 138 60","Active product with no variants — cannot be priced or bought",""
"review","no-variant","FON-40121K","jaquar-consisting-of-exposed-parts-of-floor-mounted-single-lever-bath-mixer-for-item-with-provision-for-hand-shower-without-hand-shower-shower-hose-compatible-with-ald-121-127-fon-40121k","Consisting of Exposed Parts of Floor Mounted Single Lever Bath Mixer For Item with Provision for Hand Shower, without Hand Shower & Shower Hose (Compatible with ALD-121) 127","Active product with no variants — cannot be priced or bought",""
"review","no-variant","FON-40145","jaquar-single-lever-exposed-shower-connection-to-exposed-sha-1213-hand-shower-wall-flanges-126-fon-40145","Single Lever Exposed Shower Connection to Exposed SHA-1213 & Hand Shower & Wall Flanges 126","Active product with no variants — cannot be priced or bought",""
"review","no-variant","FON-40147","jaquar-single-lever-exposed-shower-mixer-with-provision-for-connection-to-exposed-shower-pipe-sha-1211n-with-connecting-legs-wall-flanges-fon-40147","Single Lever Exposed Shower Mixer With Provision For Connection to Exposed Shower Pipe (SHA-1211N) With Connecting Legs & Wall Flanges","Active product with no variants — cannot be priced or bought",""
"review","no-variant","FON-40149","jaquar-single-lever-exposed-shower-mixer-for-connection-hand-shower-with-connecting-legs-wall-flanges-831-71-54-wall-flange-button-fon-40149","Single Lever Exposed Shower Mixer for Connection Hand Shower with Connecting Legs & Wall Flanges 831Ø 71Ø 54Ø WALL FLANGE BUTTON","Active product with no variants — cannot be priced or bought",""
"review","no-variant","FON-40165","jaquar-single-lever-sink-mixer-with-swinging-spout-on-side-wall-mounted-model-with-connecting-legs-wall-flanges-quarter-turn-basin-05-xam-841-fon-40165","Single Lever Sink Mixer With Swinging Spout on Side (Wall Mounted Model) With Connecting Legs Wall Flanges Quarter Turn | Basin 05.xaM 841","Active product with no variants — cannot be priced or bought",""
"review","no-variant","FON-40173B","jaquar-single-lever-sink-mixer-with-swinging-spout-table-mounted-with-450mm-long-braided-hoses-105-1-2-bsp-38-25-45-105-25-882-05-xam-322-45-1-2-bsp-fon-40173b","& Single Lever Sink Mixer with Swinging Spout (Table Mounted) with 450mm Long Braided Hoses 105 ½""BSP 38 25° Ø45 105 25° 882 05.xaM 322 Ø45 ½""BSP","Active product with no variants — cannot be priced or bought",""
"review","no-variant","FON-40193K","jaquar-single-lever-3-inlet-divertor-exposed-parts-kit-operating-lever-wall-flange-button-only-suitable-ald-193-fon-40193k","Single Lever 3-inlet Divertor Exposed parts kit Operating Lever, Wall Flange & Button Only (Suitable ALD-193)","Active product with no variants — cannot be priced or bought",""
"review","no-variant","FON-40227K","jaquar-to-single-lever-exposed-parts-kit-of-deusch-mixer-consisting-of-operating-lever-crtridge-sleeve-wall-flange-with-seals-fon-40227k","to Single Lever Exposed Parts Kit of Deusch Mixer Consisting of Operating Lever, Crtridge Sleeve, Wall Flange (with Seals)","Active product with no variants — cannot be priced or bought",""
"review","no-variant","FON-40233NK","jaquar-exposed-part-kit-of-single-consisting-of-operating-flange-nipple-spout-ald-235n-fon-40233nk","Exposed Part Kit of Single Consisting of Operating Flange, Nipple & Spout ALD-235N","Active product with no variants — cannot be priced or bought",""
"review","no-variant","FON-40421","jaquar-4-way-divertor-for-concealed-fitting-with-built-in-non-return-valves-with-divertor-handle-quarter-turn-taps-psb-1-2-55-30-fon-40421","4-Way Divertor for Concealed Fitting with Built-in Non-Return Valves with Divertor Handle Quarter Turn | Taps PSB""½ 55Ø 30","Active product with no variants — cannot be priced or bought",""
"review","no-variant","FON-40427","jaquar-concealed-4-way-stop-cock-with-built-in-piece-body-132-4-20-fon-40427","Concealed 4-Way Stop Cock with Built-in Piece Body 132 4 20°","Active product with no variants — cannot be priced or bought",""
"review","no-variant","FON-40433","jaquar-two-concealed-stop-cocks-with-basin-spout-one-piece-body-128-fon-40433","Two Concealed Stop Cocks with Basin Spout One Piece Body 128","Active product with no variants — cannot be priced or bought",""
"review","no-variant","FON-40441K","jaquar-exposed-part-kit-of-single-concealed-stop-cock-consisting-composite-of-operating-lever-cartridge-sleeve-wall-flange-with-seals-basin-spout-compatible-with-ald-441-fon-40441k","Exposed Part Kit of Single Concealed Stop Cock Consisting (Composite of Operating Lever, Cartridge Sleeve, Wall Flange (with Seals) & Basin Spout (Compatible with ALD-441)","Active product with no variants — cannot be priced or bought",""
"review","no-variant","FUS-29065NK","jaquar-consisting-single-lever-exposed-parts-kit-of-diverter-consisting-of-with-operating-lever-wall-flange-with-seals-button-only-compatible-with-item-ald-065n-841-50-71-operating-lever-wall-flange-52-70-button-b-s-u-le-t-e-t-v-o-e-n-26-21-sleeve-581-71-06x06-fus-29065nk","Consisting Single Lever Exposed Parts Kit of Diverter Consisting of (with Operating Lever, Wall Flange (with Seals) & Button Only (Compatible with Item ALD-065N) 841Ø Ø50 71Ø OPERATING LEVER WALL FLANGE 52 70 BUTTON B S U LE T E T V O E N 26Ø 21 SLEEVE 581Ø 71Ø 06x06","Active product with no variants — cannot be priced or bought",""
"review","no-variant","FUS-29075K","jaquar-581-single-lever-exposed-parts-kit-of-divertor-consisting-operating-lever-wall-flange-with-seals-button-suitable-for-item-ald-075-fus-29075k","581Ø Single Lever Exposed Parts Kit of Divertor Consisting Operating Lever, Wall Flange (With Seals) & Button (Suitable For Item ALD-075)","Active product with no variants — cannot be priced or bought",""
"review","no-variant","FUS-29193K","jaquar-single-lever-3-inlet-divertor-exposed-parts-kit-operating-lever-wall-flange-button-only-suitable-for-item-ald-193-148-fus-29193k","Single Lever 3-inlet Divertor Exposed parts kit Operating Lever, Wall Flange & Button Only (Suitable For Item ALD-193) 148","Active product with no variants — cannot be priced or bought",""
"review","no-variant","FUS-29231NK","jaquar-exposed-parts-kit-of-single-consisting-of-operating-lever-spout-two-wall-flanges-ald-235npso-single-lever-bath-fus-29231nk","Exposed Parts kit of Single Consisting of Operating Lever, Spout & Two Wall Flanges & ALD-235NPSO Single Lever | Bath &","Active product with no variants — cannot be priced or bought",""
"review","no-variant","FUS-29783K","jaquar-aquamax-exposed-part-kit-of-single-lever-shower-mixer-with-3-way-diverter-suitable-for-ald-783-fus-29783k","Aquamax Exposed Part Kit of Single Lever Shower Mixer with 3-way diverter (Suitable for ALD-783)","Active product with no variants — cannot be priced or bought",""
"review","missing-image","FV8P5","homerun-wipro-garnet-264-leds-meter-profile-cove-led-strip-light-5mtr-fv8p5","Wipro Garnet 264 LEDs/Meter Profile & Cove LED Strip Light - 5Mtr","No Quoin image; a source URL exists but is gated behind SHOW_SOURCE_IMAGES",""
"review","missing-image","HDHLOCHDH05P7H","generic-hdhmr-hdhlochdh05p7h","HDHMR","No Quoin image; a source URL exists but is gated behind SHOW_SOURCE_IMAGES",""
"review","no-variant","HDR-SLV-AK2030","jaquar-nuovo-dualflow-touch-free-infrared-hand-dryer-with-intelligent-led-display-1850w-rated-power-dc-brushless-motor-double-hepa-filter-material-abs-finish-silver-paper-towel-dispenser-paper-towel-dispenser-towels-with-c-z-folds-wall-mounted-6-950-hdr-slv-ak2030","Nuovo dualflow touch-free infrared hand dryer with intelligent LED display, 1850W rated power, DC brushless motor & double HEPA filter Material: ABS Finish: Silver Paper Towel Dispenser Paper Towel Dispenser - Towels with c/z Folds - Wall Mounted","Active product with no variants — cannot be priced or bought",""
"review","no-variant","HDR-SSF-AK2803D","jaquar-bolt-touch-free-infrared-hand-dryer-with-1150w-rated-power-carbon-brush-motor-material-304-stainless-steel-finish-stainless-steel-finish-accessories-hand-dryer-nuovo-59-700-hdr-ssf-ak2803d","Bolt touch-free infrared hand dryer with 1150W rated power & carbon brush motor Material: 304 Stainless Steel Finish: Stainless Steel Finish Accessories Hand Dryer - NUOVO","Active product with no variants — cannot be priced or bought",""
"review","no-variant","HDR-SSF-AK2807","jaquar-flash-touch-free-infrared-hand-dryer-with-1150w-rated-power-carbon-brush-motor-material-304-stainless-steel-finish-stainless-steel-finish-hand-dryer-bolt-11-200-hdr-ssf-ak2807","Flash touch-free infrared hand dryer with 1150W rated power & carbon brush motor Material: 304 Stainless Steel Finish: Stainless Steel Finish Hand Dryer - BOLT","Active product with no variants — cannot be priced or bought",""
"review","no-variant","HIGH-FLOW","jaquar-shower-mixers-max-performance-more-flexibility-anti-scalding-technology-works-effi-ciently-even-at-low-pressure-universal-design-concealed-body-in-child-lock-for-extra-safety-no-need-for-pressure-pump-1-2-3-outlet-options-8-ranges-and-9-colours-to-select-from-298-high-flow","SHOWER MIXERS Max Performance More Flexibility Anti- scalding technology Works effi ciently even at low pressure Universal design, concealed body in Child lock for extra safety No need for pressure pump 1, 2 & 3 outlet options 8 ranges and 9 colours to select from 298","Active product with no variants — cannot be priced or bought",""
"review","no-variant","HPM-WHT-P200","jaquar-rs-hpm-wht-p200","Rs","Active product with no variants — cannot be priced or bought",""
"review","no-variant","HPM-WHT-P300","jaquar-for-use-in-multiple-bathrooms-with-shower-panels-bathtubs-recommended-for-the-centralised-heating-solution-for-multiple-bathrooms-119-hpm-wht-p300","For use in multiple bathrooms with shower panels & bathtubs Recommended for: the Centralised Heating Solution for Multiple Bathrooms 119","Active product with no variants — cannot be priced or bought",""
"review","no-variant","HPS-GRY-200X","jaquar-rs-hps-gry-200x","Rs","Active product with no variants — cannot be priced or bought",""
"review","no-variant","HPS-GRY-300X","jaquar-rs-hps-gry-300x","Rs","Active product with no variants — cannot be priced or bought",""
"review","no-variant","HPS-GRY-400X","jaquar-rs-hps-gry-400x","Rs","Active product with no variants — cannot be priced or bought",""
"review","no-variant","HPS-GRY-500X","jaquar-jaquar-com-121-hps-gry-500x","jaquar.com 121","Active product with no variants — cannot be priced or bought",""
"review","no-variant","HPS-WHT-200X","jaquar-rs-hps-wht-200x","Rs","Active product with no variants — cannot be priced or bought",""
"review","no-variant","HPS-WHT-300","jaquar-rs-for-use-in-multiple-bathrooms-with-shower-panels-bathtubs-hps-wht-300","Rs. For use in multiple bathrooms with shower panels & bathtubs","Active product with no variants — cannot be priced or bought",""
"review","no-variant","HPS-WHT-300X","jaquar-rs-hps-wht-300x","Rs","Active product with no variants — cannot be priced or bought",""
"review","no-variant","HPS-WHT-400","jaquar-rs-hps-wht-400","Rs","Active product with no variants — cannot be priced or bought",""
"review","no-variant","HPS-WHT-400X","jaquar-rs-hps-wht-400x","Rs","Active product with no variants — cannot be priced or bought",""
"review","no-variant","HPS-WHT-500","jaquar-integra-x-product-specifications-split-heat-pump-details-integra-x-split-heat-pump-tank-volume-l-200-300-400-500-rated-heating-capacity-kw-200-3-6-300-5-4-400-8-7-500-12-0-rated-input-power-kw-200-0-87-300-1-3-400-2-15-500-2-95-working-ambient-temperature-deg-c-7-43-max-ou","INTEGRA-X Product Specifications (Split Heat Pump) Details Integra-X (Split Heat Pump) Tank Volume (L) 200/300/400/500 Rated Heating Capacity (kW) 200 - 3.6/300 - 5.4 400 - 8.7/500 - 12.0 Rated Input Power (kW) 200 - 0.87/300 - 1.3 400 - 2.15/500 - 2.95 Working Ambient Temperature (Deg C) -7 ~ 43 Max Outlet Temperature (Deg C) 55/75 Required Power Supply (V/Ph/Hz) 220/1/50 Heating Element (kW) 200/300L - 3.0 400/500L - 4.0 Refrigerant Type R410a Net Dimension - Heat Pump (mm) D H W 200L 385 550 936 300L 385 550 936 400L 420 800 986 500L 420 800 986 Net Dimension - Water Tank (mm) W H 200L 515 1730 300L 685 1360 400L 685 1740 500L 733 1820 Warranty 4 Years on Tank, 3 Years on heating element, Compressor and Sealed System 2 Years on other components Weight - Heat Pump - Net/Gross (Kg) 200L 55/59 300L 60/65 400L 80/87 500L 96/104 Weight - Water Tank - Net/Gross (Kg) 200L 78/84 300L 88/95 400L 99/108 Rs","Active product with no variants — cannot be priced or bought",""
"review","no-variant","HPS-WHT-500X","jaquar-120-jaquar-com-hps-wht-500x","120 jaquar.com","Active product with no variants — cannot be priced or bought",""
"review","no-variant","HSH-1653","jaquar-maze-hand-shower-95mm-round-shape-single-flow-face-plate-stainless-steel-abs-body-in-chrome-finish-with-rubit-cleaning-system-registered-design-no-283936-sq-95-1-2-bsp-091-65-01-1-2-bsp-59-091-01-hsh-1653","Maze Hand Shower ø95mm Round Shape Single Flow (Face Plate Stainless Steel & ABS Body in Chrome finish) with Rubit Cleaning System Registered design no.283936 SQ.95 ½”BSP 091 65 °01 ½""BSP 59 091 °01","Active product with no variants — cannot be priced or bought",""
"review","no-variant","HSH-1655","jaquar-maze-hand-shower-95x95mm-square-shape-single-flow-face-plate-stainless-steel-abs-body-in-chrome-finish-with-rubit-cleaning-system-registered-design-no-283939-280-hsh-1655","Maze Hand Shower 95X95mm Square Shape Single Flow (Face Plate Stainless Steel & ABS Body in Chrome finish) with Rubit Cleaning System Registered design no.283939 280","Active product with no variants — cannot be priced or bought",""
"review","no-variant","HSH-1657","jaquar-maze-hand-shower-65x95mm-rectangular-shape-single-flow-face-plate-stainless-steel-abs-body-in-chrome-finish-with-rubit-cleaning-system-registered-design-no-283937-hsh-1657","Maze Hand Shower 65X95mm Rectangular Shape Single Flow (Face Plate Stainless Steel & ABS Body in Chrome finish) with Rubit Cleaning System Registered design no.283937","Active product with no variants — cannot be priced or bought",""
"review","no-variant","HSH-1715","jaquar-hand-shower-105mm-round-shape-single-flow-with-air-effect-abs-body-face-plate-chrome-plated-with-rubit-cleaning-system-hsh-blm-1715-hand-shower-105mm-round-shape-single-flow-with-air-effect-abs-body-with-face-plate-black-matt-with-rubit-cleaning-system-275-57-57-105-25-25-","Hand Shower ø105mm Round Shape Single Flow with Air Effect (ABS Body & Face Plate Chrome Plated) with Rubit Cleaning System HSH-BLM-1715 Hand Shower ø105mm Round Shape Single Flow with Air Effect (ABS Body with Face Plate Black Matt) with Rubit Cleaning System 275 57 57 Ø105 25 25 248 248 ½""BSP ½""BSP","Active product with no variants — cannot be priced or bought",""
"review","no-variant","HSH-1717","jaquar-flow-hand-shower-105mm-round-shape-single-flow-plated-with-air-effect-abs-body-face-plate-chrome-plated-with-rubit-cleaning-system-hsh-1717","Flow Hand Shower ø105mm Round Shape Single Flow Plated with Air Effect (ABS Body & Face Plate Chrome Plated) with Rubit Cleaning System","Active product with no variants — cannot be priced or bought",""
"review","no-variant","HSH-1721","jaquar-hand-shower-105mm-round-shape-multi-flow-with-air-effect-abs-body-face-plate-chrome-plated-with-rubit-cleaning-system-hsh-1729-hand-shower-140mm-round-shape-multi-flow-with-air-effect-abs-body-face-plate-chrome-plated-with-rubit-cleaning-system-hsh-whm-1715-hand-shower-105","Hand Shower ø105mm Round Shape Multi Flow with Air Effect (ABS Body & Face Plate Chrome Plated) with Rubit Cleaning System HSH -1729 Hand Shower ø140mm Round Shape Multi Flow with Air Effect (ABS Body & Face Plate Chrome Plated) with Rubit Cleaning System HSH-WHM-1715 Hand Shower ø105mm Round Shape Single Flow with Air Effect (ABS Body with Face Plate White Matt) with Rubit Cleaning System Ø105 382 24","Active product with no variants — cannot be priced or bought",""
"review","no-variant","HSH-1727","jaquar-hand-shower-140mm-round-shape-single-flow-with-air-effect-abs-body-face-plate-chrome-plated-with-rubit-cleaning-system-57-105-25-248-1-2-bsp-140-1-2-bsp-26-mm-hsh-1727","Hand Shower ø140mm Round Shape Single Flow with Air Effect (ABS Body & Face Plate Chrome Plated) with Rubit Cleaning System 57 Ø105 25 248 ½""BSP Ø140 1/2""BSP 26 mm","Active product with no variants — cannot be priced or bought",""
"review","no-variant","HSH-1731","jaquar-hand-shower-120mm-round-shape-multi-flow-with-cascade-effect-abs-body-chrome-plated-with-gray-face-plate-with-rubit-cleaning-system-hsh-1731","Hand Shower ø120mm Round Shape Multi Flow with Cascade Effect (ABS Body Chrome Plated with Gray Face Plate) with Rubit Cleaning System","Active product with no variants — cannot be priced or bought",""
"review","no-variant","HSH-1737","jaquar-hand-shower-95mm-round-shape-single-flow-abs-body-chrome-plated-with-gray-face-plate-with-rubit-cleaning-system-hsh-1737","Hand Shower ø95mm Round Shape Single Flow (ABS Body Chrome Plated with Gray Face Plate) with Rubit Cleaning System","Active product with no variants — cannot be priced or bought",""
"review","no-variant","HSH-1739","jaquar-hand-shower-95mm-round-shape-multi-flow-abs-body-chrome-plated-with-gray-face-plate-with-rubit-cleaning-system-052-120-1-2-bsp-51-12-bsp-022-01-hsh-1739","Hand Shower ø95mm Round Shape Multi Flow (ABS Body Chrome Plated with Gray Face Plate) with Rubit Cleaning System 052 Ø120 ½ ""BSP 51 12""BSP 022 01","Active product with no variants — cannot be priced or bought",""
"review","no-variant","HSH-1781","jaquar-hand-shower-180mm-round-shape-single-flow-abs-body-chrome-plated-with-gray-face-plate-with-rubit-cleaning-system-flow-rate-24-52-l-min-1-2-bsp-522-212-51-multi-function-showers-1-2-bsp-hsh-1781","Hand Shower ø180mm Round Shape Single Flow (ABS Body Chrome Plated with Gray Face Plate) with Rubit Cleaning System Flow rate: 24.52 ℓ/min* ½""BSP 522 212 51 Multi-Function Showers ½""BSP","Active product with no variants — cannot be priced or bought",""
"review","no-variant","HSH-1797","jaquar-hand-shower-75mm-cylindrical-shape-multi-flow-rain-massage-mist-chrome-plated-abs-body-with-gray-face-plate-rubit-cleaning-system-100-hsh-1797","Hand Shower ø75mm Cylindrical Shape Multi Flow (Rain, Massage & Mist), Chrome Plated ABS Body with Gray Face Plate & Rubit Cleaning System Ø100","Active product with no variants — cannot be priced or bought",""
"review","no-variant","HSH-1937","jaquar-hand-shower-100mm-round-shape-single-flow-abs-body-chrome-plated-with-gray-face-plate-with-rubit-cleaning-system-95-hsh-1937","Hand Shower ø100mm Round Shape Single Flow (ABS Body Chrome Plated with Gray Face Plate) with Rubit Cleaning System Ø95","Active product with no variants — cannot be priced or bought",""
"review","no-variant","HSH-1939","jaquar-hand-shower-100mm-round-shape-multi-flow-abs-body-chrome-plated-with-gray-face-plate-with-rubit-cleaning-system-284-hsh-1939","Hand Shower ø100mm Round Shape Multi Flow (ABS Body Chrome Plated with Gray Face Plate) with Rubit Cleaning System 284","Active product with no variants — cannot be priced or bought",""
"review","no-variant","HSH-35537","jaquar-hand-shower-27x27mm-square-shape-single-flow-abs-body-face-plate-chrome-plated-with-rubit-cleaning-system-hsh-35537","Hand Shower 27x27mm Square Shape Single Flow (ABS Body & Face Plate Chrome Plated) with Rubit Cleaning System","Active product with no variants — cannot be priced or bought",""
"review","no-variant","HSH-49537","jaquar-hand-shower-25x38mm-oval-shape-single-flow-abs-body-face-plate-chrome-plated-with-cleaning-system-022-01-hsh-49537","Hand Shower 25x38mm Oval Shape Single Flow (ABS Body & Face Plate Chrome Plated) with Cleaning System 022 01","Active product with no variants — cannot be priced or bought",""
"review","no-variant","HSH-5537N","jaquar-282-hand-shower-24mm-round-shape-single-flow-abs-body-face-plate-chrome-plated-with-rubit-cleaning-system-hsh-5537n","282 Hand Shower ø24mm Round Shape Single Flow (ABS Body & Face Plate Chrome Plated) with Rubit Cleaning System","Active product with no variants — cannot be priced or bought",""
"review","no-variant","HSH-5541","jaquar-283-hand-shower-32mm-round-shape-straight-de-sign-dual-flow-abs-body-face-plate-chrome-plated-with-rubit-cleaning-system-hsh-5541","283 Hand Shower 32mm Round Shape Straight De- sign Dual Flow (ABS Body & Face Plate Chrome Plated) with Rubit Cleaning System","Active product with no variants — cannot be priced or bought",""
"review","no-variant","HSH-85537","jaquar-alive-maze-hand-shower-68x100mm-round-edge-rectangular-head-single-flow-face-plate-stainless-steel-abs-body-in-chrome-finish-with-rubit-cleaning-system-registered-design-no-283938-hsh-85537","Alive Maze Hand Shower 68X100mm Round Edge & Rectangular Head Single Flow (Face Plate Stainless Steel & ABS Body in Chrome finish) with Rubit Cleaning System Registered design no.283938","Active product with no variants — cannot be priced or bought",""
"review","no-variant","HSH-9537N","jaquar-victorian-hand-shower-head-round-bell-type-rubit-single-flow-brass-chrome-plated-with-rubit-cleaning-system-100-1-2-bsp-180-1-2-bsp-hsh-9537n","Victorian Hand Shower Head Round (Bell Type) Rubit Single Flow (Brass Chrome Plated ) with Rubit Cleaning System Ø100 ½""BSP Ø180 ½""BSP","Active product with no variants — cannot be priced or bought",""
"review","no-variant","INP-BLM-12KW","jaquar-rs-inp-blm-12kw","Rs","Active product with no variants — cannot be priced or bought",""
"review","no-variant","INP-BLM-18KW","jaquar-rs-inp-blm-18kw","Rs","Active product with no variants — cannot be priced or bought",""
"review","no-variant","INP-BLM-24KW","jaquar-insta-product-specifications-details-insta-volume-l-1-3-rated-wattage-3-4-5-kw-required-power-supply-v-hz-230-50-temperature-range-25oc-to-75oc-working-pressure-mpa-0-65-inlet-outlet-connection-inch-1-2-inner-container-material-stainless-steel-warranty-5-years-on-tank-2-ye","INSTA Product Specifications Details Insta Volume (L) 1/3 Rated Wattage 3/4.5 kW Required Power Supply (V/Hz) 230/50 Temperature Range 25ºC to 75ºC Working Pressure (Mpa) 0.65 Inlet/Outlet Connection (Inch) 1/2 Inner Container Material Stainless Steel Warranty 5 Years on Tank 2 Years on Heating Element 2 Years on Other Parts Product Dimensions (in mm) W H D 1 Litre 200 330 150 3 Litres 230 370 200 Rs","Active product with no variants — cannot be priced or bought",""
"review","no-variant","INP-WHT-07KW","jaquar-rs-inp-wht-07kw","Rs","Active product with no variants — cannot be priced or bought",""
"review","no-variant","INP-WHT-09KW","jaquar-jaquar-com-113-inp-wht-09kw","jaquar.com 113","Active product with no variants — cannot be priced or bought",""
"review","no-variant","INS-WHT-3KW01","jaquar-rs-ins-wht-3kw01","Rs","Active product with no variants — cannot be priced or bought",""
"review","missing-image","INSPOLWPCJAITS","polyfix-wpc-pvc-instant-glue-hv-inspolwpcjaits","WPC/PVC Instant Glue HV","No Quoin image; a source URL exists but is gated behind SHOW_SOURCE_IMAGES",""
"review","no-variant","ITS-BEM-89107","jaquar-15753np180ppz-its-bem-89107","15753NP180PPZ","Active product with no variants — cannot be priced or bought",""
"review","no-variant","ITS-WHT-89107","jaquar-15753np180ppz-its-wht-89107","15753NP180PPZ","Active product with no variants — cannot be priced or bought",""
"review","price-in-name","ITS-WHT-89851S300PPPM","jaquar-pp-seat-cover-for-its-wht-6955p180pp-6953nbipp-15753ns250ppz-23-500-15955p180pp-15853s300pp-its-wht-89851s300pppm","PP SEAT COVER FOR ITS-WHT-6955P180PP, 6953NBIPP, 15753NS250PPZ, 23,500 15955P180PP & 15853S300PP","Looks like a price or a model number in the title: 23,500",""
"review","no-variant","ITS-WHT-89851S300PPPM","jaquar-pp-seat-cover-for-its-wht-6955p180pp-6953nbipp-15753ns250ppz-23-500-15955p180pp-15853s300pp-its-wht-89851s300pppm","PP SEAT COVER FOR ITS-WHT-6955P180PP, 6953NBIPP, 15753NS250PPZ, 23,500 15955P180PP & 15853S300PP","Active product with no variants — cannot be priced or bought",""
"review","price-in-name","IWA-CHR-ACC00510X","jaquar-10-000-base-europa-kit-6-800-1900-x-900-x-470-mm-built-in-bathtub-36-000-4-150-iwa-chr-acc00510x","10,000 Base Europa Kit 6,800 1900 x 900 x 470 mm Built-in Bathtub 36,000 4,150","Looks like a price or a model number in the title: 10,000, 6,800, 36,000, 4,150",""
"review","no-variant","JBT-WHT-ALIVE180FX","jaquar-built-in-bathtub-with-powder-ms-frame-jbt-wht-alive180fx","Built-in Bathtub with Powder MS Frame","Active product with no variants — cannot be priced or bought",""
"review","price-in-name","JBT-WHT-ALIVE180X","jaquar-12-000-jbt-wht-alive180x","12,000","Looks like a price or a model number in the title: 12,000",""
"review","no-variant","JBT-WHT-ALIVE180X","jaquar-12-000-jbt-wht-alive180x","12,000","Active product with no variants — cannot be priced or bought",""
"review","no-variant","JBT-WHT-ARC190FX","jaquar-built-in-bathtub-with-powder-ms-frame-4-150-jbt-wht-arc190fx","Built-in Bathtub with Powder MS Frame","Active product with no variants — cannot be priced or bought",""
"review","price-in-name","JBT-WHT-ARC190X","jaquar-12-000-jbt-wht-arc190x","12,000","Looks like a price or a model number in the title: 12,000",""
"review","no-variant","JBT-WHT-ARC190X","jaquar-12-000-jbt-wht-arc190x","12,000","Active product with no variants — cannot be priced or bought",""
"review","no-variant","JBT-WHT-DARC180FX","jaquar-built-in-bathtub-with-powder-ms-frame-jbt-wht-darc180fx","Built-in Bathtub with Powder MS Frame","Active product with no variants — cannot be priced or bought",""
"review","no-variant","JBT-WHT-DARC180X","jaquar-built-in-bathtub-jbt-wht-darc180x","Built-in Bathtub","Active product with no variants — cannot be priced or bought",""
"review","price-in-name","JBT-WHT-FONT150FX","jaquar-built-in-bathtub-with-powder-ms-frame-4-150-jwa-wht-font150fpxrs-front-panels-jbt-wht-font150fx","Built-in Bathtub with Powder MS Frame 4,150 JWA-WHT-FONT150FPXRs. Front Panels","Looks like a price or a model number in the title: 4,150",""
"review","no-variant","JBT-WHT-FONT150FX","jaquar-built-in-bathtub-with-powder-ms-frame-4-150-jwa-wht-font150fpxrs-front-panels-jbt-wht-font150fx","Built-in Bathtub with Powder MS Frame 4,150 JWA-WHT-FONT150FPXRs. Front Panels","Active product with no variants — cannot be priced or bought",""
"review","price-in-name","JBT-WHT-FONT150X","jaquar-12-000-jbt-wht-font150x","12,000","Looks like a price or a model number in the title: 12,000",""
"review","no-variant","JBT-WHT-FONT150X","jaquar-12-000-jbt-wht-font150x","12,000","Active product with no variants — cannot be priced or bought",""
"review","no-variant","JBT-WHT-FONT160FX","jaquar-built-in-bathtub-with-powder-ms-frame-jwa-wht-font160fpxrs-front-panel-jbt-wht-font160fx","Built In Bathtub with Powder MS Frame JWA-WHT-FONT160FPXRs. Front Panel","Active product with no variants — cannot be priced or bought",""
"review","no-variant","JBT-WHT-FONT160X","jaquar-built-in-bathtub-jbt-wht-font160x","Built In Bathtub","Active product with no variants — cannot be priced or bought",""
"review","price-in-name","JBT-WHT-FONT170FX","jaquar-built-in-bathtub-with-powder-ms-frame-12-000-jwa-wht-font170fpxrs-filler-front-panel-4-150-jbt-wht-font170fx","Built In Bathtub with Powder MS Frame 12,000 JWA-WHT-FONT170FPXRs. Filler Front Panel 4,150","Looks like a price or a model number in the title: 12,000, 4,150",""
"review","no-variant","JBT-WHT-FONT170FX","jaquar-built-in-bathtub-with-powder-ms-frame-12-000-jwa-wht-font170fpxrs-filler-front-panel-4-150-jbt-wht-font170fx","Built In Bathtub with Powder MS Frame 12,000 JWA-WHT-FONT170FPXRs. Filler Front Panel 4,150","Active product with no variants — cannot be priced or bought",""
"review","price-in-name","JBT-WHT-FONT170X","jaquar-5-800-jbt-wht-font170x","5,800","Looks like a price or a model number in the title: 5,800",""
"review","no-variant","JBT-WHT-FONT170X","jaquar-5-800-jbt-wht-font170x","5,800","Active product with no variants — cannot be priced or bought",""
"review","no-variant","JBT-WHT-FONT180FX","jaquar-built-in-bathtub-with-powder-ms-frame-jbt-wht-font180fx","Built In Bathtub with Powder MS Frame","Active product with no variants — cannot be priced or bought",""
"review","no-variant","JBT-WHT-FONT180X","jaquar-built-in-bathtub-jbt-wht-font180x","Built In Bathtub","Active product with no variants — cannot be priced or bought",""
"review","no-variant","JBT-WHT-FONTR150FX","jaquar-built-in-bathtub-with-powder-ms-frame-4-150-jbt-wht-fontr150fx","Built-in Bathtub with Powder MS Frame","Active product with no variants — cannot be priced or bought",""
"review","price-in-name","JBT-WHT-FONTR150X","jaquar-12-000-jbt-wht-fontr150x","12,000","Looks like a price or a model number in the title: 12,000",""
"review","no-variant","JBT-WHT-FONTR150X","jaquar-12-000-jbt-wht-fontr150x","12,000","Active product with no variants — cannot be priced or bought",""
"review","no-variant","JBT-WHT-FSBT167543X","jaquar-free-standing-bathtub-with-built-in-over-flow-pop-up-waste-560-mm-is-the-outer-size-jbt-wht-fsbt167543x","Free Standing Bathtub with built in over flow & pop-up waste *560 mm is the outer size","Active product with no variants — cannot be priced or bought",""
"review","no-variant","JBT-WHT-FSBT177542X","jaquar-legs-free-standing-bathtub-with-over-flow-drain-legs-jaquar-com-187-jbt-wht-fsbt177542x","& Legs Free Standing Bathtub with Over Flow & Drain Legs jaquar.com 187","Active product with no variants — cannot be priced or bought",""
"review","no-variant","JBT-WHT-FSBT177544X","jaquar-free-standing-bathtub-with-over-flow-drain-eggy-1700-x-850-x-450-580-mm-99-000-jbt-wht-fsbt177544x","Free Standing Bathtub with Over Flow & Drain Eggy 1700 x 850 x 450/580 mm","Active product with no variants — cannot be priced or bought",""
"review","no-variant","JBT-WHT-FSBT177840X","jaquar-free-standing-bathtub-with-over-flow-drain-560-mm-is-the-outer-size-oliv-1600-x-750-x-430-570-mm-89-000-jbt-wht-fsbt177840x","Free Standing Bathtub with Over Flow & Drain *560 mm is the outer size Oliv 1600 x 750 x 430/570 mm","Active product with no variants — cannot be priced or bought",""
"review","no-variant","JBT-WHT-FSBTLG6001","jaquar-free-standing-bathtub-with-built-in-overflow-pop-up-queens-1702-x-787-x-434-615-mm-1-13-000-jbt-wht-fsbtlg6001","Free Standing Bathtub with Built-In Overflow, Pop-Up Queens 1702 x 787 x 434/615 mm","Active product with no variants — cannot be priced or bought",""
"review","no-variant","JBT-WHT-FSBTLG6005","jaquar-waste-laguna-free-standing-bathtub-with-holes-for-5-hole-filler-built-in-overflow-pop-up-waste-alaska-1712-x-760-x-440-580-mm-1-02-000-jbt-wht-fsbtlg6005","Waste Laguna Free Standing Bathtub with Holes For 5 Hole Filler, Built-In Overflow, Pop-Up Waste Alaska 1712 x 760 x 440/580 mm","Active product with no variants — cannot be priced or bought",""
"review","no-variant","JBT-WHT-FSBTMAD1778","jaquar-free-standing-bathtub-with-chrome-over-flow-waste-1-18-000-jbt-wht-fsbtmad1778","Free Standing Bathtub with Chrome Over Flow, Waste","Active product with no variants — cannot be priced or bought",""
"review","no-variant","JBT-WHT-FSBTMAD1778G","jaquar-free-standing-bathtub-with-gold-over-flow-waste-jbt-wht-fsbtmad1778g","Free Standing Bathtub with Gold Over Flow, Waste &","Active product with no variants — cannot be priced or bought",""
"review","no-variant","JBT-WHT-FSBTPB278X","jaquar-free-standing-bathtub-with-over-flow-drain-188-jaquar-com-jbt-wht-fsbtpb278x","Free Standing Bathtub with Over Flow & Drain 188 jaquar.com","Active product with no variants — cannot be priced or bought",""
"review","no-variant","JBT-WHT-FUSN140FX","jaquar-built-in-bathtub-with-powder-ms-frame-jbt-wht-fusn140fx","Built-in Bathtub with Powder MS Frame","Active product with no variants — cannot be priced or bought",""
"review","no-variant","JBT-WHT-FUSN140X","jaquar-built-in-bathtub-jbt-wht-fusn140x","Built-in Bathtub","Active product with no variants — cannot be priced or bought",""
"review","no-variant","JBT-WHT-KUBIX180FX","jaquar-built-in-bathtub-with-powder-ms-frame-jbt-wht-kubix180fx","Built-in Bathtub with Powder MS Frame","Active product with no variants — cannot be priced or bought",""
"review","no-variant","JBT-WHT-KUBIX180X","jaquar-built-in-bathtub-jbt-wht-kubix180x","Built-in Bathtub","Active product with no variants — cannot be priced or bought",""
"review","no-variant","JBT-WHT-KUBIXP180FX","jaquar-built-in-bathtub-with-powder-ms-frame-jbt-wht-kubixp180fx","Built-in Bathtub with Powder MS Frame","Active product with no variants — cannot be priced or bought",""
"review","no-variant","JBT-WHT-KUBIXP180X","jaquar-built-in-bathtub-jbt-wht-kubixp180x","Built in Bathtub","Active product with no variants — cannot be priced or bought",""
"review","no-variant","JBT-WHT-LAGUNA170X","jaquar-built-in-bathtub-jbt-wht-laguna170fxrs-built-in-bathtub-with-powder-ms-frame-jbt-wht-laguna170x","Built-in Bathtub JBT-WHT-LAGUNA170FXRs. Built-in Bathtub with Powder MS Frame","Active product with no variants — cannot be priced or bought",""
"review","price-in-name","JBT-WHT-LAGUNA180X","jaquar-12-000-jbt-wht-laguna180x","12,000","Looks like a price or a model number in the title: 12,000",""
"review","no-variant","JBT-WHT-LAGUNA180X","jaquar-12-000-jbt-wht-laguna180x","12,000","Active product with no variants — cannot be priced or bought",""
"review","price-in-name","JBT-WHT-OPALPM180X","jaquar-12-000-jbt-wht-opalpm180x","12,000","Looks like a price or a model number in the title: 12,000",""
"review","no-variant","JBT-WHT-OPALPM180X","jaquar-12-000-jbt-wht-opalpm180x","12,000","Active product with no variants — cannot be priced or bought",""
"review","no-variant","JBT-WHT-VGNTP190FX","jaquar-built-in-bathtub-with-powder-ms-frame-jbt-wht-vgntp190fx","Built-in Bathtub with Powder MS Frame","Active product with no variants — cannot be priced or bought",""
"review","no-variant","JBT-WHT-VGNTP190X","jaquar-built-in-bathtub-jbt-wht-vgntp190x","Built-in Bathtub","Active product with no variants — cannot be priced or bought",""
"review","price-in-name","JCS-WHT-2400","jaquar-single-piece-slim-concealed-5-200-body-with-installation-kit-without-flush-control-plate-jcs-wht-2400","Single Piece Slim Concealed 5,200 Body With Installation Kit (without Flush Control Plate)","Looks like a price or a model number in the title: 5,200",""
"review","no-variant","JCS-WHT-2400","jaquar-single-piece-slim-concealed-5-200-body-with-installation-kit-without-flush-control-plate-jcs-wht-2400","Single Piece Slim Concealed 5,200 Body With Installation Kit (without Flush Control Plate)","Active product with no variants — cannot be priced or bought",""
"review","price-in-name","JCS-WHT-2400FP","jaquar-frame-single-piece-slim-concealed-drain-cistern-with-floor-mounting-frame-hung-installation-kit-and-p-type-drain-plate-pipe-connection-set-for-wall-wc-without-flush-control-plate-with-front-or-top-actuation-4-700-with-control-5-350-with-pipe-wc-jcs-wht-2400fp","Frame, Single Piece Slim Concealed Drain Cistern With Floor Mounting Frame, Hung Installation Kit And “P-Type” Drain Plate Pipe Connection Set For Wall WC (without Flush Control Plate) with Front or Top Actuation 4,700 with control 5,350 with pipe WC","Looks like a price or a model number in the title: 4,700, 5,350",""
"review","no-variant","JCS-WHT-2400FP","jaquar-frame-single-piece-slim-concealed-drain-cistern-with-floor-mounting-frame-hung-installation-kit-and-p-type-drain-plate-pipe-connection-set-for-wall-wc-without-flush-control-plate-with-front-or-top-actuation-4-700-with-control-5-350-with-pipe-wc-jcs-wht-2400fp","Frame, Single Piece Slim Concealed Drain Cistern With Floor Mounting Frame, Hung Installation Kit And “P-Type” Drain Plate Pipe Connection Set For Wall WC (without Flush Control Plate) with Front or Top Actuation 4,700 with control 5,350 with pipe WC","Active product with no variants — cannot be priced or bought",""
"review","no-variant","JCS-WHT-2400FS","jaquar-single-piece-slim-concealed-cistern-with-floor-mounting-installation-kit-and-s-type-pipe-connection-set-for-wall-wc-without-flush-control-concealed-cistern-body-jcs-wht-2400fs","Single Piece Slim Concealed Cistern with Floor Mounting Installation Kit and “S-Type” Pipe Connection Set for Wall WC (without Flush Control Concealed Cistern Body","Active product with no variants — cannot be priced or bought",""
"review","no-variant","JCS-WHT-2400P","jaquar-214-jaquar-com-jcs-wht-2400p","214 jaquar.com","Active product with no variants — cannot be priced or bought",""
"review","no-variant","JCS-WHT-2400S","jaquar-single-piece-slim-concealed-cistern-body-with-installation-s-type-drain-pipe-connection-for-wall-hung-wc-without-control-plate-also-available-jcs-wht-2400s","Single Piece Slim Concealed Cistern Body with Installation “S-Type” drain pipe connection for Wall Hung WC (without Control Plate) Also Available","Active product with no variants — cannot be priced or bought",""
"review","no-variant","JCS-WHT-2400WP","jaquar-frame-single-piece-slim-concealed-drain-cistern-with-wall-mounting-frame-hung-installation-kit-and-p-type-drain-pipe-connection-set-for-wall-hung-wc-without-flush-control-plate-jcs-wht-2400wp","Frame, Single Piece Slim Concealed Drain Cistern With Wall Mounting Frame, Hung Installation Kit And “P-Type” Drain Pipe Connection Set For Wall Hung WC (without Flush Control Plate)","Active product with no variants — cannot be priced or bought",""
"review","no-variant","JCS-WHT-2400WS","jaquar-p-type-single-piece-slim-concealed-wall-cistern-with-wall-mounting-installation-kit-and-s-type-pipe-connection-set-for-wall-wc-without-flush-control-plate-cistern-jcs-wht-2400ws","“P-Type” Single Piece Slim Concealed Wall Cistern With Wall Mounting Installation Kit And “S-Type” Pipe Connection Set For Wall WC (without Flush Control Plate) Cistern","Active product with no variants — cannot be priced or bought",""
"review","no-variant","JCS-WHT-2431","jaquar-single-piece-concealed-cistern-body-front-or-top-actuation-installation-kit-without-flush-plate-jcs-wht-2431","Single Piece Concealed Cistern Body (Front or Top Actuation) Installation Kit (without flush plate)","Active product with no variants — cannot be priced or bought",""
"review","no-variant","JCS-WHT-2431FP","jaquar-single-piece-concealed-cistern-body-front-or-top-actuation-with-floor-mounting-frame-installation-kit-and-p-type-drain-pipe-connection-set-for-wall-hung-wc-without-flush-control-plate-10-600-jcs-wht-2431fp","Single Piece Concealed Cistern Body (Front or Top Actuation) with Floor Mounting Frame, Installation Kit and “P-Type” Drain Pipe Connection Set for Wall Hung WC (without Flush Control Plate)","Active product with no variants — cannot be priced or bought",""
"review","no-variant","JCS-WHT-2431FS","jaquar-single-piece-concealed-cistern-body-front-or-top-actuation-with-floor-mounting-frame-installation-kit-and-s-type-drain-pipe-connection-set-for-wall-hung-wc-without-flush-control-plate-jaquar-com-215-jcs-wht-2431fs","Single Piece Concealed Cistern Body (Front or Top Actuation) with Floor Mounting Frame, Installation Kit and “S-Type” Drain Pipe Connection Set for Wall Hung WC (without Flush Control Plate) jaquar.com 215","Active product with no variants — cannot be priced or bought",""
"review","no-variant","JCS-WHT-2431P","jaquar-single-piece-concealed-cistern-body-front-or-top-actuation-installation-kit-p-type-drain-connection-set-for-wall-hung-without-flush-control-plate-jcs-wht-2431p","Single Piece Concealed Cistern Body (Front or Top Actuation) Installation Kit & “P-Type” drain connection set for Wall Hung (without Flush Control Plate)","Active product with no variants — cannot be priced or bought",""
"review","no-variant","JCS-WHT-2431S","jaquar-single-piece-concealed-cistern-body-front-or-top-actuation-with-installation-kit-s-type-drain-pipe-connection-set-for-wall-hung-wc-hung-without-flush-control-plate-concealed-cistern-body-with-front-or-top-actuation-with-floor-mounted-frame-10-050-jcs-wht-2431s","Single Piece Concealed Cistern Body (Front or Top Actuation) with Installation Kit & “S-Type” drain pipe connection set for Wall Hung WC Hung (without Flush Control Plate) Concealed Cistern Body with Front or Top Actuation with Floor Mounted Frame","Active product with no variants — cannot be priced or bought",""
"review","no-variant","JSC-WHT-OASIS1010","jaquar-size-1000-x-1000-x-2160-mm-material-acp-glass-acrylic-steam-generator-4-kw-3-23-000-jsc-wht-oasis1010","Size: 1000 x 1000 x 2160 mm Material: ACP + Glass + Acrylic Steam Generator: 4 kW","Active product with no variants — cannot be priced or bought",""
"review","no-variant","JSC-WHT-OASIS1210","jaquar-size-1200-x-1000-x-2160-mm-material-acp-glass-acrylic-steam-generator-4-kw-jaquar-com-185-jsc-wht-oasis1210","Size: 1200 x 1000 x 2160 mm Material: ACP + Glass + Acrylic Steam Generator: 4 kW jaquar.com 185","Active product with no variants — cannot be priced or bought",""
"review","no-variant","JSC-WHT-OASIS9090","jaquar-size-900-x-900-x-2160-mm-material-acp-glass-acrylic-steam-generator-4-kw-3-16-000-jsc-wht-oasis9090","Size: 900 x 900 x 2160 mm Material: ACP + Glass + Acrylic Steam Generator: 4 kW","Active product with no variants — cannot be priced or bought",""
"review","no-variant","JSE-ABR-ENNA1010X","jaquar-h-1950-w-1000-x-1000-rs-jse-abr-enna1010x","H: 1950 W: 1000 x 1000 Rs","Active product with no variants — cannot be priced or bought",""
"review","no-variant","JSE-ABR-ENNA9090X","jaquar-45-700-h-1950-w-900-x-900-rs-jse-abr-enna9090x","H: 1950 W: 900 x 900 Rs","Active product with no variants — cannot be priced or bought",""
"review","no-variant","JSE-ACR-ALP110F1000H20X","jaquar-h-2000-w-1000-rs-jse-acr-alp110f1000h20x","H: 2000 W: 1000 Rs","Active product with no variants — cannot be priced or bought",""
"review","no-variant","JSE-ACR-ALP110F700H20X","jaquar-h-2000-w-700-rs-jse-acr-alp110f700h20x","H: 2000 W: 700 Rs","Active product with no variants — cannot be priced or bought",""
"review","no-variant","JSE-ACR-ALP110F800H20X","jaquar-h-2000-w-800-rs-jse-acr-alp110f800h20x","H: 2000 W: 800 Rs","Active product with no variants — cannot be priced or bought",""
"review","no-variant","JSE-ACR-ENNA1010X","jaquar-h-1950-w-1000-x-1000-rs-enna-black-matt-new-description-corner-entry-shower-enclosure-with-door-sliding-to-sides-4-parts-glass-6mm-finish-black-matt-size-jse-acr-enna1010x","H: 1950 W: 1000 x 1000 Rs. ENNA Black Matt New Description: Corner entry shower enclosure with door sliding to sides - 4 parts Glass: 6mm Finish: Black Matt Size","Active product with no variants — cannot be priced or bought",""
"review","no-variant","JSE-ACR-ENNA1012X","jaquar-both-h-1950-w-1000-x-1200-rs-jse-acr-enna1012x","both H: 1950 W: 1000 x 1200 Rs","Active product with no variants — cannot be priced or bought",""
"review","no-variant","JSE-ACR-ENNA1212X","jaquar-h-1950-w-1200-x-1200-rs-jse-acr-enna1212x","H: 1950 W: 1200 x 1200 Rs","Active product with no variants — cannot be priced or bought",""
"review","no-variant","JSE-ACR-ENNA1512X","jaquar-h-1950-w-1500-x-1200-rs-jse-acr-enna1512x","H: 1950 W: 1500 x 1200 Rs","Active product with no variants — cannot be priced or bought",""
"review","no-variant","JSE-ACR-ENNA9090X","jaquar-h-1950-w-900-x-900-rs-jse-acr-enna9090x","H: 1950 W: 900 x 900 Rs","Active product with no variants — cannot be priced or bought",""
"review","no-variant","JSE-BLM-DEL9090X","jaquar-h-1950-w-900-x-900-rs-jse-blm-del9090x","H: 1950 W: 900 x 900 Rs","Active product with no variants — cannot be priced or bought",""
"review","no-variant","JSE-BLM-ENNA1010X","jaquar-h-1950-w-1000-x-1000-rs-fusion-plus-new-description-l-shaped-shower-enclosure-with-sliding-door-and-from-the-front-glass-8mm-finish-chrome-size-196-jaquar-com-jse-blm-enna1010x","H: 1950 W: 1000 x 1000 Rs. FUSION PLUS New Description: “L” shaped shower enclosure with sliding door and from the front Glass: 8mm Finish: Chrome Size: 196 jaquar.com","Active product with no variants — cannot be priced or bought",""
"review","no-variant","JSE-BLM-ENNA1012X","jaquar-both-h-1950-w-1000-x-1200-rs-jse-blm-enna1012x","both H: 1950 W: 1000 x 1200 Rs","Active product with no variants — cannot be priced or bought",""
"review","no-variant","JSE-BLM-ENNA1212X","jaquar-h-1950-w-1200-x-1200-rs-jse-blm-enna1212x","H: 1950 W: 1200 x 1200 Rs","Active product with no variants — cannot be priced or bought",""
"review","no-variant","JSE-BLM-ENNA1512X","jaquar-h-1950-w-1500-x-1200-rs-jse-blm-enna1512x","H: 1950 W: 1500 x 1200 Rs","Active product with no variants — cannot be priced or bought",""
"review","no-variant","JSE-BLM-ENNA9090X","jaquar-h-1950-w-900-x-900-rs-jse-blm-enna9090x","H: 1950 W: 900 x 900 Rs","Active product with no variants — cannot be priced or bought",""
"review","no-variant","JSE-CHR-185C2832H19X","jaquar-h-1950-w-2800-3200-rs-jse-chr-185c2832h19x","H: 1950 W: 2800 - 3200 Rs","Active product with no variants — cannot be priced or bought",""
"review","no-variant","JSE-CHR-185C3236H19X","jaquar-h-1950-w-3201-3600-rs-jse-chr-185c3236h19x","H: 1950 W: 3201 - 3600 Rs","Active product with no variants — cannot be priced or bought",""
"review","no-variant","JSE-CHR-185C3640H19X","jaquar-h-1950-w-3600-4000-rs-metal-finishes-chr-abr-acr-blm-gbp-gmp-the-finishes-depicted-here-are-only-indicative-that-of-actual-product-model-1860-t-1160-t-description-t-shaped-shower-enclosure-seperating-two-shower-wc-areas-with-a-common-glass-two-doors-in-the-front-fixed-on-t","H: 1950 W: 3600 - 4000 Rs. Metal finishes CHR ABR ACR BLM GBP GMP The finishes depicted here are only indicative that of actual product. MODEL: 1860-T / 1160-T Description: T- shaped shower enclosure seperating two shower/ wc areas with a common glass. Two doors in the front, fixed on the common glass. Finish: Chrome Glass: 8mm / 10mm 8mm Sizes: (in mm)","Active product with no variants — cannot be priced or bought",""
"review","no-variant","JSE-CHR-186T303419X","jaquar-h-1950-w-3000-3400-rs-metal-finishes-chr-abr-acr-blm-gbp-gmp-the-finishes-depicted-here-are-only-indicative-that-of-actual-product-jse-chr-186t303419x","H: 1950 W: 3000 - 3400 Rs. Metal finishes CHR ABR ACR BLM GBP GMP The finishes depicted here are only indicative that of actual product","Active product with no variants — cannot be priced or bought",""
"review","no-variant","JSE-CHR-810D0680H19X","jaquar-h-1950-w-600-800-rs-jse-chr-810d0680h19x","H: 1950 W: 600 - 800 Rs","Active product with no variants — cannot be priced or bought",""
"review","no-variant","JSE-CHR-810D0810H19X","jaquar-h-1950-w-801-1000-rs-metal-finishes-chr-abr-acr-blm-gbp-gmp-the-finishes-depicted-here-are-only-that-of-actual-product-model-no-1810-t-1110-t-description-free-walk-in-shower-enclosure-tub-mounted-finish-chrome-glass-8mm-10mm-8mm-sizes-jse-chr-810d0810h19x","H: 1950 W: 801 - 1000 Rs. Metal finishes CHR ABR ACR BLM GBP GMP The finishes depicted here are only that of actual product. MODEL NO. 1810-T / 1110-T Description: Free walk-in shower enclosure - Tub mounted Finish: Chrome Glass: 8mm / 10mm 8mm Sizes","Active product with no variants — cannot be priced or bought",""
"review","no-variant","JSE-CHR-810F0680H19X","jaquar-h-1950-w-600-800-rs-jse-chr-810f0680h19x","H: 1950 W: 600 - 800 Rs","Active product with no variants — cannot be priced or bought",""
"review","no-variant","JSE-CHR-810F0812H19X","jaquar-h-1950-w-801-1200-rs-jse-chr-810f0812h19x","H: 1950 W: 801 - 1200 Rs","Active product with no variants — cannot be priced or bought",""
"review","no-variant","JSE-CHR-810F1216H19X","jaquar-h-1950-w-1201-1600-rs-metal-finishes-chr-abr-acr-blm-gbp-gmp-the-finishes-depicted-here-are-only-indicative-that-of-actual-product-1810-s-1110-s-description-free-walk-in-shower-enclosure-with-stabilizer-1-part-finish-chrome-glass-8mm-10mm-8mm-size-metal-finishes-chr-abr-ac","H: 1950 W: 1201 - 1600 Rs. Metal finishes CHR ABR ACR BLM GBP GMP The finishes depicted here are only indicative that of actual product. 1810 S / 1110 S Description: Free walk-in shower enclosure with stabilizer - 1 part Finish: Chrome Glass: 8mm / 10mm 8mm Size: Metal finishes CHR ABR ACR BLM GBP GMP The finishes depicted here are only indicative that of actual product. All product sizes in mm","Active product with no variants — cannot be priced or bought",""
"review","no-variant","JSE-CHR-810T0680X","jaquar-h-1400-w-600-800-rs-jse-chr-810t0680x","H: 1400 W: 600 - 800 Rs","Active product with no variants — cannot be priced or bought",""
"review","no-variant","JSE-CHR-810T0812X","jaquar-h-1400-w-801-1200-rs-jse-chr-810t0812x","H: 1400 W: 801 - 1200 Rs","Active product with no variants — cannot be priced or bought",""
"review","no-variant","JSE-CHR-810T1216X","jaquar-h-1400-w-1201-1600-rs-metal-finishes-chr-abr-acr-blm-gbp-gmp-the-finishes-depicted-here-are-only-that-of-actual-product-all-product-sizes-in-mm-jse-chr-810t1216x","H: 1400 W: 1201 - 1600 Rs. Metal finishes CHR ABR ACR BLM GBP GMP The finishes depicted here are only that of actual product. All product sizes in mm","Active product with no variants — cannot be priced or bought",""
"review","no-variant","JSE-CHR-820G1216H19X","jaquar-h-1950-w-1201-1600-rs-metal-finishes-chr-abr-acr-blm-gbp-gmp-the-finishes-depicted-here-are-only-indicative-that-of-actual-product-model-no-1820-w-1120-w-description-wall-to-wall-shower-enclosure-with-one-fixed-glass-and-one-openable-door-fixed-on-wall-parts-enclosure-fini","H: 1950 W: 1201 - 1600 Rs. Metal finishes CHR ABR ACR BLM GBP GMP The finishes depicted here are only indicative that of actual product. MODEL NO. 1820 W / 1120 W Description: Wall to wall shower enclosure with one fixed glass and one openable door fixed on wall - parts Enclosure Finish: Chrome Glass: 8mm / 10mm 8mm Sizes","Active product with no variants — cannot be priced or bought",""
"review","no-variant","JSE-CHR-820G8012H19X","jaquar-h-1950-w-800-1200-rs-jse-chr-820g8012h19x","H: 1950 W: 800 - 1200 Rs","Active product with no variants — cannot be priced or bought",""
"review","no-variant","JSE-CHR-830G1216H19X","jaquar-h-1950-w-1201-1600-rs-jse-chr-830g1216h19x","H: 1950 W: 1201 - 1600 Rs","Active product with no variants — cannot be priced or bought",""
"review","no-variant","JSE-CHR-830G1620H19X","jaquar-h-1950-w-1601-2000-rs-metal-finishes-chr-abr-acr-blm-gbp-gmp-the-finishes-depicted-here-are-only-indicative-that-of-actual-product-model-no-1840-l-1140-l-description-corner-shower-with-two-fixed-glass-and-openable-door-fixed-on-the-side-panel-3-finish-chrome-glass-8mm-10mm","H: 1950 W: 1601 - 2000 Rs. Metal finishes CHR ABR ACR BLM GBP GMP The finishes depicted here are only indicative that of actual product. MODEL NO. 1840-L / 1140-L Description: Corner shower with two fixed glass and openable door fixed on the side panel - 3 Finish: Chrome Glass: 8mm / 10mm 8mm Sizes","Active product with no variants — cannot be priced or bought",""
"review","no-variant","JSE-CHR-830ST1216H23","jaquar-h-2300-w-1200-1600-rs-jse-chr-830st1216h23","H: 2300 W: 1200 - 1600 Rs","Active product with no variants — cannot be priced or bought",""
"review","no-variant","JSE-CHR-830ST1620H23","jaquar-h-2300-w-1601-2000-rs-jse-chr-830st1620h23","H: 2300 W: 1601 - 2000 Rs","Active product with no variants — cannot be priced or bought",""
"review","no-variant","JSE-CHR-830ST2024H23","jaquar-h-2300-w-2001-2400-rs-jse-chr-830st2024h23","H: 2300 W: 2001 - 2400 Rs","Active product with no variants — cannot be priced or bought",""
"review","no-variant","JSE-CHR-830ST2428H23","jaquar-h-2300-w-2401-2800-rs-model-no-1840-st-1140-st-description-corner-enclosure-with-one-fixed-glass-and-openable-door-the-front-and-one-fixed-glass-on-the-side-covered-with-a-roof-on-the-top-glass-8mm-10mm-finish-chrome-8mm-size-in-mm-jse-chr-830st2428h23","H: 2300 W: 2401 - 2800 Rs. MODEL NO. 1840-ST / 1140-ST Description: Corner enclosure with one fixed glass and openable door the front and one fixed glass on the side covered with a roof on the top. Glass: 8mm / 10mm Finish: Chrome 8mm Size: (in mm)","Active product with no variants — cannot be priced or bought",""
"review","no-variant","JSE-CHR-840F0812H19X","jaquar-h-1950-w-800-1200-rs-jse-chr-840f0812h19x","H: 1950 W: 800 - 1200 Rs","Active product with no variants — cannot be priced or bought",""
"review","no-variant","JSE-CHR-840F1216H19X","jaquar-h-1950-w-1201-1600-rs-metal-finishes-chr-abr-acr-blm-gbp-gmp-the-finishes-depicted-here-are-only-indicative-that-of-actual-product-model-1840-p-1140-p-description-pentagonal-shaped-entry-shower-enclosure-with-two-glass-and-door-in-between-3-finish-chrome-glass-8mm-10mm-8mm","H: 1950 W: 1201 - 1600 Rs. Metal finishes CHR ABR ACR BLM GBP GMP The finishes depicted here are only indicative that of actual product. MODEL: 1840-P / 1140-P Description: Pentagonal shaped entry shower enclosure with two glass and door in between - 3 Finish: Chrome Glass: 8mm / 10mm 8mm Sizes: (in mm)","Active product with no variants — cannot be priced or bought",""
"review","no-variant","JSE-CHR-840G1620H19X","jaquar-h-1950-w-1600-2000-rs-jse-chr-840g1620h19x","H: 1950 W: 1600-2000 Rs","Active product with no variants — cannot be priced or bought",""
"review","no-variant","JSE-CHR-840G2224H19X","jaquar-h-1950-w-2001-2400-rs-jse-chr-840g2224h19x","H: 1950 W: 2001 - 2400 Rs","Active product with no variants — cannot be priced or bought",""
"review","no-variant","JSE-CHR-840G2428H19X","jaquar-h-1950-w-2401-2800-rs-metal-finishes-chr-abr-acr-blm-gbp-gmp-the-finishes-depicted-here-are-only-indicative-that-of-actual-product-jse-chr-840g2428h19x","H: 1950 W: 2401 - 2800 Rs. Metal finishes CHR ABR ACR BLM GBP GMP The finishes depicted here are only indicative that of actual product","Active product with no variants — cannot be priced or bought",""
"review","no-variant","JSE-CHR-840L1620H19X","jaquar-h-1950-w-1600-2000-rs-jse-chr-840l1620h19x","H: 1950 W: 1600 - 2000 Rs","Active product with no variants — cannot be priced or bought",""
"review","no-variant","JSE-CHR-840L2024H19X","jaquar-h-1950-w-2001-2400-rs-jse-chr-840l2024h19x","H: 1950 W: 2001 - 2400 Rs","Active product with no variants — cannot be priced or bought",""
"review","no-variant","JSE-CHR-840L2428H19X","jaquar-h-1950-w-2401-2800-rs-metal-finishes-chr-abr-acr-blm-gbp-gmp-the-finishes-depicted-here-are-only-indicative-that-of-actual-product-206-jaquar-com-jse-chr-840l2428h19x","H: 1950 W: 2401 - 2800 Rs. Metal finishes CHR ABR ACR BLM GBP GMP The finishes depicted here are only indicative that of actual product. 206 jaquar.com","Active product with no variants — cannot be priced or bought",""
"review","no-variant","JSE-CHR-840P1620H19X","jaquar-h-1950-w-1600-2000-rs-jse-chr-840p1620h19x","H: 1950 W: 1600 - 2000 Rs","Active product with no variants — cannot be priced or bought",""
"review","no-variant","JSE-CHR-840P2024H19X","jaquar-h-1950-w-2001-2400-rs-metal-finishes-chr-abr-acr-blm-gbp-gmp-the-finishes-depicted-here-are-only-indicative-that-of-actual-product-all-product-sizes-in-mm-jse-chr-840p2024h19x","H: 1950 W: 2001 - 2400 Rs. Metal finishes CHR ABR ACR BLM GBP GMP The finishes depicted here are only indicative that of actual product. All product sizes in mm","Active product with no variants — cannot be priced or bought",""
"review","no-variant","JSE-CHR-840ST2024H21","jaquar-h-2100-w-2000-2400-rs-jse-chr-840st2024h21","H: 2100 W: 2000 - 2400 Rs","Active product with no variants — cannot be priced or bought",""
"review","no-variant","JSE-CHR-840U1620H19X","jaquar-h-1950-w-1600-2000-rs-jse-chr-840u1620h19x","H: 1950 W: 1600 - 2000 Rs","Active product with no variants — cannot be priced or bought",""
"review","no-variant","JSE-CHR-840U2024H19X","jaquar-h-1950-w-2001-2400-rs-metal-finishes-chr-abr-acr-blm-gbp-gmp-the-finishes-depicted-here-are-only-indicative-that-of-actual-product-model-1840-u-4-part-description-u-shaped-shower-enclosure-with-2-fixed-glass-at-and-1-openable-door-1-fixed-glass-in-front-finish-chrome-glass","H: 1950 W: 2001 - 2400 Rs. Metal finishes CHR ABR ACR BLM GBP GMP The finishes depicted here are only indicative that of actual product. MODEL: 1840 U-4 PART Description: U Shaped shower enclosure with 2 fixed glass at and 1 openable door & 1 fixed glass in front Finish: Chrome Glass: 8mm 8mm Sizes: (in mm) Metal finishes CHR ABR ACR BLM GBP GMP The finishes depicted here are only indicative that of actual product","Active product with no variants — cannot be priced or bought",""
"review","no-variant","JSE-CHR-840W1620H19X","jaquar-h-1950-w-1600-2000-rs-jse-chr-840w1620h19x","H: 1950 W: 1600 - 2000 Rs","Active product with no variants — cannot be priced or bought",""
"review","no-variant","JSE-CHR-840W2024H19X","jaquar-h-1950-w-2001-2400-rs-metal-finishes-chr-abr-acr-blm-gbp-gmp-the-finishes-depicted-here-are-only-indicative-that-of-actual-product-model-no-1840-g-1140-g-description-corner-shower-enclosure-with-two-fixed-glass-and-openable-door-fixed-on-the-side-panel-3-finish-chrome-glas","H: 1950 W: 2001 - 2400 Rs. Metal finishes CHR ABR ACR BLM GBP GMP The finishes depicted here are only indicative that of actual product. MODEL NO. 1840-G / 1140-G Description: Corner shower enclosure with two fixed glass and openable door fixed on the side panel - 3 Finish: Chrome Glass: 8mm / 10mm 8mm Sizes: (in mm)","Active product with no variants — cannot be priced or bought",""
"review","price-in-name","JSE-CHR-DEL9090X","jaquar-h-1950-w-900-x-900-rs-delta-black-description-corner-entry-half-29-000-shower-enclosure-with-curved-door-4-parts-29-500-finish-black-matt-glass-6mm-jse-chr-del9090x","H: 1950 W: 900 x 900 Rs. DELTA Black Description: Corner entry half 29,000 shower enclosure with curved door - 4 parts 29,500 Finish: Black Matt Glass: 6mm","Looks like a price or a model number in the title: 29,000, 29,500",""
"review","no-variant","JSE-CHR-DEL9090X","jaquar-h-1950-w-900-x-900-rs-delta-black-description-corner-entry-half-29-000-shower-enclosure-with-curved-door-4-parts-29-500-finish-black-matt-glass-6mm-jse-chr-del9090x","H: 1950 W: 900 x 900 Rs. DELTA Black Description: Corner entry half 29,000 shower enclosure with curved door - 4 parts 29,500 Finish: Black Matt Glass: 6mm","Active product with no variants — cannot be priced or bought",""
"review","no-variant","JSE-CHR-ENNA1010X","jaquar-h-1950-w-1000-x-1000-rs-all-product-sizes-in-mm-jse-chr-enna1010x","H: 1950 W: 1000 x 1000 Rs. All product sizes in mm","Active product with no variants — cannot be priced or bought",""
"review","no-variant","JSE-CHR-ENNA1012X","jaquar-h-1950-w-1000-x-1200-rs-jse-chr-enna1012x","H: 1950 W: 1000 x 1200 Rs","Active product with no variants — cannot be priced or bought",""
"review","no-variant","JSE-CHR-ENNA1212X","jaquar-h-1950-w-1200-x-1200-rs-jse-chr-enna1212x","H: 1950 W: 1200 x 1200 Rs","Active product with no variants — cannot be priced or bought",""
"review","no-variant","JSE-CHR-ENNA1512X","jaquar-h-1950-w-1500-x-1200-rs-jse-chr-enna1512x","H: 1950 W: 1500 x 1200 Rs","Active product with no variants — cannot be priced or bought",""
"review","no-variant","JSE-CHR-ENNA9090X","jaquar-h-1950-w-900-x-900-rs-jse-chr-enna9090x","H: 1950 W: 900 x 900 Rs","Active product with no variants — cannot be priced or bought",""
"review","no-variant","JSE-CHR-FUSP1210X","jaquar-h-2000-w-1200-x-1000-rs-jse-chr-fusp1210x","H: 2000 W: 1200 x 1000 Rs","Active product with no variants — cannot be priced or bought",""
"review","no-variant","JSE-CHR-FUSP1280X","jaquar-entry-h-2000-w-1200-x-800-rs-jse-chr-fusp1280x","entry H: 2000 W: 1200 x 800 Rs","Active product with no variants — cannot be priced or bought",""
"review","no-variant","JSE-CHR-FUSP1290X","jaquar-h-2000-w-1200-x-900-rs-jse-chr-fusp1290x","H: 2000 W: 1200 x 900 Rs","Active product with no variants — cannot be priced or bought",""
"review","no-variant","JSE-CHR-S810S0680H20X","jaquar-h-2000-w-600-800-rs-stark-series-s820-w-description-wall-to-wall-enclosure-with-one-fixed-glass-and-openable-door-fixed-with-wall-finish-chrome-glass-8mm-size-jse-chr-s810s0680h20x","H: 2000 W: 600 - 800 Rs. Stark Series S820 W Description: Wall to wall enclosure with one fixed glass and openable door fixed with wall Finish: Chrome Glass: 8mm Size","Active product with no variants — cannot be priced or bought",""
"review","no-variant","JSE-CHR-S820W0812H20X","jaquar-h-2000-w-800-1200-rs-jse-chr-s820w0812h20x","H: 2000 W: 800-1200 Rs","Active product with no variants — cannot be priced or bought",""
"review","no-variant","JSE-CHR-S830G1216H20X","jaquar-h-2000-w-1200-1600-rs-s840-l-description-corner-enclosure-with-fixed-glass-and-1-openable-door-fixed-with-side-panel-with-square-hardware-profile-finish-chrome-glass-8mm-size-jse-chr-s830g1216h20x","H: 2000 W: 1200 - 1600 Rs. S840 L Description: Corner enclosure with fixed glass and 1 openable door fixed with side panel with square hardware & profile Finish: Chrome Glass: 8mm Size","Active product with no variants — cannot be priced or bought",""
"review","no-variant","JSE-CHR-S840L1620H20X","jaquar-h-2000-w-1600-2000-rs-aura-semi-framed-aura-chrome-description-wall-to-wall-enclosure-with-2-fixed-glass-and-1-openable-in-between-in-standard-dimension-adjustable-up-to-100mm-glass-8-mm-finish-chrome-sizes-jse-chr-s840l1620h20x","H: 2000 W: 1600 - 2000 Rs. Aura Semi Framed AURA Chrome Description: Wall to wall enclosure with 2 fixed glass and 1 openable in between in standard dimension Adjustable up to 100mm. Glass: 8 mm Finish: Chrome Sizes","Active product with no variants — cannot be priced or bought",""
"review","no-variant","JSE-CHR-STLSDR1015X","jaquar-h-2000-w-1000-1500-rs-optima-2d-double-door-description-wall-to-wall-enclosure-with-2-fixed-glass-and-2-sliding-door-in-between-finish-chrome-glass-8mm-jse-chr-stlsdr1015x","H: 2000 W: 1000 - 1500 Rs. OPTIMA 2D (Double Door) Description: Wall to wall enclosure with 2 fixed glass and 2 sliding door in between Finish: Chrome Glass: 8mm","Active product with no variants — cannot be priced or bought",""
"review","no-variant","JSE-GLD-OPTSDR1015X","jaquar-h-2000-w-1000-1500-rs-jse-gld-optsdr1015x","H: 2000 W: 1000 -1500 Rs","Active product with no variants — cannot be priced or bought",""
"review","no-variant","JSE-GLD-OPTSDR1520X","jaquar-h-2000-w-1500-2000-rs-jse-gld-optsdr1520x","H: 2000 W: 1500 - 2000 Rs","Active product with no variants — cannot be priced or bought",""
"review","no-variant","JSE-WHT-STQD9090X","jaquar-h-40-w-900-x-900-rs-square-models-description-shower-tray-in-square-shape-with-standard-dimensions-jse-wht-stqd9090x","H: 40 W: 900 x 900 Rs. Square Models Description: Shower Tray in square shape with standard dimensions","Active product with no variants — cannot be priced or bought",""
"review","no-variant","JSE-WHT-STSQ9090X","jaquar-h-40-w-900-x-900-rs-all-product-sizes-in-mm-jse-wht-stsq9090x","H: 40 W: 900 x 900 Rs. All product sizes in mm","Active product with no variants — cannot be priced or bought",""
"review","price-in-name","JSG-BLK-CPROUND","jaquar-control-panel-for-jaquar-steam-generator-black-89-mm-dia-3-11-000-oasis-oasis-steam-shower-cabin-jsg-blk-cpround","Control Panel For Jaquar Steam Generator (Black) 89 mm Dia 3,11,000 Oasis Oasis Steam & Shower Cabin","Looks like a price or a model number in the title: 3,11,000",""
"review","no-variant","JSG-BLK-CPROUND","jaquar-control-panel-for-jaquar-steam-generator-black-89-mm-dia-3-11-000-oasis-oasis-steam-shower-cabin-jsg-blk-cpround","Control Panel For Jaquar Steam Generator (Black) 89 mm Dia 3,11,000 Oasis Oasis Steam & Shower Cabin","Active product with no variants — cannot be priced or bought",""
"review","price-in-name","JSG-BLK-CPSQUARE","jaquar-control-panel-for-jaquar-steam-generator-black-103-x-103-mm-22-900-maets-jsg-blk-cpsquare","Control Panel For Jaquar Steam Generator (Black) 103 x 103 mm 22,900 maetS","Looks like a price or a model number in the title: 22,900",""
"review","no-variant","JSG-BLK-CPSQUARE","jaquar-control-panel-for-jaquar-steam-generator-black-103-x-103-mm-22-900-maets-jsg-blk-cpsquare","Control Panel For Jaquar Steam Generator (Black) 103 x 103 mm 22,900 maetS","Active product with no variants — cannot be priced or bought",""
"review","no-variant","JSG-BLK-PIUVAP5000ST","jaquar-jaquar-smart-vapour-steam-generator-mid-series-features-touch-button-ip67-rating-temperature-auto-auto-drain-auto-display-for-display-setting-water-inlet-power-off-stainless-heating-water-newly-over-heat-pressure-steel-body-element-processor-designed-protection-safety-valu","Jaquar Smart Vapour STEAM GENERATOR MID Series Features Touch button IP67 rating Temperature Auto Auto drain Auto display for display setting water inlet power off Stainless Heating Water Newly Over heat Pressure steel body Element processor designed protection safety value steam nozzle","Active product with no variants — cannot be priced or bought",""
"review","price-in-name","JSG-WHT-CPROUND","jaquar-control-panel-for-jaquar-steam-generator-white-89-mm-dia-22-900-dlos-jsg-wht-cpround","Control Panel For Jaquar Steam Generator (White) 89 mm Dia 22,900 dlos","Looks like a price or a model number in the title: 22,900",""
"review","no-variant","JSG-WHT-CPROUND","jaquar-control-panel-for-jaquar-steam-generator-white-89-mm-dia-22-900-dlos-jsg-wht-cpround","Control Panel For Jaquar Steam Generator (White) 89 mm Dia 22,900 dlos","Active product with no variants — cannot be priced or bought",""
"review","price-in-name","JSG-WHT-CPSQUARE","jaquar-control-panel-for-jaquar-steam-generator-white-103-x-103-mm-22-900-rotareneg-yletarapes-jsg-wht-cpsquare","Control Panel For Jaquar Steam Generator (White) 103 x 103 mm 22,900 rotareneg .yletarapes","Looks like a price or a model number in the title: 22,900",""
"review","no-variant","JSG-WHT-CPSQUARE","jaquar-control-panel-for-jaquar-steam-generator-white-103-x-103-mm-22-900-rotareneg-yletarapes-jsg-wht-cpsquare","Control Panel For Jaquar Steam Generator (White) 103 x 103 mm 22,900 rotareneg .yletarapes","Active product with no variants — cannot be priced or bought",""
"review","no-variant","JSG-WHT-NMID120","jaquar-steam-generator-without-digital-control-panel-12-kw-475-x-185-x-450-mm-1-28-000-jsg-wht-nmid120","Steam Generator Without Digital Control Panel- 12 kW 475 x 185 x 450 mm","Active product with no variants — cannot be priced or bought",""
"review","no-variant","JSG-WHT-NMID150","jaquar-steam-generator-without-digital-control-panel-15-kw-510-x-185-x-460-mm-1-60-000-jsg-wht-nmid150","Steam Generator Without Digital Control Panel- 15 kW 510 x 185 x 460 mm","Active product with no variants — cannot be priced or bought",""
"review","no-variant","JSG-WHT-NMID180","jaquar-steam-generator-without-digital-control-panel-18-kw-510-x-185-x-460-mm-1-70-000-jsg-wht-nmid180","Steam Generator Without Digital Control Panel- 18 kW 510 x 185 x 460 mm","Active product with no variants — cannot be priced or bought",""
"review","no-variant","JSG-WHT-NMID225","jaquar-steam-generator-without-digital-control-panel-22-5-kw-510-x-185-x-460-mm-1-95-000-jsg-wht-nmid225","Steam Generator Without Digital Control Panel- 22.5 kW 510 x 185 x 460 mm","Active product with no variants — cannot be priced or bought",""
"review","no-variant","JSG-WHT-NMID240","jaquar-steam-generator-without-digital-control-panel-24-kw-510-x-185-x-460-mm-184-jaquar-com-jsg-wht-nmid240","Steam Generator Without Digital Control Panel- 24 kW 510 x 185 x 460 mm 184 jaquar.com","Active product with no variants — cannot be priced or bought",""
"review","no-variant","JSG-WHT-NMID40","jaquar-steam-generator-without-digital-control-panel-4-kw-425-x-160-x-315-mm-93-000-jsg-wht-nmid40","Steam Generator Without Digital Control Panel- 4 kW 425 x 160 x 315 mm","Active product with no variants — cannot be priced or bought",""
"review","no-variant","JSG-WHT-NMID60","jaquar-steam-generator-without-digital-control-panel-6-kw-425-x-160-x-315-mm-1-06-000-jsg-wht-nmid60","Steam Generator Without Digital Control Panel- 6 kW 425 x 160 x 315 mm","Active product with no variants — cannot be priced or bought",""
"review","no-variant","JSG-WHT-NMID90","jaquar-steam-generator-without-digital-control-panel-9-kw-475-x-185-x-450-mm-1-19-000-jsg-wht-nmid90","Steam Generator Without Digital Control Panel- 9 kW 475 x 185 x 450 mm","Active product with no variants — cannot be priced or bought",""
"review","price-in-name","JWA-CHR-DRNPIPE80","jaquar-23-300-drain-pipe-with-overflow-4-200-in-case-of-one-side-wall-installation-2-side-panels-and-one-front-panel-is-must-for-installation-jaquar-com-189-jwa-chr-drnpipe80","23,300 Drain pipe with overflow 4,200 ** In case of one side wall installation 2 side panels and one front panel is must for installation. jaquar.com 189","Looks like a price or a model number in the title: 23,300, 4,200",""
"review","price-in-name","JWA-WHT-ARCFPX","jaquar-6-800-side-panel-4-200-jwa-wht-arcfpx","6,800 (Side Panel) 4,200","Looks like a price or a model number in the title: 6,800, 4,200",""
"review","no-variant","JWA-WHT-ARCFPX","jaquar-6-800-side-panel-4-200-jwa-wht-arcfpx","6,800 (Side Panel) 4,200","Active product with no variants — cannot be priced or bought",""
"review","no-variant","JWA-WHT-FONT150FPX","jaquar-side-panel-5-100-jwa-wht-font150fpx","Side Panel","Active product with no variants — cannot be priced or bought",""
"review","no-variant","JWA-WHT-FONT160FPX","jaquar-side-panel-jwa-wht-font160fpx","Side Panel","Active product with no variants — cannot be priced or bought",""
"review","no-variant","JWA-WHT-FONT160SPX","jaquar-fonte-r-1500-x-1500-x-470-mm-combi-system-jwa-wht-font160spx","Fonte -R 1500 x 1500 x 470 mm (Combi System)","Active product with no variants — cannot be priced or bought",""
"review","no-variant","JWA-WHT-FONT170FPX","jaquar-front-panel-8-900-jwa-wht-font170fpx","Front Panel","Active product with no variants — cannot be priced or bought",""
"review","no-variant","JWA-WHT-FP180X","jaquar-side-panel-jwa-wht-fp180x","Side Panel","Active product with no variants — cannot be priced or bought",""
"review","no-variant","JWA-WHT-FPLAG170X","jaquar-side-panel-jwa-wht-fplag170x","Side Panel","Active product with no variants — cannot be priced or bought",""
"review","no-variant","JWA-WHT-FPLAG180X","jaquar-side-panel-6-700-jwa-wht-fplag180x","Side Panel","Active product with no variants — cannot be priced or bought",""
"review","no-variant","JWA-WHT-FUSNCPX","jaquar-angular-panel-fitting-laguna-jwa-wht-fusncpx","Angular Panel & Fitting Laguna","Active product with no variants — cannot be priced or bought",""
"review","no-variant","JWA-WHT-OPALPMFPX","jaquar-front-panels-39-000-12-000-jwa-wht-opalpmfpx","Front Panels","Active product with no variants — cannot be priced or bought",""
"review","no-variant","JWA-WHT-SP110X","jaquar-also-available-whirlpool-and-jwa-wht-sp110x","Also available (Whirlpool and","Active product with no variants — cannot be priced or bought",""
"review","no-variant","JWA-WHT-SP55X","jaquar-also-available-laguna-180x70x45-cm-2-90-000-jwa-wht-sp55x","Also available Laguna 180x70x45 cm","Active product with no variants — cannot be priced or bought",""
"review","no-variant","JWA-WHT-SP75X","jaquar-also-available-fonte-170x75x42-cm-2-40-000-jwa-wht-sp75x","Also available Fonte 170x75x42 cm","Active product with no variants — cannot be priced or bought",""
"review","no-variant","JWA-WHT-SP80X","jaquar-also-available-combi-system-jwa-wht-sp80x","Also available (Combi System","Active product with no variants — cannot be priced or bought",""
"review","price-in-name","JWA-WHT-VGNTPFPX","jaquar-6-800-side-panel-6-800-jwa-wht-vgntpfpx","6,800 (Side Panel) 6,800","Looks like a price or a model number in the title: 6,800, 6,800",""
"review","no-variant","JWA-WHT-VGNTPFPX","jaquar-6-800-side-panel-6-800-jwa-wht-vgntpfpx","6,800 (Side Panel) 6,800","Active product with no variants — cannot be priced or bought",""
"review","price-in-name","JWA-WHT-VGNTPSPX","jaquar-also-available-2-97-000-vignette-prime-2-87-000-jwa-wht-vgntpspx","Also available 2,97,000 Vignette Prime 2,87,000","Looks like a price or a model number in the title: 2,97,000, 2,87,000",""
"review","no-variant","JWA-WHT-VGNTPSPX","jaquar-also-available-2-97-000-vignette-prime-2-87-000-jwa-wht-vgntpspx","Also available 2,97,000 Vignette Prime 2,87,000","Active product with no variants — cannot be priced or bought",""
"review","no-variant","JWP-WHT-ALIVE180CX","jaquar-water-system-jwp-wht-alive180cx","Water System","Active product with no variants — cannot be priced or bought",""
"review","no-variant","JWP-WHT-ALIVE180WX","jaquar-front-panel-jwp-wht-alive180wx","Front Panel","Active product with no variants — cannot be priced or bought",""
"review","price-in-name","JWP-WHT-ARC190CX","jaquar-1-66-000-water-system-1-56-000-jwp-wht-arc190cx","1,66,000 (Water System) 1,56,000","Looks like a price or a model number in the title: 1,66,000, 1,56,000",""
"review","no-variant","JWP-WHT-ARC190CX","jaquar-1-66-000-water-system-1-56-000-jwp-wht-arc190cx","1,66,000 (Water System) 1,56,000","Active product with no variants — cannot be priced or bought",""
"review","price-in-name","JWP-WHT-ARC190WX","jaquar-10-000-front-panel-23-300-jwp-wht-arc190wx","10,000 (Front Panel) 23,300","Looks like a price or a model number in the title: 10,000, 23,300",""
"review","no-variant","JWP-WHT-ARC190WX","jaquar-10-000-front-panel-23-300-jwp-wht-arc190wx","10,000 (Front Panel) 23,300","Active product with no variants — cannot be priced or bought",""
"review","no-variant","JWP-WHT-DARC180CX","jaquar-water-system-jwp-wht-darc180cx","Water System","Active product with no variants — cannot be priced or bought",""
"review","no-variant","JWP-WHT-DARC180FLTCX","jaquar-whirlpool-and-combi-system-filtration-system-jwp-wht-darc180fltcx","Whirlpool and Combi System Filtration System","Active product with no variants — cannot be priced or bought",""
"review","no-variant","JWP-WHT-DARC180WX","jaquar-front-panel-jwp-wht-darc180wx","Front Panel","Active product with no variants — cannot be priced or bought",""
"review","price-in-name","JWP-WHT-FONTE150CX","jaquar-10-000-water-system-1-21-000-jwp-wht-fonte150cx","10,000 (Water System) 1,21,000","Looks like a price or a model number in the title: 10,000, 1,21,000",""
"review","no-variant","JWP-WHT-FONTE150CX","jaquar-10-000-water-system-1-21-000-jwp-wht-fonte150cx","10,000 (Water System) 1,21,000","Active product with no variants — cannot be priced or bought",""
"review","no-variant","JWP-WHT-FONTE150WX","jaquar-front-panel-9-900-jwp-wht-fonte150wx","Front Panel","Active product with no variants — cannot be priced or bought",""
"review","no-variant","JWP-WHT-FONTE160CX","jaquar-water-system-jwp-wht-fonte160cx","Water System","Active product with no variants — cannot be priced or bought",""
"review","no-variant","JWP-WHT-FONTE160WX","jaquar-front-panel-jwp-wht-fonte160wx","Front Panel","Active product with no variants — cannot be priced or bought",""
"review","price-in-name","JWP-WHT-FONTE170CX","jaquar-1-53-000-combi-system-1-41-000-jwp-wht-fonte170cx","1,53,000 (Combi System) 1,41,000","Looks like a price or a model number in the title: 1,53,000, 1,41,000",""
"review","no-variant","JWP-WHT-FONTE170CX","jaquar-1-53-000-combi-system-1-41-000-jwp-wht-fonte170cx","1,53,000 (Combi System) 1,41,000","Active product with no variants — cannot be priced or bought",""
"review","no-variant","JWP-WHT-FONTE170FLTCX","jaquar-whirlpool-and-airpool-combi-system-with-filtration-system-jwp-wht-fonte170fltcx","Whirlpool and Airpool Combi System with Filtration System","Active product with no variants — cannot be priced or bought",""
"review","price-in-name","JWP-WHT-FONTE170WX","jaquar-5-700-water-system-1-17-000-jwp-wht-fonte170wx","5,700 (Water System) 1,17,000","Looks like a price or a model number in the title: 5,700, 1,17,000",""
"review","no-variant","JWP-WHT-FONTE170WX","jaquar-5-700-water-system-1-17-000-jwp-wht-fonte170wx","5,700 (Water System) 1,17,000","Active product with no variants — cannot be priced or bought",""
"review","price-in-name","JWP-WHT-FONTE180CX","jaquar-1-53-000-water-system-1-24-000-jwp-wht-fonte180cx","1,53,000 (Water System) 1,24,000","Looks like a price or a model number in the title: 1,53,000, 1,24,000",""
"review","no-variant","JWP-WHT-FONTE180CX","jaquar-1-53-000-water-system-1-24-000-jwp-wht-fonte180cx","1,53,000 (Water System) 1,24,000","Active product with no variants — cannot be priced or bought",""
"review","price-in-name","JWP-WHT-FONTE180FLTCX","jaquar-whirlpool-and-airpool-combi-system-with-filtration-system-fonte-1700-x-750-x-420-mm-1500-x-750-x-420-mm-1-72-000-combi-system-1-44-000-jwp-wht-fonte180fltcx","Whirlpool and Airpool Combi System with Filtration System Fonte 1700 x 750 x 420 mm 1500 x 750 x 420 mm 1,72,000 (Combi System) 1,44,000","Looks like a price or a model number in the title: 1,72,000, 1,44,000",""
"review","no-variant","JWP-WHT-FONTE180FLTCX","jaquar-whirlpool-and-airpool-combi-system-with-filtration-system-fonte-1700-x-750-x-420-mm-1500-x-750-x-420-mm-1-72-000-combi-system-1-44-000-jwp-wht-fonte180fltcx","Whirlpool and Airpool Combi System with Filtration System Fonte 1700 x 750 x 420 mm 1500 x 750 x 420 mm 1,72,000 (Combi System) 1,44,000","Active product with no variants — cannot be priced or bought",""
"review","price-in-name","JWP-WHT-FONTE180WX","jaquar-10-000-front-panel-10-000-jwp-wht-fonte180wx","10,000 (Front Panel) 10,000","Looks like a price or a model number in the title: 10,000, 10,000",""
"review","no-variant","JWP-WHT-FONTE180WX","jaquar-10-000-front-panel-10-000-jwp-wht-fonte180wx","10,000 (Front Panel) 10,000","Active product with no variants — cannot be priced or bought",""
"review","price-in-name","JWP-WHT-GMI140CX","jaquar-1-18-000-water-system-1-38-000-jwp-wht-gmi140cx","1,18,000 (Water System) 1,38,000","Looks like a price or a model number in the title: 1,18,000, 1,38,000",""
"review","no-variant","JWP-WHT-GMI140CX","jaquar-1-18-000-water-system-1-38-000-jwp-wht-gmi140cx","1,18,000 (Water System) 1,38,000","Active product with no variants — cannot be priced or bought",""
"review","price-in-name","JWP-WHT-GMI140WX","jaquar-9-500-angular-panel-15-200-jwp-wht-gmi140wx","9,500 (Angular Panel) 15,200","Looks like a price or a model number in the title: 9,500, 15,200",""
"review","no-variant","JWP-WHT-GMI140WX","jaquar-9-500-angular-panel-15-200-jwp-wht-gmi140wx","9,500 (Angular Panel) 15,200","Active product with no variants — cannot be priced or bought",""
"review","no-variant","JWP-WHT-KUBIX180CX","jaquar-water-system-jwp-wht-kubix180cx","Water System","Active product with no variants — cannot be priced or bought",""
"review","no-variant","JWP-WHT-KUBIX180FLTCX","jaquar-filtration-alive-1800-x-800-x-470-mm-combi-system-jwp-wht-kubix180fltcx","Filtration Alive 1800 x 800 x 470 mm (Combi System)","Active product with no variants — cannot be priced or bought",""
"review","no-variant","JWP-WHT-KUBIX180WX","jaquar-front-panel-jwp-wht-kubix180wx","Front Panel","Active product with no variants — cannot be priced or bought",""
"review","no-variant","JWP-WHT-KUBIXPM180CX","jaquar-water-system-jwp-wht-kubixpm180cx","Water System","Active product with no variants — cannot be priced or bought",""
"review","no-variant","JWP-WHT-KUBIXPM180FLTCX","jaquar-combi-system-filtration-system-d-arc-1800-x-1100-x-470-mm-combi-system-jwp-wht-kubixpm180fltcx","Combi System Filtration System D’Arc 1800 x 1100 x 470 mm (Combi System)","Active product with no variants — cannot be priced or bought",""
"review","no-variant","JWP-WHT-KUBIXPM180WX","jaquar-front-panel-jwp-wht-kubixpm180wx","Front Panel","Active product with no variants — cannot be priced or bought",""
"review","no-variant","JWP-WHT-LAGUNA170CX","jaquar-water-system-jwp-wht-laguna170cx","Water System","Active product with no variants — cannot be priced or bought",""
"review","no-variant","JWP-WHT-LAGUNA170WX","jaquar-front-panel-jwp-wht-laguna170wx","Front Panel","Active product with no variants — cannot be priced or bought",""
"review","price-in-name","JWP-WHT-LAGUNA180CX","jaquar-1-53-000-water-system-1-58-000-jwp-wht-laguna180cx","1,53,000 (Water System) 1,58,000","Looks like a price or a model number in the title: 1,53,000, 1,58,000",""
"review","no-variant","JWP-WHT-LAGUNA180CX","jaquar-1-53-000-water-system-1-58-000-jwp-wht-laguna180cx","1,53,000 (Water System) 1,58,000","Active product with no variants — cannot be priced or bought",""
"review","no-variant","JWP-WHT-LAGUNA180FLTCX","jaquar-whirlpool-and-airpool-combi-system-with-filtration-system-jaquar-com-181-jwp-wht-laguna180fltcx","Whirlpool and Airpool Combi System with Filtration System jaquar.com 181","Active product with no variants — cannot be priced or bought",""
"review","no-variant","JWP-WHT-LAGUNA180WX","jaquar-front-panel-15-300-jwp-wht-laguna180wx","Front Panel","Active product with no variants — cannot be priced or bought",""
"review","price-in-name","JWP-WHT-OPALPM180CX","jaquar-1-51-000-water-system-1-57-000-jwp-wht-opalpm180cx","1,51,000 (Water System) 1,57,000","Looks like a price or a model number in the title: 1,51,000, 1,57,000",""
"review","no-variant","JWP-WHT-OPALPM180CX","jaquar-1-51-000-water-system-1-57-000-jwp-wht-opalpm180cx","1,51,000 (Water System) 1,57,000","Active product with no variants — cannot be priced or bought",""
"review","price-in-name","JWP-WHT-OPALPM180WX","jaquar-15-300-front-panel-23-500-jwp-wht-opalpm180wx","15,300 (Front Panel) 23,500","Looks like a price or a model number in the title: 15,300, 23,500",""
"review","no-variant","JWP-WHT-OPALPM180WX","jaquar-15-300-front-panel-23-500-jwp-wht-opalpm180wx","15,300 (Front Panel) 23,500","Active product with no variants — cannot be priced or bought",""
"review","no-variant","JWP-WHT-POINT150CX","jaquar-water-system-jwp-wht-point150cx","Water System","Active product with no variants — cannot be priced or bought",""
"review","price-in-name","JWP-WHT-VGNT190CX","jaquar-1-59-000-water-system-1-53-000-jwp-wht-vgnt190cx","1,59,000 (Water System) 1,53,000","Looks like a price or a model number in the title: 1,59,000, 1,53,000",""
"review","no-variant","JWP-WHT-VGNT190CX","jaquar-1-59-000-water-system-1-53-000-jwp-wht-vgnt190cx","1,59,000 (Water System) 1,53,000","Active product with no variants — cannot be priced or bought",""
"review","no-variant","JWP-WHT-VGNT190FLTCX","jaquar-airpool-190x90x47-whirlpool-with-and-airpool-combi-system-with-filtration-system-jaquar-com-179-jwp-wht-vgnt190fltcx","Airpool 190x90x47 Whirlpool with and Airpool Combi System with Filtration System jaquar.com 179","Active product with no variants — cannot be priced or bought",""
"review","price-in-name","JWP-WHT-VGNT190WX","jaquar-10-000-front-panel-11-800-jwp-wht-vgnt190wx","10,000 (Front Panel) 11,800","Looks like a price or a model number in the title: 10,000, 11,800",""
"review","no-variant","JWP-WHT-VGNT190WX","jaquar-10-000-front-panel-11-800-jwp-wht-vgnt190wx","10,000 (Front Panel) 11,800","Active product with no variants — cannot be priced or bought",""
"review","no-variant","KUP-35065NKPM","jaquar-single-lever-exposed-parts-kit-of-diverter-consisting-operating-lever-wall-flange-with-seals-button-compatible-with-item-ald-065n-80-kup-35065nkpm","Single Lever Exposed Parts Kit of Diverter Consisting Operating Lever, Wall Flange (with Seals) & Button (Compatible with Item ALD-065N) 80","Active product with no variants — cannot be priced or bought",""
"review","no-variant","KUP-35193KPM","jaquar-single-lever-3-inlet-divertor-exposed-parts-kit-operating-lever-wall-flange-button-only-suitable-ald-193-telni-dloc-psb-2-1-telni-toh-psb-2-1-058-220-120-51-50-45-front-kup-35193kpm","Single Lever 3-inlet Divertor Exposed parts kit Operating Lever, Wall Flange & Button Only (Suitable ALD-193) telnI dloC PSB ""2/1 telnI toH PSB ""2/1 058 220 Ø120 51 50 Ø45 FRONT","Active product with no variants — cannot be priced or bought",""
"review","no-variant","KUP-35661KPM","jaquar-aquamax-exposed-part-kit-of-thermostatic-shower-suitable-for-ald-661-105-38-wall-flange-572-8-ii-i-iii-off-kup-35661kpm","Aquamax Exposed Part Kit of Thermostatic Shower (Suitable for ALD-661) 105 38° WALL FLANGE 572 8 II I III OFF","Active product with no variants — cannot be priced or bought",""
"review","no-variant","KUP-35681KPM","jaquar-aquamax-exposed-part-kit-of-with-2-way-diverter-suitable-for-mixer-diverter-handle-thermostate-handle-mixer-54-46-54-46-kup-35681kpm","Aquamax Exposed Part Kit of with 2-way diverter (Suitable for Mixer DIVERTER HANDLE THERMOSTATE HANDLE Mixer 54 46 54 46","Active product with no variants — cannot be priced or bought",""
"review","no-variant","KUP-35683KPM","jaquar-aquamax-exposed-part-kit-of-thermostatic-shower-with-3-way-diverter-suitable-for-ald-683-kup-35683kpm","Aquamax Exposed Part Kit of Thermostatic Shower with 3-way diverter (Suitable for ALD-683)","Active product with no variants — cannot be priced or bought",""
"review","no-variant","KUP-35783KPM","jaquar-consisting-of-for-item-single-lever-bidet-aquamax-exposed-part-kit-of-single-lever-shower-mixer-with-3-way-diverter-suitable-for-ald-783-06-nim-dednemm-ocer-021-xam-061-otpu-og-nac-ti-5101-100-0711-1-2-bsp-1-2-bsp-1-2-bsp-511-52x52-27-113-30-63-1-b-2-s-p-1-1-4-bsp-max-180-","Consisting of For Item Single Lever | Bidet Aquamax Exposed Part Kit of Single Lever Shower Mixer with 3-way diverter (Suitable for ALD-783) 06.niM )dednemm ocer( 021 .xaM 061 otpu og nac ti 5101 100 0711 1/2""BSP 1/2"" BSP 1/2""BSP 511 52x52 27 113 30° Ø63 1 B /2 S "" P 1-1/4""BSP Max. 180","Active product with no variants — cannot be priced or bought",""
"review","price-in-name","LYR-38065NK","jaquar-single-lever-exposed-parts-kit-of-diverter-consisting-operating-lever-wall-flange-with-seals-button-compatible-with-item-ald-065n-125-571-lyr-38065nk","Single Lever Exposed Parts Kit of Diverter Consisting Operating Lever, Wall Flange (with Seals) & Button (Compatible with Item ALD-065N) 125 571","Looks like a price or a model number in the title: 125, 571",""
"review","no-variant","LYR-38065NK","jaquar-single-lever-exposed-parts-kit-of-diverter-consisting-operating-lever-wall-flange-with-seals-button-compatible-with-item-ald-065n-125-571-lyr-38065nk","Single Lever Exposed Parts Kit of Diverter Consisting Operating Lever, Wall Flange (with Seals) & Button (Compatible with Item ALD-065N) 125 571","Active product with no variants — cannot be priced or bought",""
"review","no-variant","LYR-38193K","jaquar-single-lever-3-inlet-divertor-exposed-parts-kit-operating-lever-wall-flange-button-only-suitable-for-item-ald-193-lyr-38193k","Single Lever 3-inlet Divertor Exposed parts kit Operating Lever, Wall Flange & Button Only (Suitable For Item ALD-193)","Active product with no variants — cannot be priced or bought",""
"review","no-variant","LYR-38783K","jaquar-consisting-of-aquamax-exposed-part-kit-of-single-lever-shower-mixer-with-3-way-diverter-suitable-for-ald-783-111-lyr-38783k","Consisting of Aquamax Exposed Part Kit of Single Lever Shower Mixer with 3-way diverter (Suitable for ALD-783) 111","Active product with no variants — cannot be priced or bought",""
"review","no-variant","LYS-WHT-38101UF","jaquar-166-jaquar-com-lys-wht-38101uf","166 jaquar.com","Active product with no variants — cannot be priced or bought",""
"review","no-variant","MET-WHT-PV006","jaquar-rs-met-wht-pv006","Rs","Active product with no variants — cannot be priced or bought",""
"review","no-variant","MET-WHT-PV010","jaquar-rs-met-wht-pv010","Rs","Active product with no variants — cannot be priced or bought",""
"review","no-variant","MET-WHT-PV015","jaquar-rs-recommended-for-kitchen-bucket-baths-overhead-showers-met-wht-pv015","Rs. Recommended for: Kitchen | Bucket Baths | Overhead Showers","Active product with no variants — cannot be priced or bought",""
"review","no-variant","MET-WHT-PV025","jaquar-meta-product-specifications-semi-digital-details-meta-semi-digital-volume-l-6-10-15-25-rated-wattage-2-kw-required-power-supply-v-hz-230-50-temperature-range-25oc-to-75oc-working-pressure-mpa-0-8-inlet-outlet-connection-inch-1-2-warranty-7-years-on-tank-4-years-on-heating-","META Product Specifications (Semi-Digital) Details Meta (Semi-Digital) Volume (L) 6/10/15/25 Rated Wattage 2 kW Required Power Supply (V/Hz) 230/50 Temperature Range 25ºC to 75ºC Working Pressure(Mpa) 0.8 Inlet/Outlet Connection (Inch) 1/2 Warranty 7 Years on Tank 4 Years on Heating Element 2 Years on other Parts Product Dimensions (in mm) W H 6 Litres 290 400 10 Litres 290 495 15 Litres 340 495 25 Litres 390 560 Rs","Active product with no variants — cannot be priced or bought",""
"review","no-variant","MET-WHT-V006","jaquar-rs-met-wht-v006","Rs","Active product with no variants — cannot be priced or bought",""
"review","no-variant","MET-WHT-V010","jaquar-rs-the-perfect-storage-water-heater-for-small-families-met-wht-v010","Rs. The perfect Storage Water heater for small families","Active product with no variants — cannot be priced or bought",""
"review","no-variant","MET-WHT-V015","jaquar-rs-met-wht-v015","Rs","Active product with no variants — cannot be priced or bought",""
"review","no-variant","MET-WHT-V025","jaquar-versa-vertical-manual-product-specifications-details-versa-vertical-manual-volume-l-35-50-70-100-rated-wattage-35-50l-2-kw-70-100l-3-kw-required-power-supply-v-hz-230-50-temperature-range-35-75-c-working-pressure-mpa-0-8-lnle-outlet-connection-inch-1-2-warranty-7-years-on-","VERSA VERTICAL (Manual) Product Specifications Details Versa Vertical (Manual) Volume (L) 35/50/70/100 Rated Wattage 35/50L 2 kW 70/100L 3 kW Required Power Supply (V/Hz) 230/50 Temperature Range 35-75°C Working Pressure (Mpa) 0.8 lnle / Outlet Connection (Inch) 1/2 Warranty 7 Years on Tank 4 Years on Heating Element 2 Years on Other Components Product Dimensions (in mm) W H 35 Litres 400 715 50 Litres 430 770 70 Litres 510 810 Rs","Active product with no variants — cannot be priced or bought",""
"review","missing-image","OBBS-4511I","ozone-with-4-hole-mounting-plate-3-hole-mounting-plate-obbs-4511i","WITH 4 HOLE MOUNTING PLATE 3 HOLE MOUNTING PLATE","No image of any kind — renders the 'photo coming soon' tile",""
"review","missing-image","OBBS-FE-100HD","ozone-with-4-hole-mounting-plate-3-hole-mounting-plate-obbs-fe-100hd","WITH 4 HOLE MOUNTING PLATE 3 HOLE MOUNTING PLATE","No image of any kind — renders the 'photo coming soon' tile",""
"review","missing-image","OE-CL-11","ozone-without-rod-cupboard-lock-oe-cl-11","WITHOUT ROD CUPBOARD LOCK","No image of any kind — renders the 'photo coming soon' tile",""
"review","missing-image","OE-CL-22","ozone-without-rod-cupboard-lock-oe-cl-22","WITHOUT ROD CUPBOARD LOCK","No image of any kind — renders the 'photo coming soon' tile",""
"review","missing-image","OE-CL-33","ozone-with-computer-key-oe-cl-33","WITH COMPUTER KEY","No image of any kind — renders the 'photo coming soon' tile",""
"review","missing-image","OE-CL-3P-22P","ozone-without-rod-cupboard-lock-oe-cl-3p-22p","WITHOUT ROD CUPBOARD LOCK","No image of any kind — renders the 'photo coming soon' tile",""
"review","missing-image","OE-CL-3P-22S","ozone-without-rod-cupboard-lock-oe-cl-3p-22s","WITHOUT ROD CUPBOARD LOCK","No image of any kind — renders the 'photo coming soon' tile",""
"review","missing-image","OE-CL-3P-32P","ozone-without-rod-cupboard-lock-oe-cl-3p-32p","WITHOUT ROD CUPBOARD LOCK","No image of any kind — renders the 'photo coming soon' tile",""
"review","missing-image","OE-CL-3P-32S","ozone-without-rod-cupboard-lock-oe-cl-3p-32s","WITHOUT ROD CUPBOARD LOCK","No image of any kind — renders the 'photo coming soon' tile",""
"review","missing-image","OE-CL-CP","ozone-without-rod-cupboard-lock-oe-cl-cp","WITHOUT ROD CUPBOARD LOCK","No image of any kind — renders the 'photo coming soon' tile",""
"review","missing-image","OE-CL-CS","ozone-without-rod-cupboard-lock-oe-cl-cs","WITHOUT ROD CUPBOARD LOCK","No image of any kind — renders the 'photo coming soon' tile",""
"review","missing-image","OE-DWDS-ID-FBG-S","ozone-with-metal-oe-dwds-id-fbg-s","WITH METAL","No image of any kind — renders the 'photo coming soon' tile",""
"review","missing-image","OE-DWDS-ID-GSP","ozone-with-metal-oe-dwds-id-gsp","WITH METAL","No image of any kind — renders the 'photo coming soon' tile",""
"review","missing-image","OE-DWDS-ID-MFP-SR-L","ozone-with-metal-oe-dwds-id-mfp-sr-l","WITH METAL","No image of any kind — renders the 'photo coming soon' tile",""
"review","missing-image","OE-MPL-11P","ozone-with-computer-key-oe-mpl-11p","WITH COMPUTER KEY","No image of any kind — renders the 'photo coming soon' tile",""
"review","missing-image","OE-MPL-11S","ozone-with-computer-key-oe-mpl-11s","WITH COMPUTER KEY","No image of any kind — renders the 'photo coming soon' tile",""
"review","missing-image","OE-MPLP","ozone-with-mechanical-key-32mm-with-mechanical-key-22mm-oe-mplp","WITH MECHANICAL KEY 32MM WITH MECHANICAL KEY 22MM","No image of any kind — renders the 'photo coming soon' tile",""
"review","missing-image","OE-MPLS","ozone-with-mechanical-key-32mm-with-mechanical-key-22mm-oe-mpls","WITH MECHANICAL KEY 32MM WITH MECHANICAL KEY 22MM","No image of any kind — renders the 'photo coming soon' tile",""
"review","missing-image","OE-PDLP","ozone-without-rod-cupboard-lock-oe-pdlp","WITHOUT ROD CUPBOARD LOCK","No image of any kind — renders the 'photo coming soon' tile",""
"review","missing-image","OE-PDLS","ozone-without-rod-cupboard-lock-oe-pdls","WITHOUT ROD CUPBOARD LOCK","No image of any kind — renders the 'photo coming soon' tile",""
"review","missing-image","OEAP-G","ozone-wooden-door-profile-oeap-g","WOODEN DOOR PROFILE","No image of any kind — renders the 'photo coming soon' tile",""
"review","missing-image","OEAP-G2","ozone-wooden-door-profile-oeap-g2","WOODEN DOOR PROFILE","No image of any kind — renders the 'photo coming soon' tile",""
"review","missing-image","OEC170-SC-A4S","ozone-with-4-hole-mounting-plate-hinge-with-4-hole-mounting-plate-with-4-hole-mounting-plate-hinge-with-4-hole-mounting-plate-oec170-sc-a4s","WITH 4 HOLE MOUNTING PLATE HINGE WITH 4 HOLE MOUNTING PLATE WITH 4 HOLE MOUNTING PLATE HINGE WITH 4 HOLE MOUNTING PLATE","No image of any kind — renders the 'photo coming soon' tile",""
"review","missing-image","OEC170-SC-B4S","ozone-with-4-hole-mounting-plate-hinge-with-4-hole-mounting-plate-with-4-hole-mounting-plate-hinge-with-4-hole-mounting-plate-oec170-sc-b4s","WITH 4 HOLE MOUNTING PLATE HINGE WITH 4 HOLE MOUNTING PLATE WITH 4 HOLE MOUNTING PLATE HINGE WITH 4 HOLE MOUNTING PLATE","No image of any kind — renders the 'photo coming soon' tile",""
"review","missing-image","OEC170-SC-C4S","ozone-with-4-hole-mounting-plate-hinge-with-4-hole-mounting-plate-with-4-hole-mounting-plate-hinge-with-4-hole-mounting-plate-oec170-sc-c4s","WITH 4 HOLE MOUNTING PLATE HINGE WITH 4 HOLE MOUNTING PLATE WITH 4 HOLE MOUNTING PLATE HINGE WITH 4 HOLE MOUNTING PLATE","No image of any kind — renders the 'photo coming soon' tile",""
"review","missing-image","OEC35-E2S","ozone-with-2-hole-mounting-plate-cover-cap-oec35-e2s","WITH 2 HOLE MOUNTING PLATE & COVER CAP","No image of any kind — renders the 'photo coming soon' tile",""
"review","missing-image","OEC35-F2S","ozone-with-2-hole-mounting-plate-cover-cap-oec35-f2s","WITH 2 HOLE MOUNTING PLATE & COVER CAP","No image of any kind — renders the 'photo coming soon' tile",""
"review","missing-image","OEC352-A4S","ozone-with-4-hole-mounting-plate-hinge-with-4-hole-mounting-plate-with-4-hole-mounting-plate-hinge-with-4-hole-mounting-plate-oec352-a4s","WITH 4 HOLE MOUNTING PLATE HINGE WITH 4 HOLE MOUNTING PLATE WITH 4 HOLE MOUNTING PLATE HINGE WITH 4 HOLE MOUNTING PLATE","No image of any kind — renders the 'photo coming soon' tile",""
"review","missing-image","OEC352-B4S","ozone-with-4-hole-mounting-plate-hinge-with-4-hole-mounting-plate-with-4-hole-mounting-plate-hinge-with-4-hole-mounting-plate-oec352-b4s","WITH 4 HOLE MOUNTING PLATE HINGE WITH 4 HOLE MOUNTING PLATE WITH 4 HOLE MOUNTING PLATE HINGE WITH 4 HOLE MOUNTING PLATE","No image of any kind — renders the 'photo coming soon' tile",""
"review","missing-image","OEC352-C4S","ozone-with-4-hole-mounting-plate-hinge-with-4-hole-mounting-plate-with-4-hole-mounting-plate-hinge-with-4-hole-mounting-plate-oec352-c4s","WITH 4 HOLE MOUNTING PLATE HINGE WITH 4 HOLE MOUNTING PLATE WITH 4 HOLE MOUNTING PLATE HINGE WITH 4 HOLE MOUNTING PLATE","No image of any kind — renders the 'photo coming soon' tile",""
"review","missing-image","OEC451-A3S-SC","ozone-with-4-hole-mounting-plate-3-hole-mounting-plate-oec451-a3s-sc","WITH 4 HOLE MOUNTING PLATE 3 HOLE MOUNTING PLATE","No image of any kind — renders the 'photo coming soon' tile",""
"review","missing-image","OEC451-B3S-SC","ozone-with-4-hole-mounting-plate-3-hole-mounting-plate-oec451-b3s-sc","WITH 4 HOLE MOUNTING PLATE 3 HOLE MOUNTING PLATE","No image of any kind — renders the 'photo coming soon' tile",""
"review","missing-image","OEC451-C3S-SC","ozone-with-4-hole-mounting-plate-3-hole-mounting-plate-oec451-c3s-sc","WITH 4 HOLE MOUNTING PLATE 3 HOLE MOUNTING PLATE","No image of any kind — renders the 'photo coming soon' tile",""
"review","missing-image","OEC501-A4S-SC","ozone-with-4-hole-mounting-plate-hinge-with-4-hole-mounting-plate-with-4-hole-mounting-plate-hinge-with-4-hole-mounting-plate-oec501-a4s-sc","WITH 4 HOLE MOUNTING PLATE HINGE WITH 4 HOLE MOUNTING PLATE WITH 4 HOLE MOUNTING PLATE HINGE WITH 4 HOLE MOUNTING PLATE","No image of any kind — renders the 'photo coming soon' tile",""
"review","missing-image","OEC501-B4S-SC","ozone-with-4-hole-mounting-plate-hinge-with-4-hole-mounting-plate-with-4-hole-mounting-plate-hinge-with-4-hole-mounting-plate-oec501-b4s-sc","WITH 4 HOLE MOUNTING PLATE HINGE WITH 4 HOLE MOUNTING PLATE WITH 4 HOLE MOUNTING PLATE HINGE WITH 4 HOLE MOUNTING PLATE","No image of any kind — renders the 'photo coming soon' tile",""
"review","missing-image","OEC501-C4S-SC","ozone-with-4-hole-mounting-plate-hinge-with-4-hole-mounting-plate-with-4-hole-mounting-plate-hinge-with-4-hole-mounting-plate-oec501-c4s-sc","WITH 4 HOLE MOUNTING PLATE HINGE WITH 4 HOLE MOUNTING PLATE WITH 4 HOLE MOUNTING PLATE HINGE WITH 4 HOLE MOUNTING PLATE","No image of any kind — renders the 'photo coming soon' tile",""
"review","no-variant","OHS-1605","jaquar-registered-design-no-276017-200x200mm-chrome-ohs-1605","Registered design no.276017 : 200x200mm Chrome","Active product with no variants — cannot be priced or bought",""
"review","no-variant","OHS-1619","jaquar-240x240mm-ohs-1619","240x240mm","Active product with no variants — cannot be priced or bought",""
"review","no-variant","OHS-1623","jaquar-registered-design-no-276016-ohs-1623","Registered design no.276016","Active product with no variants — cannot be priced or bought",""
"review","no-variant","OHS-1629","jaquar-003-1-2-bsp-200-54-592-1-2-bsp-54-ohs-1629","003 1/2""BSP 200 54 592 1/2""BSP 54","Active product with no variants — cannot be priced or bought",""
"review","no-variant","OHS-1633","jaquar-278-maze-overhead-shower-300mm-round-shape-single-flow-body-face-plate-stainless-steel-chrome-finish-with-rubit-cleaning-system-registered-design-no-276016-ohs-1633","278 Maze Overhead Shower ø300mm Round Shape Single Flow (Body & Face Plate Stainless Steel Chrome Finish) with Rubit Cleaning System Registered design no.276016","Active product with no variants — cannot be priced or bought",""
"review","no-variant","OHS-1635","jaquar-maze-overhead-shower-340x220mm-oval-shape-single-flow-body-face-plate-stainless-steel-with-chrome-finish-with-rubit-cleaning-system-registered-design-no-276015-ohs-1635","Maze Overhead Shower 340x220mm Oval Shape Single Flow (Body & Face Plate Stainless Steel with Chrome Finish) with Rubit Cleaning System Registered design no.276015","Active product with no variants — cannot be priced or bought",""
"review","no-variant","OHS-1637","jaquar-maze-overhead-shower-190x295mm-rectangular-shape-single-flow-body-face-plate-stainless-steel-with-chrome-finish-with-rubit-cleaning-ohs-1637","Maze Overhead Shower 190X295mm Rectangular Shape Single Flow (Body & Face Plate Stainless Steel with Chrome Finish) with Rubit Cleaning","Active product with no variants — cannot be priced or bought",""
"review","no-variant","OHS-1639","jaquar-maze-overhead-shower-300x300mm-square-gle-flow-body-face-plate-stainless-steel-with-finish-with-rubit-cleaning-system-registered-design-no-276017-ohs-1639","Maze Overhead Shower 300x300mm Square gle Flow (Body & Face Plate Stainless Steel with Finish) with Rubit Cleaning System Registered design no.276017","Active product with no variants — cannot be priced or bought",""
"review","no-variant","OHS-1649","jaquar-water-fall-overhead-shower-552x205x25mm-flat-dual-flow-maze-rain-cascade-with-concealed-installation-kit-wall-flange-shower-body-face-ss-chrome-plated-with-rubit-cleaning-system-ohs-whm-1763-led-overhead-shower-180mm-circular-shape-single-flow-abs-body-with-face-plate-whit","Water Fall Overhead Shower 552x205x25mm Flat Dual Flow (Maze Rain & Cascade) with Concealed Installation Kit & Wall Flange (Shower Body & Face SS Chrome Plated) with Rubit Cleaning System OHS-WHM-1763 LED Overhead Shower ø180mm Circular Shape Single Flow (ABS Body with Face Plate White Matt) with Rubit Cleaning System Ø180","Active product with no variants — cannot be priced or bought",""
"review","no-variant","OHS-1673","jaquar-maze-prime-round-shape-single-function-shower-fi-nish-450mm-dia-aisi-304-stainless-steel-in-chrome-fi-nish-with-kit-for-rgb-led-light-remote-control-installation-kit-for-false-0-23w-with-ceiling-chromo-therapy-rgb-led-x-0-23w-with-12v-power-supply-smps-including-controller","Maze Prime Round Shape Single Function Shower fi nish 450mm dia AISI 304 stainless steel in chrome fi nish with kit for RGB LED light remote control & installation kit for false 0.23W with ceiling • Chromo therapy (RGB): LED x 0.23W with 12V Power Supply (SMPS) including Controller, connecting to AC 100-240V, 50-60Hz Registered design no.276016 X 350mm LED Power to AC 273 450 R10 54 R182","Active product with no variants — cannot be priced or bought",""
"review","no-variant","OHS-1679","jaquar-maze-prime-square-shape-single-function-shower-450-x-450mm-aisi-304-stainless-steel-in-chrome-with-rgb-led-light-remote-control-installation-false-ceiling-chromo-therapy-rgb-led-x-12v-power-supply-smps-including-controller-connecting-to-ac-100-240v-50-60hz-registered-desig","Maze Prime Square Shape Single Function Shower 450 X 450mm AISI 304 stainless steel in chrome with RGB LED light remote control & installation false ceiling • Chromo therapy (RGB): LED x 12V Power Supply (SMPS) including Controller, connecting to AC 100-240V, 50-60Hz Registered design no.276017 053","Active product with no variants — cannot be priced or bought",""
"review","no-variant","OHS-1709","jaquar-overhead-shower-105mm-round-shape-single-flow-with-air-effect-abs-body-face-plate-chrome-plated-with-rubit-cleaning-system-ohs-1709","Overhead Shower ø105mm Round Shape Single Flow with Air Effect (ABS Body & Face Plate Chrome Plated) with Rubit Cleaning System","Active product with no variants — cannot be priced or bought",""
"review","no-variant","OHS-1719","jaquar-overhead-shower-105mm-round-shape-multi-flow-with-air-effect-abs-body-face-plate-chrome-plated-with-rubit-cleaning-system-1-2-bsp-35-1-2-bsp-140-140-06-ohs-1719","Overhead Shower ø105mm Round Shape Multi Flow with Air Effect (ABS Body & Face Plate Chrome Plated) with Rubit Cleaning System ½""BSP 35 ½""BSP Ø140 Ø140 06","Active product with no variants — cannot be priced or bought",""
"review","no-variant","OHS-1741","jaquar-led-overhead-shower-234mm-dia-round-shape-abs-body-chrome-plated-with-gray-face-plate-cleaning-system-ohs-1741","LED Overhead Shower 234mm dia Round Shape (ABS Body Chrome Plated With Gray Face Plate) Cleaning System","Active product with no variants — cannot be priced or bought",""
"review","no-variant","OHS-1743","jaquar-single-flow-led-overhead-shower-250x250mm-square-shape-with-rubit-single-flow-abs-body-chrome-plated-with-gray-face-plate-with-rubit-cleaning-system-281-ohs-1743","Single Flow LED Overhead Shower 250X250mm Square Shape With Rubit Single Flow (ABS Body Chrome Plated With Gray Face Plate) With Rubit Cleaning System 281","Active product with no variants — cannot be priced or bought",""
"review","no-variant","OHS-1755","jaquar-overhead-shower-180mm-round-shape-single-with-air-effect-abs-body-face-plate-chrome-with-rubit-cleaning-system-274-ohs-1755","Overhead Shower ø180mm Round Shape Single with Air Effect (ABS Body & Face Plate Chrome with Rubit Cleaning System 274","Active product with no variants — cannot be priced or bought",""
"review","no-variant","OHS-1757","jaquar-overhead-shower-140mm-round-shape-single-flow-with-air-effect-abs-body-face-plate-plated-with-rubit-cleaning-system-ohs-1757","Overhead Shower ø140mm Round Shape Single Flow with Air Effect (ABS Body & Face Plate Plated) with Rubit Cleaning System","Active product with no variants — cannot be priced or bought",""
"review","no-variant","OHS-1759","jaquar-overhead-shower-180mm-round-shape-single-flow-abs-body-chrome-plated-with-gray-face-plate-with-rubit-cleaning-system-56-1-2-bsp-1-2-bsp-sq-150-06-ohs-1759","Overhead Shower ø180mm Round Shape Single Flow (ABS Body Chrome Plated with Gray Face Plate) with Rubit Cleaning System 56 ½""BSP ½""BSP SQ.150 06","Active product with no variants — cannot be priced or bought",""
"review","no-variant","OHS-1765","jaquar-overhead-shower-250mm-round-shape-single-abs-body-face-plate-chrome-plated-with-rubit-cleaning-system-ohs-blm-1765-overhead-shower-250mm-round-shape-single-abs-body-with-face-plate-black-matt-with-rubit-cleaning-system-ohs-1765","Overhead Shower ø250mm Round Shape Single (ABS Body & Face Plate Chrome Plated) with Rubit Cleaning System OHS-BLM-1765 Overhead Shower ø250mm Round Shape Single (ABS Body with Face Plate Black Matt) with Rubit Cleaning System","Active product with no variants — cannot be priced or bought",""
"review","no-variant","OHS-1769","jaquar-overhead-shower-140mm-round-shape-multi-chrome-flow-with-air-effect-abs-body-face-plate-chrome-plated-with-rubit-cleaning-system-hand-showers-55-1-2-bsp-180-1-2-bsp-532-01-15-105-ohs-1769","Overhead Shower ø140mm Round Shape Multi Chrome Flow with Air Effect (ABS Body & Face Plate Chrome Plated) with Rubit Cleaning System Hand Showers 55 1/2"" BSP Ø 180 ½""BSP 532 01 15° Ø105","Active product with no variants — cannot be priced or bought",""
"review","no-variant","OHS-1779","jaquar-overhead-shower-120mm-round-shape-multi-flow-with-cascade-effect-abs-body-chrome-plated-with-gray-face-plate-with-rubit-cleaning-system-022-psb-1-2-01-ohs-1779","Overhead Shower ø120mm Round Shape Multi Flow with Cascade Effect (ABS Body Chrome Plated with Gray Face Plate) with Rubit Cleaning System 022 PSB""½ 01","Active product with no variants — cannot be priced or bought",""
"review","no-variant","OHS-1787","jaquar-overhead-shower-100mm-cylindrical-shape-multi-flow-rain-massage-mist-chrome-plated-abs-body-with-gray-face-plate-with-rubit-cleaning-system-1-2-bsp-57-1-2-bsp-120-57-120-ohs-1787","Overhead Shower ø100mm Cylindrical Shape Multi Flow (Rain, Massage & Mist), Chrome Plated (ABS Body with Gray Face Plate) with Rubit Cleaning System ½""BSP 57 ½""BSP Ø120 57 Ø120","Active product with no variants — cannot be priced or bought",""
"review","no-variant","OHS-1789","jaquar-overhead-shower-120mm-round-shape-single-flow-abs-body-chrome-plated-with-gray-face-plate-with-rubit-cleaning-system-190-ohs-1789","Overhead Shower ø120mm Round Shape Single Flow (ABS Body Chrome Plated with Gray Face Plate) with Rubit Cleaning System Ø190","Active product with no variants — cannot be priced or bought",""
"review","no-variant","OHS-1799","jaquar-overhead-shower-120mm-round-shape-multi-flow-abs-body-chrome-plated-with-gray-face-plate-with-rubit-cleaning-system-showers-single-flow-hand-showers-ohs-1799","Overhead Shower ø120mm Round Shape Multi Flow (ABS Body Chrome Plated with Gray Face Plate) with Rubit Cleaning System Showers | Single Flow Hand Showers","Active product with no variants — cannot be priced or bought",""
"review","no-variant","OHS-1801","jaquar-single-overhead-shower-150mm-round-shape-single-plate-flow-brass-body-chrome-plated-with-gray-face-plate-with-self-cleaning-function-205x100-63-f-w-in-a-i-l-s-l-hedm-m-a-in-x-2-4-8-0-1-2-bsp-25-1-2-bsp-891-180-ohs-1801","Single Overhead Shower ø150mm Round Shape Single Plate Flow (Brass Body Chrome Plated with Gray Face Plate) with Self Cleaning Function 205x100 63 F W in a i l s l hedM M a in x 2 4 8 0 1/2""BSP 25 ½""BSP 891 Ø180","Active product with no variants — cannot be priced or bought",""
"review","no-variant","OHS-1843","jaquar-victorian-shower-head-round-200mm-bell-type-single-flow-body-face-plate-brass-with-chrome-plated-with-rubit-cleaning-system-ohs-1843","Victorian Shower Head Round ø200mm (Bell Type) Single Flow (Body & Face Plate Brass with Chrome Plated) with Rubit Cleaning System","Active product with no variants — cannot be priced or bought",""
"review","no-variant","OHS-1989","jaquar-overhead-shower-100mm-round-shape-single-flow-abs-body-chrome-plated-with-gray-face-plate-with-rubit-cleaning-system-1-2-bsp-120-07-1-2-bsp-26-180-ohs-1989","Overhead Shower ø100mm Round Shape Single Flow (ABS Body Chrome Plated with Gray Face Plate) with Rubit Cleaning System ½""BSP Ø120 07 ½""BSP 26 Ø180","Active product with no variants — cannot be priced or bought",""
"review","no-variant","OHS-1999","jaquar-overhead-shower-100mm-round-shape-multi-flow-abs-body-chrome-plated-with-gray-face-plate-with-rubit-cleaning-system-ohs-1999","Overhead Shower ø100mm Round Shape Multi Flow (ABS Body Chrome Plated with Gray Face Plate) with Rubit Cleaning System","Active product with no variants — cannot be priced or bought",""
"review","no-variant","OHS-35495","jaquar-overhead-shower-150x150mm-squarel-shape-single-flow-abs-body-chrome-plated-with-gray-face-plate-with-rubit-cleaning-system-ohs-35495","Overhead Shower 150X150mm Squarel Shape Single Flow (ABS Body Chrome Plated with Gray Face Plate) with Rubit Cleaning System","Active product with no variants — cannot be priced or bought",""
"review","price-in-name","OHS-35497","jaquar-overhead-shower-200x200mm-square-shape-flow-abs-body-chrome-plated-with-gray-face-with-rubit-cleaning-system-60-150-170-555-205-ohs-35497","Overhead Shower 200X200mm Square Shape Flow (ABS Body Chrome Plated with Gray Face with Rubit Cleaning System 60 150 170 555 205","Looks like a price or a model number in the title: 150, 170, 555, 205",""
"review","no-variant","OHS-35497","jaquar-overhead-shower-200x200mm-square-shape-flow-abs-body-chrome-plated-with-gray-face-with-rubit-cleaning-system-60-150-170-555-205-ohs-35497","Overhead Shower 200X200mm Square Shape Flow (ABS Body Chrome Plated with Gray Face with Rubit Cleaning System 60 150 170 555 205","Active product with no variants — cannot be priced or bought",""
"review","no-variant","OHS-497N","jaquar-276-overhead-shower-190mm-round-shape-single-flow-abs-body-chrome-plated-with-gray-face-plate-with-rubit-cleaning-system-ohs-497n","276 Overhead Shower ø190mm Round Shape Single Flow (ABS Body Chrome Plated with Gray Face Plate) with Rubit Cleaning System","Active product with no variants — cannot be priced or bought",""
"review","no-variant","OHS-85857","jaquar-alive-maze-prime-single-function-shower-450-aisi-304-stainless-steel-in-chrome-fi-nish-with-rgb-light-remote-control-installation-kit-for-false-ceiling-chromo-therapy-rgb-led-x-0-23w-with-12v-supply-smps-including-controller-connecting-100-240v-50-60hz-registered-design-no","Alive- Maze Prime Single Function Shower 450 AISI 304 stainless steel in chrome fi nish with RGB light remote control & installation kit for false ceiling • Chromo therapy (RGB): LED x 0.23W with 12V Supply (SMPS) including Controller, connecting 100-240V, 50-60Hz Registered design no.276014","Active product with no variants — cannot be priced or bought",""
"review","price-in-name","OHS-85859M","jaquar-alive-maze-overhead-shower-200x300mm-round-edge-rectangular-head-single-flow-body-face-plate-stainless-steel-with-chrome-finish-with-rubit-system-cleaning-system-registered-design-no-276014-279-1-2-bsp-54-022-340-ohs-85859m","Alive Maze Overhead Shower 200X300mm Round Edge & Rectangular Head Single Flow (Body & Face Plate Stainless Steel with Chrome finish) with Rubit System Cleaning System Registered design no.276014 279 1/2""BSP 54 022 340","Looks like a price or a model number in the title: 022, 340",""
"review","no-variant","OHS-85859M","jaquar-alive-maze-overhead-shower-200x300mm-round-edge-rectangular-head-single-flow-body-face-plate-stainless-steel-with-chrome-finish-with-rubit-system-cleaning-system-registered-design-no-276014-279-1-2-bsp-54-022-340-ohs-85859m","Alive Maze Overhead Shower 200X300mm Round Edge & Rectangular Head Single Flow (Body & Face Plate Stainless Steel with Chrome finish) with Rubit System Cleaning System Registered design no.276014 279 1/2""BSP 54 022 340","Active product with no variants — cannot be priced or bought",""
"review","price-in-name","ONS-WHT-10953NBIUF","jaquar-close-slim-seat-cover-for-10853s300ufsm-3-200-close-slim-seat-cover-for-10753p180ufsm-10753ns250ufsm-10955p180ufsm-15851s300ufsm-3-200-ons-wht-10953nbiuf","CLOSE SLIM SEAT COVER FOR 10853S300UFSM 3,200 CLOSE SLIM SEAT COVER FOR 10753P180UFSM, 10753NS250UFSM, 10955P180UFSM, 15851S300UFSM 3,200","Looks like a price or a model number in the title: 3,200, 3,200",""
"review","no-variant","ONS-WHT-10953NBIUF","jaquar-close-slim-seat-cover-for-10853s300ufsm-3-200-close-slim-seat-cover-for-10753p180ufsm-10753ns250ufsm-10955p180ufsm-15851s300ufsm-3-200-ons-wht-10953nbiuf","CLOSE SLIM SEAT COVER FOR 10853S300UFSM 3,200 CLOSE SLIM SEAT COVER FOR 10753P180UFSM, 10753NS250UFSM, 10955P180UFSM, 15851S300UFSM 3,200","Active product with no variants — cannot be priced or bought",""
"review","price-in-name","ONS-WHT-10961BIUFSMTL","jaquar-close-seat-cover-for-ops-wht-15953biufpm-15753p180ufpmz-15953biufpm-4-150-closing-seat-cover-for-15851s-3-800-close-seat-cover-for-ops-wht-15953biufpm-15753p180ufpmz-15953biufpm-3-900-ons-wht-10961biufsmtl","CLOSE SEAT COVER FOR OPS WHT-15953BIUFPM, 15753P180UFPMZ, 15953BIUFPM 4,150 CLOSING SEAT COVER FOR 15851S 3,800 CLOSE SEAT COVER FOR OPS WHT-15953BIUFPM, 15753P180UFPMZ, 15953BIUFPM 3,900","Looks like a price or a model number in the title: 4,150, 3,800, 3,900",""
"review","no-variant","ONS-WHT-10961BIUFSMTL","jaquar-close-seat-cover-for-ops-wht-15953biufpm-15753p180ufpmz-15953biufpm-4-150-closing-seat-cover-for-15851s-3-800-close-seat-cover-for-ops-wht-15953biufpm-15753p180ufpmz-15953biufpm-3-900-ons-wht-10961biufsmtl","CLOSE SEAT COVER FOR OPS WHT-15953BIUFPM, 15753P180UFPMZ, 15953BIUFPM 4,150 CLOSING SEAT COVER FOR 15851S 3,800 CLOSE SEAT COVER FOR OPS WHT-15953BIUFPM, 15753P180UFPMZ, 15953BIUFPM 3,900","Active product with no variants — cannot be priced or bought",""
"review","no-variant","OPP-15065NKPM","jaquar-single-lever-exposed-parts-kit-of-diverter-consisting-operating-lever-wall-flange-with-seals-button-compatible-with-item-ald-065n-88-opp-15065nkpm","Single Lever Exposed Parts Kit of Diverter Consisting Operating Lever, Wall Flange (with Seals) & Button (Compatible with Item ALD-065N) 88","Active product with no variants — cannot be priced or bought",""
"review","no-variant","OPP-15193KPM","jaquar-single-lever-3-inlet-diverter-exposed-parts-kit-operating-lever-wall-flange-button-only-suitable-for-item-ald-193-telni-dloc-psb-2-1-telni-toh-psb-2-1-058-51-48-front-opp-15193kpm","Single Lever 3-Inlet Diverter Exposed Parts Kit Operating Lever, Wall Flange & Button Only (Suitable For Item ALD-193) telnI dloC PSB ""2/1 telnI toH PSB ""2/1 058 51 Ø48 FRONT","Active product with no variants — cannot be priced or bought",""
"review","no-variant","OPP-15661KPM","jaquar-aquamax-exposed-part-kit-of-thermostatic-shower-mixer-suitable-for-ald-661-105-diverter-handle-thermostate-handle-wall-flange-092-8-66-66-ii-i-iii-off-38-54-54-opp-15661kpm","Aquamax Exposed Part Kit of Thermostatic Shower Mixer (Suitable for ALD-661) 105 DIVERTER HANDLE THERMOSTATE HANDLE WALL FLANGE 092 8 66 66 II I III OFF 38° 54Ø 54Ø","Active product with no variants — cannot be priced or bought",""
"review","no-variant","OPP-15681KPM","jaquar-aquamax-exposed-part-with-2-way-diverter-opp-15681kpm","Aquamax Exposed Part with 2-way diverter","Active product with no variants — cannot be priced or bought",""
"review","no-variant","OPP-15683KPM","jaquar-91-aquamax-exposed-part-kit-of-thermostatic-shower-mixer-with-3-way-diverter-suitable-for-ald-683-opp-15683kpm","91 Aquamax Exposed Part Kit of Thermostatic Shower Mixer with 3-way diverter (Suitable for ALD-683)","Active product with no variants — cannot be priced or bought",""
"review","no-variant","OPP-15783KPM","jaquar-consisting-of-aquamax-exposed-part-kit-of-single-lever-shower-mixer-with-3-way-diverter-suitable-for-ald-783-single-lever-bidet-112-011-07-30-63-573-52-1-2-bsp-1-2-bsp1-1-4-bsp-max-180-06-nim-dednemmocer-021-xam-061-otpu-og-nac-ti-5101-220-130-50-100-0711-1-2-bsp-1-2-bsp-o","Consisting of Aquamax Exposed Part Kit of Single Lever Shower Mixer with 3-way diverter (Suitable for ALD-783) Single Lever | Bidet 112 011 07 30° Ø63 573 Ø52 1/2""BSP 1/2""BSP1-1/4""BSP Max. 180 06.niM )dednemmocer( 021 .xaM 061 otpu og nac ti 5101 220 Ø130 50 100 0711 1/2""BSP 1/2"" BSP","Active product with no variants — cannot be priced or bought",""
"review","price-in-name","OPS-WHT-15961BIUFSMTL","jaquar-close-seat-cover-for-ops-wht-15953biufpm-15753p180ufpmz-15953biufpm-3-900-close-seat-cover-for-ops-wht-15953biufpm-15753p180ufpmz-15953biufpm-3-900-close-seat-cover-for-ops-wht-15953biufpm-15753p180ufpmz-15953biufpm-3-900-ops-wht-15961biufsmtl","CLOSE SEAT COVER FOR OPS WHT-15953BIUFPM, 15753P180UFPMZ, 15953BIUFPM 3,900 CLOSE SEAT COVER FOR OPS WHT-15953BIUFPM, 15753P180UFPMZ, 15953BIUFPM 3,900 CLOSE SEAT COVER FOR OPS WHT-15953BIUFPM, 15753P180UFPMZ, 15953BIUFPM 3,900","Looks like a price or a model number in the title: 3,900, 3,900, 3,900",""
"review","no-variant","OPS-WHT-15961BIUFSMTL","jaquar-close-seat-cover-for-ops-wht-15953biufpm-15753p180ufpmz-15953biufpm-3-900-close-seat-cover-for-ops-wht-15953biufpm-15753p180ufpmz-15953biufpm-3-900-close-seat-cover-for-ops-wht-15953biufpm-15753p180ufpmz-15953biufpm-3-900-ops-wht-15961biufsmtl","CLOSE SEAT COVER FOR OPS WHT-15953BIUFPM, 15753P180UFPMZ, 15953BIUFPM 3,900 CLOSE SEAT COVER FOR OPS WHT-15953BIUFPM, 15753P180UFPMZ, 15953BIUFPM 3,900 CLOSE SEAT COVER FOR OPS WHT-15953BIUFPM, 15753P180UFPMZ, 15953BIUFPM 3,900","Active product with no variants — cannot be priced or bought",""
"review","no-variant","ORP-10065NKPM","jaquar-single-lever-exposed-parts-kit-of-diverter-consisting-operating-lever-wall-flange-with-seals-button-compatible-with-item-ald-065n-96-orp-10065nkpm","Single Lever Exposed Parts Kit of Diverter Consisting Operating Lever, Wall Flange (with Seals) & Button (Compatible with Item ALD-065N) 96","Active product with no variants — cannot be priced or bought",""
"review","no-variant","ORP-10193KPM","jaquar-single-lever-3-inlet-divertor-exposed-parts-kit-of-operating-lever-wall-flange-button-only-suitable-item-ald-193-telni-dloc-psb-2-1-telni-toh-psb-2-1-058-220-130-51-50-100-48-front-1-2-bsp-orp-10193kpm","Single Lever 3-inlet Divertor Exposed parts kit of Operating Lever, Wall Flange & Button Only (Suitable Item ALD-193) telnI dloC PSB ""2/1 telnI toH PSB ""2/1 058 220 Ø130 51 50 100 Ø48 FRONT 1/2"" BSP","Active product with no variants — cannot be priced or bought",""
"review","no-variant","ORP-10661KPM","jaquar-aquamax-exposed-part-kit-of-thermostatic-shower-mixer-suitable-for-ald-661-105-diverter-handle-thermostate-handle-wall-flange-092-8-09-54-ii-i-iii-off-38-45-orp-10661kpm","Aquamax Exposed Part Kit of Thermostatic Shower Mixer (Suitable for ALD-661) 105 DIVERTER HANDLE THERMOSTATE HANDLE WALL FLANGE 092 8 09 54 II I III OFF 38° Ø45","Active product with no variants — cannot be priced or bought",""
"review","no-variant","ORP-10681KPM","jaquar-aquamax-exposed-part-with-2-way-diverter-orp-10681kpm","Aquamax Exposed Part with 2-way diverter","Active product with no variants — cannot be priced or bought",""
"review","no-variant","ORP-10683KPM","jaquar-99-aquamax-exposed-part-kit-of-thermostatic-shower-mixer-with-3-way-diverter-suitable-for-ald-683-orp-10683kpm","99 Aquamax Exposed Part Kit of Thermostatic Shower Mixer with 3-way diverter (Suitable for ALD-683)","Active product with no variants — cannot be priced or bought",""
"review","no-variant","ORP-10783KPM","jaquar-consisting-aquamax-exposed-part-kit-of-single-lever-shower-mixer-for-with-3-way-diverter-suitable-for-ald-783-single-lever-bidet-573-1-1-4-bsp-max-180-07-110-511-30-52-63-1-2-bsp-1-2-bsp-06-nim-dednemm-ocer-021-xam-061-otpu-og-nac-ti-5101-0711-1-2-bsp-orp-10783kpm","Consisting Aquamax Exposed Part Kit of Single Lever Shower Mixer For with 3-way diverter (Suitable for ALD-783) Single Lever | Bidet 573 1-¼""BSP Max. 180 07 110 511 30° Ø52 Ø63 ½""BSP ½""BSP 06.niM )dednemm ocer( 021 .xaM 061 otpu og nac ti 5101 0711 1/2""BSP","Active product with no variants — cannot be priced or bought",""
"review","missing-image","PIPSUPYTELWOUU","supreme-y-tee-pvc-pipsupytelwouu","Y Tee PVC","No Quoin image; a source URL exists but is gated behind SHOW_SOURCE_IMAGES",""
"review","missing-image","PQ7RC","ebco-ebco-eurolift-bi-fold-door-system-soft-close-anthracite-pq7rc","Ebco Eurolift Bi-Fold Door System, Soft Close, Anthracite","No Quoin image; a source URL exists but is gated behind SHOW_SOURCE_IMAGES",""
"review","no-variant","PTD-SAP-DT0106CSN","jaquar-capacity-400-600-c-z-towels-material-aisi-304-stainless-steel-finish-satin-10-ptd-sap-dt0106csn","Capacity: 400-600 C/Z towels Material: AISI 304 stainless steel Finish: satin 10","Active product with no variants — cannot be priced or bought",""
"review","no-variant","QQP-7053PM","jaquar-angular-stop-cock-with-wall-flange-qqp-7053pm","Angular Stop Cock with Wall Flange","Active product with no variants — cannot be priced or bought",""
"review","no-variant","QQP-7065NKPM","jaquar-single-lever-exposed-parts-kit-of-diverter-consisting-of-operating-lever-wall-flange-with-seals-button-only-compatible-with-item-ald-065n-091-22-operating-lever-button-52-70-button-sleeve-26-sleeve-06-170-1-0-150-130-1-0-1-2-bsp-70-1-2-bsp-27-53-251-qqp-7065nkpm","Single Lever Exposed Parts Kit of Diverter Consisting of Operating Lever, Wall Flange (with Seals) & Button Only (Compatible with Item ALD-065N) 091 Ø22 OPERATING LEVER BUTTON 52 70 BUTTON SLEEVE 26Ø SLEEVE 06Ø 170 ± 1.0 150 130 ± 1.0 1/2"" BSP Ø70 1/2"" BSP 27 53 251","Active product with no variants — cannot be priced or bought",""
"review","no-variant","QQP-7083KPM","jaquar-exposed-part-kit-of-concealed-stop-cock-flush-fitting-sleeve-operating-lever-adjustable-wall-compatible-with-ald-083-ald-089-ald-081-spj-chr-7463pm-bath-tub-spout-with-button-attachment-for-hand-with-wall-flange-psb-2-1-07x58-22-83-wall-flange-qqp-7083kpm","Exposed Part Kit of Concealed Stop Cock & Flush Fitting Sleeve, Operating Lever & Adjustable Wall (compatible with ALD-083, ALD-089 & ALD-081) SPJ-CHR-7463PM Bath Tub Spout with Button attachment for Hand with Wall Flange PSB ""2/1 07x58 22 83 + WALL FLANGE","Active product with no variants — cannot be priced or bought",""
"review","no-variant","QQP-7661KPM","jaquar-aquamax-exposed-part-kit-of-thermostatic-shower-compatible-with-ald-661-at-3-bar-pressure-qqp-7661kpm","Aquamax Exposed Part Kit of Thermostatic Shower (Compatible with ALD-661) *at 3 bar pressure","Active product with no variants — cannot be priced or bought",""
"review","no-variant","QQP-7681KPM","jaquar-mixer-aquamax-exposed-part-kit-of-thermostatic-shower-mixer-with-2-way-diverter-compatible-with-ald-681-57-qqp-7681kpm","Mixer Aquamax Exposed Part Kit of Thermostatic Shower Mixer with 2-way diverter (Compatible with ALD-681) 57","Active product with no variants — cannot be priced or bought",""
"review","no-variant","QQP-7683KPM","jaquar-shower-aquamax-exposed-part-kit-of-thermostatic-shower-mixer-with-3-way-diverter-compatible-with-ald-683-105-092-105-diverter-handle-38-thermostate-handle-092-0-i-ii-diverter-handle-38-thermostate-handle-wall-flange-qqp-7683kpm","Shower Aquamax Exposed Part Kit of Thermostatic Shower Mixer with 3-way diverter (Compatible with ALD-683) 105 092 105 DIVERTER HANDLE 38° THERMOSTATE HANDLE 092 0 I II DIVERTER HANDLE 38° + THERMOSTATE HANDLE WALL FLANGE","Active product with no variants — cannot be priced or bought",""
"review","no-variant","SDR-BLC-DJ0160ASN","jaquar-capacity-0-8l-material-aluminium-abs-finish-chrome-black-10-for-specially-abled-stainless-steel-sdr-blc-dj0160asn","Capacity: 0.8L Material: aluminium/ABS Finish: chrome/black 10 for Specially Abled Stainless Steel","Active product with no variants — cannot be priced or bought",""
"review","no-variant","SDR-WHT-DJ0010FN","jaquar-capacity-0-8l-material-abs-finish-white-smoked-10-soap-dispenser-automatic-4-000-sdr-wht-dj0010fn","Capacity: 0.8L Material: ABS Finish: white/smoked 10 Soap Dispenser - Automatic","Active product with no variants — cannot be priced or bought",""
"review","no-variant","SHA-1183","jaquar-sliding-rail-700x30x10mm-flat-shape-with-hand-shower-holder-53-24-006-45-sha-1183","Sliding Rail 700X30X10mm Flat Shape with Hand Shower Holder 53Ø Ø24 006 45","Active product with no variants — cannot be priced or bought",""
"review","no-variant","SHA-1187N","jaquar-sliding-rail-19mm-600mm-long-round-shape-with-hand-shower-holder-soap-dish-006-04-50-125-soap-dish-541-sha-1187n","Sliding Rail ø19mm & 600mm Long Round Shape with Hand Shower Holder & Soap Dish 006 04Ø 50 125 SOAP DISH 541","Active product with no variants — cannot be priced or bought",""
"review","no-variant","SHA-1189N","jaquar-290-sliding-rail-24mm-600mm-long-round-shape-shower-holder-soap-dish-sha-1189n","290 Sliding Rail ø24mm & 600mm Long Round Shape Shower Holder & Soap Dish","Active product with no variants — cannot be priced or bought",""
"review","no-variant","SHA-1195R","jaquar-wall-outlet-30mm-40mm-long-round-shape-thread-to-connect-hand-shower-pipe-flange-sha-1195r","Wall Outlet ø30mm, 40mm Long Round Shape Thread to Connect Hand Shower Pipe & Flange","Active product with no variants — cannot be priced or bought",""
"review","no-variant","SHA-1195S","jaquar-ceiling-mounted-wall-outlet-35x25x25mm-square-shape-with-15mm-thread-to-connect-hand-shower-pipe-flange-shower-tubes-45-28-82-1-bsp-23-1-2-bsp-1-2-bs-p-1-5-meter-long-sha-1195s","Ceiling Mounted Wall Outlet 35X25X25mm Square Shape with 15mm Thread to Connect Hand Shower Pipe & Flange Shower Tubes 45 28 82 1” BSP 23Ø ½” BSP ½” BS P 1.5 meter long","Active product with no variants — cannot be priced or bought",""
"review","no-variant","SHA-1197N","jaquar-sliding-rail-19mm-600mm-long-round-shape-with-hand-shower-holder-with-hand-sha-1197n","Sliding Rail ø19mm & 600mm Long Round Shape with Hand Shower Holder with Hand","Active product with no variants — cannot be priced or bought",""
"review","no-variant","SHA-1199N","jaquar-sliding-rail-24mm-600mm-long-round-shape-with-hand-shower-holder-291-sha-1199n","Sliding Rail ø24mm & 600mm Long Round Shape with Hand Shower Holder 291","Active product with no variants — cannot be priced or bought",""
"review","no-variant","SHA-1211N","jaquar-exposed-shower-pipe-l-type-in-round-shape-20mm-size-l-type-1120x410mm-for-connecting-overhead-shower-sliding-0-5m-shower-1-2-bsp-56-458-5421-0041-0511-350-30o-3-4-bsp-0501-1-2-bsp-bsp-350-07-sha-1211n","Exposed Shower Pipe L-Type in Round Shape 20mm, Size L-Type 1120X410mm (for Connecting Overhead Shower) Sliding 0.5M Shower ½”BSP 56Ø 458 5421 0041~ 0511 350 30º ¾”BSP 0501 1/2"" BSP BSP 350 07","Active product with no variants — cannot be priced or bought",""
"review","no-variant","SHA-1211NH","jaquar-exposed-shower-pipe-with-hand-shower-holder-round-shape-20mm-size-1120x410mm-for-overhead-shower-sliding-holder-for-hand-shower-sha-1211nh","Exposed Shower Pipe with Hand Shower Holder, Round Shape 20mm, Size 1120X410mm (for Overhead Shower & Sliding Holder for Hand Shower)","Active product with no variants — cannot be priced or bought",""
"review","no-variant","SHA-1213","jaquar-exposed-shower-pipe-for-wall-mixer-round-shape-25mm-l-type-in-size-1050x350mm-with-provision-to-adjust-height-upto-connecting-250mm-with-wall-bracket-for-connection-to-overhead-shower-sliding-holder-for-hand-shower-289-sha-1213","Exposed Shower Pipe For Wall Mixer Round Shape ø25mm, L-Type in Size 1050X350mm with Provision to Adjust Height Upto Connecting 250mm with Wall Bracket (for Connection to Overhead Shower & Sliding Holder for Hand Shower) 289","Active product with no variants — cannot be priced or bought",""
"review","no-variant","SHA-1217NR","jaquar-exposed-shower-pipe-with-provision-for-simultaneous-working-of-showers-with-operating-diverter-knob-in-round-shape-20mm-size-1120x410mm-with-holder-for-hand-shower-wall-bracket-8mm-dia-long-flexible-tube-for-connection-to-exposed-mixer-without-showers-3-4-05-20-min-62-max-","Exposed Shower Pipe with Provision for Simultaneous Working of Showers with Operating Diverter Knob, in Round Shape ø20mm, Size 1120X410mm with Holder for Hand Shower, Wall Bracket & 8mm dia, Long Flexible Tube (for connection to Exposed Mixer) Without Showers 3/4"" 05Ø Ø20 MIn. 62 Max. 70","Active product with no variants — cannot be priced or bought",""
"review","no-variant","SHA-455L400","jaquar-shower-arm-400x25x25mm-square-shape-for-wall-mounted-showers-with-flange-shape-with-90-also-available-sha-455l400","Shower Arm 400X25X25mm Square Shape for Wall Mounted Showers with Flange Shape with 90˚ Also available","Active product with no variants — cannot be priced or bought",""
"review","no-variant","SHA-455L600","jaquar-shape-with-90-shower-arm-600x25x25mm-square-shape-for-wall-mounted-showers-with-flange-sha-455l600","Shape with 90˚ Shower Arm 600X25X25mm Square Shape for Wall Mounted Showers with Flange","Active product with no variants — cannot be priced or bought",""
"review","no-variant","SHA-457L200","jaquar-shower-arm-200x25x25mm-square-shape-for-showers-with-flange-psb-1-55-20-sha-457l200","Shower Arm 200X25X25mm Square Shape for Showers with Flange PSB ”1 55Ø 20","Active product with no variants — cannot be priced or bought",""
"review","no-variant","SHA-475L100","jaquar-shower-arm-20mm-100mm-long-round-shape-for-ceiling-mounted-showers-with-flange-round-shape-also-available-sha-475l100","Shower Arm ø20mm & 100mm Long Round Shape for Ceiling Mounted Showers with Flange Round Shape Also available","Active product with no variants — cannot be priced or bought",""
"review","no-variant","SHA-475L280","jaquar-shower-arm-20mm-280mm-long-round-shape-for-ceiling-mounted-showers-with-flange-also-available-sha-475l280","Shower Arm ø20mm & 280mm Long Round Shape for Ceiling Mounted Showers with Flange Also available","Active product with no variants — cannot be priced or bought",""
"review","no-variant","SHA-475L450","jaquar-450mm-long-wall-outlet-1-2-bsp-sq-50-sq-25-20-28-psb-1-2-1-2-bsp-82-45-05-qs-05-qs-sha-475l450","450mm Long Wall Outlet ½” BSP Sq.50 Sq.25 20 28 PSB ”½ ½” BSP 82 45 05.qS 05.qS","Active product with no variants — cannot be priced or bought",""
"review","no-variant","SHA-477","jaquar-shower-arm-casted-190mm-long-light-body-for-wall-mounted-showers-with-flange-ps-b-1-2-25-07-sha-477","Shower Arm Casted 190mm Long Light Body for Wall Mounted Showers with Flange PS B ”½ 25 07Ø","Active product with no variants — cannot be priced or bought",""
"review","no-variant","SHA-479L300S","jaquar-shower-arm-20mm-300mm-long-round-bend-for-wall-mounted-showers-with-stainless-sha-479l300s","Shower Arm ø20mm & 300mm Long Round Bend for Wall Mounted Showers with Stainless","Active product with no variants — cannot be priced or bought",""
"review","no-variant","SHA-479L450","jaquar-shower-arm-20mm-450mm-long-round-bend-for-wall-mounted-showers-with-flange-sha-479l450","Shower Arm ø20mm & 450mm Long Round Bend for Wall Mounted Showers with Flange","Active product with no variants — cannot be priced or bought",""
"review","no-variant","SHA-479L600","jaquar-shower-arm-20mm-600mm-long-round-bend-for-wall-mounted-showers-with-flange-292-sha-479l600","Shower Arm ø20mm & 600mm Long Round Bend for Wall Mounted Showers with Flange 292","Active product with no variants — cannot be priced or bought",""
"review","no-variant","SHA-483","jaquar-round-shape-shower-arm-casted-190mm-long-flat-shape-for-wall-mounted-showers-with-flange-120-53-1-2-bs-p-40-1-2-bsp-1-2-bsp-70-20-455-sha-483","Round Shape Shower Arm Casted 190mm Long Flat Shape for Wall Mounted Showers with Flange 120 53 ½” BS P 40° 1/2""BSP 1/2""BSP Ø70 20 455","Active product with no variants — cannot be priced or bought",""
"review","no-variant","SHA-485","jaquar-victorian-shower-arm-20mm-480mm-long-wall-mounted-with-flange-502-21-51-sha-485","Victorian Shower Arm ø20mm & 480mm Long Wall Mounted with Flange 502 21 51","Active product with no variants — cannot be priced or bought",""
"review","no-variant","SHA-487","jaquar-shower-arm-casted-120mm-long-heavy-body-for-wall-mounted-showers-with-wall-flange-20-07-psb-1-2-sha-487","Shower Arm Casted 120mm Long Heavy Body for Wall Mounted Showers with Wall Flange 20 07Ø PSB ”½","Active product with no variants — cannot be priced or bought",""
"review","no-variant","SHA-49483","jaquar-shape-with-90-85x85-erauqs-52-23-405-06-21-1-2-bs-p-ps-b-1-2-shower-arm-straight-20mm-450mm-long-round-shape-without-bend-for-wall-mounted-showers-with-flange-10-605-56-1-2-bsp-sha-49483","Shape with 90˚ 85x85 erauqS 52 23 405 06 21 ½” BS P PS B ”½ Shower Arm Straight ø20mm & 450mm Long Round Shape without Bend for Wall Mounted Showers with Flange 10 605 56 ½” BSP","Active product with no variants — cannot be priced or bought",""
"review","no-variant","SHA-549D12","jaquar-flexible-tube-with-12mm-dia-1-5m-long-with-nuts-293-sha-549d12","Flexible Tube with 12mm dia & 1.5M Long with Nuts 293","Active product with no variants — cannot be priced or bought",""
"review","no-variant","SHA-549D8","jaquar-flexible-tube-8mm-dia-1-5m-long-with-nuts-with-15mm-also-available-sha-549d8","Flexible Tube 8mm dia & 1.5M Long with Nuts with 15mm Also available","Active product with no variants — cannot be priced or bought",""
"review","no-variant","SHA-555","jaquar-premium-wall-bracket-for-hand-shower-35mm-100mm-nuts-long-round-shape-65-1-2-bsp-65-25-35-ps-b-1-2-1-2-bs-p-05-qs-sha-555","Premium Wall Bracket for Hand Shower, ø35mm & 100mm Nuts Long Round Shape 65 ½” BSP 65 25 35 PS B ”½ ½” BS P 05.qS","Active product with no variants — cannot be priced or bought",""
"review","no-variant","SHA-566R","jaquar-wall-outlet-with-shower-hook-in-round-shape-294-sha-566r","Wall Outlet with Shower Hook in Round Shape 294","Active product with no variants — cannot be priced or bought",""
"review","no-variant","SHA-566S","jaquar-wall-outlet-with-shower-hook-in-square-shape-sha-566s","Wall Outlet with Shower Hook in Square Shape","Active product with no variants — cannot be priced or bought",""
"review","no-variant","SHA-571","jaquar-easy-flex-tube-in-chrome-finish-1-5m-long-with-wall-outlet-with-shower-hook-psb-1-2-55-25-35-sha-571","Easy Flex Tube in Chrome Finish 1.5m Long with Wall Outlet with Shower Hook PSB ”½ 55Ø 25 35","Active product with no variants — cannot be priced or bought",""
"review","missing-image","SHP-SSF-SPMYHOME","jaquar-without-thermostat-mixer-in-stainsless-steel-mirror-finish-material-stainless-steel-grade-304-single-lever-diverter-hand-shower-optional-spout-mirror-finish-ss-body-movable-overhead-shower-only-shp-ssf-spmyhome","Without Thermostat Mixer In Stainsless Steel Mirror Finish Material Stainless steel Grade: 304 • Single Lever Diverter Hand shower (optional) • Spout • Mirror finish SS body Movable overhead shower only","No image of any kind — renders the 'photo coming soon' tile",""
"review","no-variant","SLS-WHT-6953BIUFSMN","jaquar-rimless-blind-installation-wall-hinges-and-accessories-set-size-360x375x520-mm-without-sls-wht-6953biufsmn","Rimless, Blind Installation Wall Hinges and Accessories Set, Size: 360x375x520 mm (Without","Active product with no variants — cannot be priced or bought",""
"review","no-variant","SOL-6053","jaquar-angular-stop-cock-with-flange-164-sol-6053","Angular Stop Cock with Flange 164","Active product with no variants — cannot be priced or bought",""
"review","no-variant","SOL-6065NK","jaquar-consisting-single-lever-exposed-parts-kit-of-diverter-consisting-of-with-operating-lever-wall-flange-with-seals-button-only-compatible-with-item-ald-065n-157-sol-6065nk","Consisting Single Lever Exposed Parts Kit of Diverter Consisting of (with Operating Lever, Wall Flange (with Seals) & Button Only (Compatible with Item ALD-065N) 157","Active product with no variants — cannot be priced or bought",""
"review","no-variant","SOL-6075K","jaquar-single-lever-exposed-parts-kit-of-divertor-consisting-operating-lever-wall-flange-with-seals-button-suitable-for-item-ald-075-sol-6075k","Single Lever Exposed Parts Kit of Divertor Consisting Operating Lever, Wall Flange (With Seals) & Button (Suitable For Item ALD-075)","Active product with no variants — cannot be priced or bought",""
"review","no-variant","SOL-6083K","jaquar-exposed-part-kit-of-fitting-sleeve-operating-seal-compatible-with-sol-6083k","Exposed Part Kit of Fitting Sleeve, Operating Seal (compatible with","Active product with no variants — cannot be priced or bought",""
"review","no-variant","SOL-6193K","jaquar-single-lever-3-inlet-divertor-exposed-parts-kit-operating-lever-wall-flange-button-only-suitable-for-item-ald-193-single-lever-kitchen-170-1-150-130-1-70-35-psb-2-1-60-sol-6193k","Single Lever 3-inlet Divertor Exposed parts kit Operating Lever, Wall Flange & Button Only (Suitable For Item ALD-193) Single Lever | Kitchen 170±1 150 130±1 Ø70 35 PSB”2/1 60","Active product with no variants — cannot be priced or bought",""
"review","no-variant","SOL-6231NK","jaquar-exposed-parts-kit-of-single-consisting-of-operating-lever-spout-two-wall-flanges-ald-235npso-single-lever-bath-44-handle-84-spout-spacer-sol-6231nk","Exposed Parts kit of Single Consisting of Operating Lever, Spout & Two Wall Flanges & ALD-235NPSO Single Lever | Bath & Ø44 HANDLE 84Ø SPOUT SPACER","Active product with no variants — cannot be priced or bought",""
"review","no-variant","SPJ-429","jaquar-continental-38-psb-2-1-bathtub-spout-with-wall-flange-spj-429","Continental 38 PSB ""2/1 Bathtub Spout with Wall Flange","Active product with no variants — cannot be priced or bought",""
"review","no-variant","SPJ-433","jaquar-florentine-35-psb-1-2-07-170-56-160-bathtub-spout-235mm-long-with-wall-flange-spj-433","Florentine 35 PSB""½ 07Ø 170 56 160 Bathtub Spout 235mm Long with Wall Flange","Active product with no variants — cannot be priced or bought",""
"review","no-variant","SPJ-463","jaquar-bathtub-spout-with-button-attachment-for-hand-psb-2-1-25-07-spj-463","Bathtub Spout with Button Attachment for Hand PSB ""2/1 25 07Ø","Active product with no variants — cannot be priced or bought",""
"review","no-variant","SPJ-5429S","jaquar-shower-bathtub-spout-with-wall-flange-stainless-steel-35-psb-1-2-07-1-2-bsp-95-170-56-80-225-spj-5429s","Shower Bathtub Spout with Wall Flange, Stainless Steel 35 PSB""½ 07Ø ½""BSP 95 170 56 80 225","Active product with no variants — cannot be priced or bought",""
"review","no-variant","SPJ-5443","jaquar-234-basin-spout-7-with-wall-flange-spj-5443","234 Basin Spout 7” with Wall Flange","Active product with no variants — cannot be priced or bought",""
"review","no-variant","SPJ-5447","jaquar-basin-spout-9-with-wall-flange-also-available-spj-5447","Basin Spout 9” with Wall Flange Also available","Active product with no variants — cannot be priced or bought",""
"review","no-variant","SPJ-5463","jaquar-bathtub-spout-with-button-attachment-for-hand-shower-with-wall-flange-spj-5463","Bathtub Spout with Button Attachment for Hand Shower with Wall Flange","Active product with no variants — cannot be priced or bought",""
"review","no-variant","TMV-WHT-V006","jaquar-rs-tmv-wht-v006","Rs","Active product with no variants — cannot be priced or bought",""
"review","no-variant","TMV-WHT-V010","jaquar-rs-tmv-wht-v010","Rs","Active product with no variants — cannot be priced or bought",""
"review","no-variant","TMV-WHT-V015","jaquar-rs-recommended-for-kitchen-bucket-baths-overhead-showers-tmv-wht-v015","Rs. Recommended for: Kitchen / Bucket Baths / Overhead Showers","Active product with no variants — cannot be priced or bought",""
"review","no-variant","TMV-WHT-V025","jaquar-briza-vertical-manual-product-specifications-details-briza-vertical-manual-volume-l-6-10-15-25-rated-wattage-2-kw-required-power-supply-v-hz-230-50-temperature-range-25oc-to-75oc-working-pressure-mpa-0-8-inlet-outlet-connection-inch-1-2-warranty-7-years-on-tank-4-years-on-","BRIZA VERTICAL (Manual) Product Specifications Details Briza Vertical (Manual) Volume (L) 6/10/15/25 Rated Wattage 2 kW Required Power Supply (V/Hz) 230/50 Temperature Range 25ºC to 75ºC Working Pressure (Mpa) 0.8 Inlet/Outlet Connection (Inch) 1/2 Warranty 7 Years on Tank 4 Years on Heating Element 2 Years on Other Parts Product Dimensions (in mm) W H D 6 Litres 340 361 294 10 Litres 380 410 320 15 Litres 425 440 348 Rs","Active product with no variants — cannot be priced or bought",""
"review","missing-image","TXQ7R","homerun-wipro-garnet-led-batten-cct-3-in-1-22w-txq7r","Wipro Garnet LED Batten CCT 3 in 1, 22W","No Quoin image; a source URL exists but is gated behind SHOW_SOURCE_IMAGES",""
"review","no-variant","VGP-81065NK","jaquar-consisting-single-lever-exposed-parts-kit-of-diverter-consisting-of-with-operating-lever-wall-flange-with-seals-button-only-compatible-with-item-ald-065n-571-116-06-51-operating-lever-52-70-button-sleeve-26-sleeve-vgp-81065nk","Consisting Single Lever Exposed Parts Kit of Diverter Consisting of (with Operating Lever, Wall Flange (with Seals) & Button Only (Compatible with Item ALD-065N) 571 116 06Ø 51Ø OPERATING LEVER 52 70 BUTTON SLEEVE 26Ø SLEEVE","Active product with no variants — cannot be priced or bought",""
"review","no-variant","VGP-81193K","jaquar-single-lever-3-inlet-divertor-exposed-parts-kit-consisting-of-operating-lever-wall-flange-button-only-suitable-for-item-ald-193-with-vgp-81193k","Single Lever 3-inlet Divertor Exposed parts kit Consisting of Operating Lever, Wall Flange & Button Only (Suitable For Item ALD-193) (with","Active product with no variants — cannot be priced or bought",""
"review","no-variant","VGP-81661K","jaquar-aquamax-exposed-part-kit-of-thermostatic-shower-with-2-way-diverter-suitable-for-ald-681-125-003-8-06-06-wall-flange-ii-i-iii-off-38-vgp-81661k","Aquamax Exposed Part Kit of Thermostatic Shower with 2-way diverter (Suitable for ALD-681) 125 003 8 06 06 WALL FLANGE II I III OFF 38°","Active product with no variants — cannot be priced or bought",""
"review","no-variant","VGP-81681K","jaquar-mixer-mixer-aquamax-exposed-part-kit-with-2-way-diverter-suitable-diverter-handle-thermostate-handle-54-54-vgp-81681k","Mixer Mixer Aquamax Exposed Part Kit with 2-way diverter (Suitable DIVERTER HANDLE THERMOSTATE HANDLE 54Ø 54Ø","Active product with no variants — cannot be priced or bought",""
"review","no-variant","VGP-81683K","jaquar-aquamax-exposed-part-kit-of-thermostatic-shower-with-3-way-diverter-suitable-for-ald-683-vgp-81683k","Aquamax Exposed Part Kit of Thermostatic Shower with 3-way diverter (Suitable for ALD-683)","Active product with no variants — cannot be priced or bought",""
"review","price-in-name","VGP-81783K","jaquar-aquamax-exposed-part-kit-of-single-lever-shower-with-3-way-diverter-suitable-for-ald-783-single-lever-bidet-511-573-vgp-81783k","Aquamax Exposed Part Kit of Single Lever Shower with 3-way diverter (Suitable for ALD-783) Single Lever | Bidet 511 573","Looks like a price or a model number in the title: 511, 573",""
"review","no-variant","VGP-81783K","jaquar-aquamax-exposed-part-kit-of-single-lever-shower-with-3-way-diverter-suitable-for-ald-783-single-lever-bidet-511-573-vgp-81783k","Aquamax Exposed Part Kit of Single Lever Shower with 3-way diverter (Suitable for ALD-783) Single Lever | Bidet 511 573","Active product with no variants — cannot be priced or bought",""
"review","no-variant","VGS-WHT-81103UF","jaquar-81753p180ufsmz-vgs-wht-81103uf","81753P180UFSMZ","Active product with no variants — cannot be priced or bought",""
"review","price-in-name","VGS-WHT-81953BIUFPM","jaquar-closing-seat-cover-for-81751s-81751p-1-630-close-slim-seat-cover-for-vgs-wht-81753s250ufsmz-15753np180ufsmz-4-550-15753ns250ufsmz-close-seat-cover-for-vgs-wht-81853s300b-81853p180b-6851s300uf-4-900-vgs-wht-81953biufpm","CLOSING SEAT COVER FOR 81751S, 81751P 1,630 CLOSE SLIM SEAT COVER FOR VGS-WHT-81753S250UFSMZ, 15753NP180UFSMZ, 4,550 15753NS250UFSMZ CLOSE SEAT COVER FOR VGS-WHT-81853S300B, 81853P180B, 6851S300UF 4,900","Looks like a price or a model number in the title: 1,630, 4,550, 4,900",""
"review","no-variant","VGS-WHT-81953BIUFPM","jaquar-closing-seat-cover-for-81751s-81751p-1-630-close-slim-seat-cover-for-vgs-wht-81753s250ufsmz-15753np180ufsmz-4-550-15753ns250ufsmz-close-seat-cover-for-vgs-wht-81853s300b-81853p180b-6851s300uf-4-900-vgs-wht-81953biufpm","CLOSING SEAT COVER FOR 81751S, 81751P 1,630 CLOSE SLIM SEAT COVER FOR VGS-WHT-81753S250UFSMZ, 15753NP180UFSMZ, 4,550 15753NS250UFSMZ CLOSE SEAT COVER FOR VGS-WHT-81853S300B, 81853P180B, 6851S300UF 4,900","Active product with no variants — cannot be priced or bought",""
"review","no-variant","VRM-WHT-HD035","jaquar-rs-available-in-35-50-70-100-litres-vrm-wht-hd035","Rs. Available in 35/50/70/100 Litres","Active product with no variants — cannot be priced or bought",""
"review","no-variant","VRM-WHT-HD050","jaquar-rs-vrm-wht-hd050","Rs","Active product with no variants — cannot be priced or bought",""
"review","no-variant","VRM-WHT-HD070","jaquar-rs-vrm-wht-hd070","Rs","Active product with no variants — cannot be priced or bought",""
"review","no-variant","VRM-WHT-HD100","jaquar-verna-floor-mounted-product-specifications-manual-details-verna-floor-mounted-manual-volume-l-225-300-400-500-rated-wattage-225-300-400l-2-5-kw-x-2-500l-3-00-kw-x-2-required-power-supply-v-hz-230-50-temperature-range-35oc-to-75oc-working-pressure-mpa-1-0-inlet-outlet-conne","VERNA FLOOR MOUNTED Product Specifications (Manual) Details Verna Floor Mounted (Manual) Volume (L) 225/300/400/500 Rated Wattage 225/300/400L - 2.5 kW x 2 500L - 3.00 kW x 2 Required Power Supply (V/Hz) 230/50 Temperature Range 35ºC to 75ºC Working Pressure (Mpa) 1.0 Inlet/Outlet Connection (Inch) 3/4 Warranty 3 Years on Tank 3 Years on Heating Element 3 Years on Other Parts Product Dimensions (in mm) W H 225 Litres 540 1745 300 Litres 650 1600 400 Litres 710 1650 500 Litres 710 1999 Rs","Active product with no variants — cannot be priced or bought",""
"review","no-variant","VRM-WHT-VD035","jaquar-rs-vrm-wht-vd035","Rs","Active product with no variants — cannot be priced or bought",""
"review","no-variant","VRM-WHT-VD050","jaquar-rs-vrm-wht-vd050","Rs","Active product with no variants — cannot be priced or bought",""
"review","no-variant","VRM-WHT-VD070","jaquar-rs-vrm-wht-vd070","Rs","Active product with no variants — cannot be priced or bought",""
"review","no-variant","VRM-WHT-VD100","jaquar-118-jaquar-com-vrm-wht-vd100","118 jaquar.com","Active product with no variants — cannot be priced or bought",""
"review","no-variant","VRN-GRY-225","jaquar-rs-vrn-gry-225","Rs","Active product with no variants — cannot be priced or bought",""
"review","no-variant","VRN-GRY-300","jaquar-rs-vrn-gry-300","Rs","Active product with no variants — cannot be priced or bought",""
"review","no-variant","VRN-GRY-400","jaquar-rs-recommended-for-the-centralised-heating-solution-for-multiple-bathrooms-vrn-gry-400","Rs. Recommended for: the Centralised Heating Solution for Multiple Bathrooms","Active product with no variants — cannot be priced or bought",""
"review","no-variant","VRN-GRY-500","jaquar-integra-x-product-specifications-monobloc-heat-pump-details-integra-x-monobloc-heat-pump-tank-volume-l-200-300-rated-heating-capacity-kw-2-60-rated-input-power-kw-0-63-working-ambient-temperature-7-43-deg-c-max-outlet-temperature-deg-c-55-75-required-power-supply-v-ph-hz-2","INTEGRA-X Product Specifications (Monobloc Heat Pump) Details Integra-X (Monobloc Heat Pump) Tank Volume (L) 200/300 Rated Heating Capacity (kW) 2.60 Rated Input Power (kW) 0.63 Working Ambient Temperature -7 ~ 43 (Deg C) Max Outlet Temperature (Deg C) 55/75 Required Power Supply (V/Ph/Hz) 220/1/50 Heating Element (kW) 2.0 kW Refrigerant Type R134a Warranty 4 Years on Tank, 2 Years on heating element, compressor & Sealed System 1 Year on other components Net Dimension (mm) W H 200L 620 1494 300L 620 1759 Weight - Net/ Gross (Kg) 200L 116/133 Rs","Active product with no variants — cannot be priced or bought",""
"review","missing-image","WFV8Z","homerun-zebronics-zeb-v19hd-18-5-inch-led-monitor-wfv8z","Zebronics Zeb-V19HD 18.5 Inch LED Monitor","No Quoin image; a source URL exists but is gated behind SHOW_SOURCE_IMAGES",""
"review","missing-image","WIRPOLCOPUZHAP","polycab-wire-bundle-fr-wirpolcopuzhap","Wire bundle (FR)","No Quoin image; a source URL exists but is gated behind SHOW_SOURCE_IMAGES",""
"review","missing-image","WSP-SLV-SPA7S2340VX","jaquar-xenon-spa-with-stairs-panel-hard-cover-jets-5-double-hole-spinning-jets-2-5-single-hole-spinning-jets-4-3-directional-jets-4-2-directional-jets-4-2-spinning-jets-8-air-jets-20-water-cascade-jets-1-laminar-jets-2-total-45-wsp-slv-spa7s2340vx","Xenon Spa with Stairs panel, Hard Cover JETS : 5” Double Hole Spinning Jets 2 5” Single Hole Spinning Jets 4 3” Directional Jets 4 2” Directional Jets 4 2” Spinning Jets 8 Air Jets 20 Water Cascade Jets 1 Laminar Jets 2 Total 45","No image of any kind — renders the 'photo coming soon' tile",""