verdict,sku,brand,category,listed,name
"needs-price","ACN-1111BNM","Jaquar","Bathware & plumbing","no","Single Towel Rail 450mm Long 405 55 194 210 06Ø 45"
"debris","ACS-FRANCE","Jaquar","Bathware & plumbing","no","38¼c Optimum Flow and Temperature Higher Durability (0.3µ Chrome + 10µ Nickel) Jaquar Care 35 ylppA C&T* Chrome Finish • Upper shiny protection layer provides a mirror finish to every faucet. • High plating thickness (Nickel: 10 microns and Chrome: 0.3 microns) provides tolerance to extreme climate and water conditions • 450+ hours of salt spray test ensures our finishes are highly durable and corrosion resistant for a much longer time. Jaquar’s range of products are so precision-engineered and made to such exacting quality standards that they come with a 10 Year Warranty. Offering customers complete peace of mind. *Unmatched Warranty Armed with a large service network of trained personnel who offer on-site plumbing guidelines and preventive maintenance services besides regular check-ups, Jaquar ensures uninterrupted bathing pleasure"
"needs-price","ALD-065N","Jaquar","Bathware & plumbing","no","Concealed Body for Single Lever Diverter 40mm with Button Assembly, Cartridge Sleeve (Button without Exposed Parts 1/2"" BSP 1/2"" BSP 35 041 83 Max.66 Min.48"
"needs-price","ALD-075","Jaquar","Bathware & plumbing","no","Cartridge Concealed Body for Single Lever Diverter 40mm Cartridge On Top But with Button Assembly, Cartridge Sleeve (Button on Bottom) But without Exposed Parts PSB ""2/1 53 PSB ""2/1 PSB ""2/1 )rewohS( )tuopS( PSB ""2/1 84 44 031 75 118 1/2"" BSP 1/2"" BSP"
"needs-price","ALD-083","Jaquar","Bathware & plumbing","no","Fitting Sleeve, 49 44.0 SLEEVE OPERATING HANDLE"
"needs-price","ALD-089","Jaquar","Bathware & plumbing","no","SPJ-CHR-7463PM Bath Tub Spout with Button attachment for Hand with Wall Flange PSB ""2/1 07x58 22 83 + WALL FLANGE"
"needs-price","ALD-193","Jaquar","Bathware & plumbing","no","with Concealed Body for 3-Inlet Single Lever Diverter with Button Assembly, Cartridge Sleeve But without Exposed Parts 58 114 BS 1/ P 2"" 131 PSB ""2/1 58 114 1/2 B "" SP 43 131 Protective cover Concealed body"
"needs-price","ALD-661","Jaquar","Bathware & plumbing","no","Aquamax Concealed Body ofT hermostatic 3/4"" BSP (outlet) )teltuo( PSB ""4/3 )telni toh( PSB ""4/3 106"
"needs-price","ALD-681","Jaquar","Bathware & plumbing","no","Aquamax Concealed Body of T hermostatic Shower Mixer Shower Mixer with 2-way diverter telni dloc( PSB ""4/3 )teltuo( PSB ""4/3 PLUG PLASTIC PROTECTIVE COVER 601 x 072 Max.83 30 09 551 min/max Min.63 001 55 47 160x70 PSB ""2/1 55 .niM 57 .xaM 1/2"" BSP 1/2"" BSP 1/2"" BSP 1/2"" BSP 96"
"needs-price","ALD-683","Jaquar","Bathware & plumbing","no","Aquamax Concealed Body ofT hermostatic with 3-way diverter mumixaM muminiM Ø100"
"needs-price","ALD-783","Jaquar","Bathware & plumbing","no","Shower Mixer Aquamax Concealed Body ofS ingle Lever Shower Mixer with 3-way diverter PSB ""2/151 telnI dloC PSB ""2/1 telnI toH Ø8 Ø170 1/2"" BSP ( Shower ) Plastic protective cover 15 Ø90 FRONT 1/2"" BSP( Spout) M 40 in ± . 2 Max.55±2 1/2"" BSP 1/2"" BSP 60 531 23 Concealed body"
"needs-price","ALD-CHR-1045","Jaquar","Bathware & plumbing","no","Urinal Spreader Back Inlet 15mm (Suitable"
"needs-price","ALI-85065NK","Jaquar","Bathware & plumbing","no","125 571 06 Single Lever Exposed Parts Kit of Diverter Consisting Operating Lever, Wall Flange (with Seals) & Button (Compatible with Item ALD-065N)"
"needs-price","ALI-85193K","Jaquar","Bathware & plumbing","no","Single Lever 3-inlet Divertor Exposed parts kit Operating Lever, Wall Flange & Button Only (Suitable For Item ALD-193) telnI dloC PSB ""2/1 telnI toH PSB ""2/1 058 220 Ø120 51 50 Ø45 FRONT"
"needs-price","ALI-85661K","Jaquar","Bathware & plumbing","no","Aquamax Exposed Part Kit of Thermostatic Shower Mixer (Suitable for ALD-661) 105 45 DIVERTER HANDLE 45 THERMOSTATE HANDLE WALL FLANGE 092 II I III OFF 38° 8"
"needs-price","ALI-85681K","Jaquar","Bathware & plumbing","no","106 Aquamax Exposed Part with 2-way diverter"
"needs-price","ALI-85683K","Jaquar","Bathware & plumbing","no","Aquamax Exposed Part Kit of Thermostatic Shower Mixer with 3-way diverter (Suitable for ALD-683)"
"needs-price","ALI-85783K","Jaquar","Bathware & plumbing","no","Consisting of Aquamax Exposed Part Kit of Single Lever Shower Mixer with 3-way diverter (Suitable for ALD-783) Single Lever | Bidet 011 573 07 110 30° 54 x 50 Ø63 ½""BSP ½""BSPM 1 a - x 1 .1 /4 8 "" 0 BSP 06 .niM 5101 )dednemmocer( 021 .xaM 061 otpu og nac ti 100 0711 1/2"" BSP 1/2"" BSP"
"debris","ALX-WHT-H030","Jaquar","Bathware & plumbing","no","jaquar.com 117"
"needs-price","ARC-87661K","Jaquar","Bathware & plumbing","no","Aquamax Exposed Part Kit of Thermostatic Shower (Suitable for ALD-661) + WALL 572 I 8"
"needs-price","ARC-87677","Jaquar","Bathware & plumbing","no","305 Aquamax exposed part kit of thermostatic shower mixer with 4 Hole Thermostatic Bath and Shower Mixer, Deck Mounted 3-way diverter (compatible with ALD-683)"
"needs-price","ARC-87681K","Jaquar","Bathware & plumbing","no","Quarter Turn | Basin 60x60 M28X1.5P 1/2"" BSP 03 .xaM 165 30° 60x60 ø35 hole M28X1.5P 1/2"" BSP 75 531 002 Mixer Aquamax Exposed Part Kit of Thermostatic Shower Mixer with 2-way diverter (Suitable for ALD-681) 200-250 38° 105 II III DIVERTER HANDLE OFF 54 45 63 54 45 63"
"needs-price","ARC-87683K","Jaquar","Bathware & plumbing","no","Aquamax Exposed Part Kit of Thermostatic Shower with 3-way diverter (Suitable for ALD-683) PSB""2/1 230"
"needs-price","ARI-39065NK","Jaquar","Bathware & plumbing","no","Consisting Single Lever Exposed Parts Kit of Diverter Consisting of (with Operating Lever, Wall Flange (with Seals) & Button Only (Compatible with Item ALD-065N) 571 60 51Ø 125 OPERATING LEVER 52 BUTTON SLEEVE 70 26(cid:31) SLEEVE 06x06"
"needs-price","ARI-39193K","Jaquar","Bathware & plumbing","no","119 Consisting Single Lever 3-inlet Divertor Exposed parts kit Consisting of (with Operating Lever, Wall Flange & Button Only (Suitable for Item ALD-193)"
"needs-price","ARI-39661K","Jaquar","Bathware & plumbing","no","Aquamax Exposed Part Kit of Thermostatic Shower Mixer (Suitable for ALD-661) 105 572 II 45 I III OFF DIVERTER HANDLE 38° 45 8 WALL FLANGE THERMOSTATE HANDLE"
"needs-price","ARI-39681K","Jaquar","Bathware & plumbing","no","122 Aquamax Exposed Part Kit with 2-way diverter (Suitable"
"needs-price","ARI-39683K","Jaquar","Bathware & plumbing","no","Aquamax Exposed Part Kit of Thermostatic Shower Mixer with 3-way diverter (Suitable for ALD-683)"
"needs-price","ARI-39783K","Jaquar","Bathware & plumbing","no","Single Lever | Kitchen PSB""½ 170 ± 1 150 130 ± 1 53 Ø70 Aquamax Exposed Part Kit of Single Lever Shower with 3-way diverter (Suitable for ALD-783)"
"needs-price","ARS-WHT-39955S110UFSM","Jaquar","Bathware & plumbing","no","363SPPZ, 751P180SPPZ, 751S300SPPZ, 851S300SPP, 551SSPP 1,450 1,225 751S, 353, 555S,753S & P, 755S, 851 1,350 757NS300SPPSZ, 757S300SPPZ, 757NS300SPPZ 1,375"
"debris","AXP-WHT-H020","Jaquar","Bathware & plumbing","no","ALEXA HORIZONTAL (Digital) Product Specifications Details Alexa Horizontal (Digital) Volume (L) 30 Rated Wattage 2/3/5 kW Required Power Supply (V/Hz) 230/50 Temperature Range 25ºC to 75ºC Working Pressure (Mpa) 0.8 Inlet/Outlet Connection (Inch) 1/2 Warranty 7 Years on Tank 4 Years on Heating Element 2 Years on Other Parts Product Dimensions (in mm) W H D 30 Litres 718 365 344 Available in 30 Litres The perfect storage water heater for small families Rs. Recommended for Bucket Bath / Overhead Showers"
"needs-price","BSH-1751","Jaquar","Bathware & plumbing","no","Body Shower Wall Mounted 100X100mm Square Shape (ABS Chrome plated face plate) with rubit cleaning system"
"needs-price","BSH-1761","Jaquar","Bathware & plumbing","no","Body Shower concealed Type 120mm Round Shape with Installation Box & Rubit Cleaning System PSB""½ 30 24"
"needs-price","BSH-1771","Jaquar","Bathware & plumbing","no","Body Shower Concealed Type 130X120mm Rectangular Shape with Installation Box & Rubit Cleaning System 285 Ø70 Sq.100"
"debris","BZA-WHT-V006","Jaquar","Bathware & plumbing","no","Rs"
"debris","BZA-WHT-V010","Jaquar","Bathware & plumbing","no","Rs"
"debris","BZA-WHT-V015","Jaquar","Bathware & plumbing","no","Rs"
"debris","BZA-WHT-V025","Jaquar","Bathware & plumbing","no","116 jaquar.com"
"needs-price","CHR-840ST2024H21","Jaquar","Bathware & plumbing","no","2100 2401 - 2800 JSE-CHR-840ST2428H21 10mm Size: (in mm) Height Width Code 2100 2000 - 2400 JSE-CHR-140ST2024H21 2100 2401 - 2800 JSE-CHR-140ST2428H21 Tempered Glass 654"
"needs-price","CNS-WHT-353SPPSMZ","Jaquar","Bathware & plumbing","no","CNS-WHT-759S300UFSMZ, 759S250UFSMZ, 759P180UFSMZ 2,225 551SSPP, 553SSPP 1,325 CNS-WHT-855S300SPPSM, 855S300SPPSMY, 855S200SPPSM, 855P180SPPSM 1,325"
"needs-price","CNS-WHT-813","Jaquar","Bathware & plumbing","no","Wall Hung Basin with Fixing Accessories, Size: 420x420x155 mm"
"needs-price","CON-011KN","Jaquar","Bathware & plumbing","no","Pillar Cock 105 Sq.50"
"needs-price","CON-021KN","Jaquar","Bathware & plumbing","no","Pillar Cock Long Neck with Aerator ½""BSP with 450mm 511 054 051 Full Turn | Bath & Shower 30° PSB ""½ 07 Ø 35 65 100 1 ± 071 1 ± 031 211 1 ± 051"
"debris","CON-037KN","Jaquar","Bathware & plumbing","no","Bib Cock 21 PSB ""2/1 56 Ø"
"debris","CON-041KN","Jaquar","Bathware & plumbing","no","201 2 Way Bib Cock"
"needs-price","CON-047KN","Jaquar","Bathware & plumbing","no","Bib Cock with Wall Flange PSB""2/1 20 100 03 011 1/2""BSP 50 177 53"
"needs-price","CON-049NKN","Jaquar","Bathware & plumbing","no","82 x 70 Bib Cock with Nozzle"
"needs-price","CON-053KN","Jaquar","Bathware & plumbing","no","Angular Stop Cock Also available 90"
"needs-price","CON-059KN","Jaquar","Bathware & plumbing","no","Fitting 001 Ø65 501 Angular Stop Cock with Wall Flange"
"needs-price","CON-069FTK","Jaquar","Bathware & plumbing","no","Fitting Exposed Part Kit of Concealed Stop Cock with Operating Lever, Collor Bush & Adjustable Wall Flange (Compatible with ALD-069FT) 0.521 82.0 0.021 Ø85.0 82.0"
"needs-price","CON-083FTK","Jaquar","Bathware & plumbing","no","Exposed Part Kit of Concealed Stop Cock with Sleeve, Operating Lever & Adjustable Wall Flange"
"needs-price","CON-087FTK","Jaquar","Bathware & plumbing","no","Exposed Part Kit of Concealed Stop Cock with Sleeve, Operating Lever & Adjustable Wall Flange (Compatible with ALD-087FT) Ø85.0"
"needs-price","CON-107KN","Jaquar","Bathware & plumbing","no","Long Body Bib Cock with Wall Flange"
"needs-price","CON-1081A","Jaquar","Bathware & plumbing","no","Knob Flush Cock with Wall Flange 25mm with Lever Knob"
"needs-price","CON-1081KN","Jaquar","Bathware & plumbing","no","202 Flush Cock with Wall Flange 25mm with Plain"
"needs-price","CON-123BKN","Jaquar","Bathware & plumbing","no","Swan Neck Tap with Left Hand Operating Knob Long Braided Hose Also available"
"needs-price","CON-127BKN","Jaquar","Bathware & plumbing","no","198 Swan Neck Tap with Right Hand Operating Knob 450mm Long Braided Hose"
"needs-price","CON-167KNB","Jaquar","Bathware & plumbing","no","09 05.XAM Central Hole Basin Mixer without Popup Waste 450mm Long Braided Hoses 1/2"" BSP"
"needs-price","CON-169KNB","Jaquar","Bathware & plumbing","no","53 System with 45° 46 x 48 80 Central Hole Basin Mixer with Popup Waste System with 450mm Long Braided Hoses 05.xaM 1/2"" BSP 531 76 30° Ø 45 125"
"needs-price","CON-217KN","Jaquar","Bathware & plumbing","no","Wall Mixer with Telephone Shower Arrangement, Legs & Wall Flanges but without Crutch & Telephone 57 100 05.xaM 1 ± 581 ¾""BSP"
"needs-price","CON-219KN","Jaquar","Bathware & plumbing","no","with Wall Mixer Non-Telephonic Shower Arrangement with Connecting Legs & Wall Flanges"
"needs-price","CON-267KN","Jaquar","Bathware & plumbing","no","Connecting Shower ½""BSP 211 1 ± 551 Wall Mixer with connector for Hand Shower Arrangement with Connecting Legs, Wall Flanges & Wall Bracket for Hand Shower 1 ± 571 .xa P M S 0 B 6 1 ""2/1 1 1 ± ± 5 5 5 3 1 1 07 Ø 1 ± 551 65 100 25 501"
"needs-price","CON-271KN","Jaquar","Bathware & plumbing","no","Bath Tub Mixer (Exposed Adjustable Legs) with Shower Arrangement & Crutch PSB ""2/1 07 Ø 25 1 ± 571 1 ± 531 .xaM 061 1±551"
"needs-price","CON-273KNUPR","Jaquar","Bathware & plumbing","no","Wall Mixer with Provision For Overhead Shower with Telephone 115mm Long Bend Pipe On Upper Side, Connecting Legs & Wall Flanges Hand 65 145 1 ± 551 20° Full Turn| Kitchen PSB ""2/1 07 Ø 25 65 1 ± 071 1 ± 031 1 ± 051 10° 165 39"
"needs-price","CON-281KN","Jaquar","Bathware & plumbing","no","Wall Mixer 3-in-1 System with Provision for both Shower and Overhead Shower Complete with Bend Pipe, Connecting Legs & Wall Flange (without Overhead Shower)"
"needs-price","CON-309KNBM","Jaquar","Bathware & plumbing","no","80 x 50 ½""BSP 054 Sink Mixer with Swinging Spout (Table Mounted 450mm Long Braided Hoses"
"needs-price","CON-309KNM","Jaquar","Bathware & plumbing","no","Hand & 199 Sink Mixer with Swinging Spout (Wall Mounted Model) With Connecting Legs & Wall Flanges"
"needs-price","CON-319KN","Jaquar","Bathware & plumbing","no","502 120 30° 80 x 50 ½""BSP 581 215 24 Model with Sink Mixer with Raised ‘J’ Shaped Swinging Spout (Wall Mounted Model) with Connecting Legs & Wall Flanges 1/2"" BSP 1/2"" BSP"
"needs-price","CON-319KNB","Jaquar","Bathware & plumbing","no","Sink Mixer with Raised ‘J’ Shaped Swinging Spout Mounted Model with 450mm Long Braided Hoses 1/2"" 05"
"needs-price","CON-321KNB","Jaquar","Bathware & plumbing","no","Table Sink Mixer with Extended Spout (Table Mounted Model) with 450mm Long Braided Hoses PSB ""2/1 10° 165 27 31 521 89 165 BSP 10°"
"needs-price","CON-347KNM","Jaquar","Bathware & plumbing","no","Model Sink Cock with Swinging Spout (Wall Mounted Model)"
"needs-price","CON-349KNM","Jaquar","Bathware & plumbing","no","200 Sink Cock with Swinging Spout (Table Mounted"
"needs-price","CON-357KN","Jaquar","Bathware & plumbing","no","Sink Cock with Raised ‘J’ Shaped Swinging Mounted Model Full Turn | Taps 18 PSB ""2/1"
"needs-price","CON-359KN","Jaquar","Bathware & plumbing","no","Spout (Wall Sink Cock with Raised ‘J’ Shaped Swinging Spout (Table Mounted Model) 92 511 10 100 PSB ""2/1 56 511"
"debris","COP-011PM","Jaquar","Bathware & plumbing","no","Pillar Cock"
"needs-price","COP-021PM","Jaquar","Bathware & plumbing","no","Pillar Cock with Extension Body 47"
"needs-price","COP-037PM","Jaquar","Bathware & plumbing","no","Model Bib Cock with Wall Flange"
"needs-price","COP-041PM","Jaquar","Bathware & plumbing","no","2-way Bib Cock with Wall Flange 09 PSB ""2/1 52 82 13Ø 44.0 0.07 SLEEVE WALL FLANGE OPERATING HANDLE"
"needs-price","COP-081KPM","Jaquar","Bathware & plumbing","no","Exposed Part Kit of Concealed Flush Cock with Operating Lever & Adjustable Wall Flange with Seal (compatible with ALD-081)"
"needs-price","COP-083KPM","Jaquar","Bathware & plumbing","no","Exposed Part Kit of Concealed Stop Cock with Fitting Sleeve, Operating Lever & Adjustable Wall Flange with"
"needs-price","COP-107PM","Jaquar","Bathware & plumbing","no","Long Body Bib Cock with Wall Flange 52 PSB ""2/1 05Ø"
"needs-price","COP-167BPM","Jaquar","Bathware & plumbing","no","Central Hole Basin Mixer without Popup Waste System with 450mm Long Braided Hoses 1/2"" BSP 521 05 .xaM Ø50"
"needs-price","COP-169BPM","Jaquar","Bathware & plumbing","no","Central Hole Basin Mixer with Popup Waste System with 450mm Long Braided Hoses 26 90 15° 1/2"" BSP 572 54 .xaM 512 140 15° Ø45"
"needs-price","COP-209PM","Jaquar","Bathware & plumbing","no","Shower Mixer for Shower Cubicles (Wall Mounted) with Connecting Legs & Flanges 071 051 031 35 .xaM 061 PSB ""2/1 07 Ø"
"needs-price","COP-273PM","Jaquar","Bathware & plumbing","no","Wall Mixer with Provision for Overhead Shower with 115mm Long Bend Pipe On Upper Side, Connecting Legs & Wall Flanges Quarter Turn | Kitchen 70 75 1/2""BSP 215 001 071 051 PSB ""2/1 031 07 Ø 65 130 35 081 10° 250 511"
"needs-price","COP-281PM","Jaquar","Bathware & plumbing","no","Wall Mixer 3-in-1 System with Provision for both Hand Shower and Overhead Shower Complete with 115mm Long Bend Pipe, Connecting Legs & Wall Flange (without Hand & Overhead Shower) 25 PSB ""2/1 56Ø 40 105 225"
"needs-price","COP-309PM","Jaquar","Bathware & plumbing","no","Sink Mixer with Pipe Swinging Spout (Wall Mounted Model) with Connecting Legs & Wall Flanges Taps 25 15° PSB""2/1 56Ø 50 130 10° 021 581"
"needs-price","COP-347PM","Jaquar","Bathware & plumbing","no","Sink Cock with Pipe Swinging Spout (Wall Mounted with Wall Flange 48"
"needs-price","CQT-23011B","Jaquar","Bathware & plumbing","no","Pillar Cock with 450mm Long Braided Hose 120 56 25º 110 1/2” BSP 09 80 20° 021 50 50 1/2 ""BSP 1/2 ""BSP"
"needs-price","CQT-23021B","Jaquar","Bathware & plumbing","no","Pillar Cock Long Neck with 450mm Long Braided 221 80 50"
"debris","DRC-37001","Jaquar","Bathware & plumbing","no","Pillar Cock 25°"
"needs-price","DRC-37005B","Jaquar","Bathware & plumbing","no","Single Lever Tall Boy with 140mm Extension Body Spout without Popup Waste System with 600mm Braided Hoses Single Lever | Bath & Shower 35 0.1±071 PSB""½ 0.1±031 07Ø 0.1±051"
"needs-price","DRC-37011B","Jaquar","Bathware & plumbing","no","Single Lever Basin Mixer without Popup Waste 450mm Long Braided Hoses 092 ½""BSP"
"needs-price","DRC-37021","Jaquar","Bathware & plumbing","no","Min.30 193 Max.50 150±1.0 232x62 216 Pillar Cock with 140mm Extension Body ½""BSP ½""BSP 32x32 76 ½"" BSP S W P A O L U L 7 T 0 F N L I A P N P G LE E 160x62 HAN 56 DLES ø30.5 SLEEVES 182 30˚ SPOUT"
"needs-price","DRC-37037","Jaquar","Bathware & plumbing","no","Bib Cock with Wall Flange ½""BSP 20° 140 06x07 5.03Ø 23"
"needs-price","DRC-37041","Jaquar","Bathware & plumbing","no","2 Way Bib Cock with Wall Flange"
"needs-price","DRC-37051B","Jaquar","Bathware & plumbing","no","System with Single Lever Basin Mixer Braided Hoses 45 145 502 30°"
"needs-price","DRC-37055NK","Jaquar","Bathware & plumbing","no","Consisting Single Lever Exposed Parts Kit of Diverter Consisting of (with Operating Lever, Cartridge Sleeve, Wall Flange (with Seals) Button Assembly Sleeve & Button (Compatible with ALD-055N) 125 571 60 51Ø OPERATING LEVER 52 BUTTON SLEEVE 70 26Ø SLEEVE"
"needs-price","DRC-37079NK","Jaquar","Bathware & plumbing","no","Single Lever Exposed Parts Kit of Hi-flow Diverter of Operating Lever, Cartridge Sleeve, Wall Flange Seals, Button Assembly Sleeve & Button (Compatible with ALD-079N)"
"needs-price","DRC-37083K","Jaquar","Bathware & plumbing","no","Exposed Part Kit of Concealed Stop Cock & Flush Cock with Fitting Sleeve, Operating Lever & Adjustable Wall Flange with Seal (compatible with ALD-083"
"needs-price","DRC-37119","Jaquar","Bathware & plumbing","no","132 Single Lever Wall Mixer With Provision of Hand W/O Hand Shower"
"needs-price","DRC-37121K","Jaquar","Bathware & plumbing","no","Quarter Turn | Basin 831 05 xaM Exposed Parts of Floor Mounted Single Lever Bath with Provision for Hand Shower, without Hand Shower Hose (Compatible with ALD-121)"
"needs-price","DRC-37145","Jaquar","Bathware & plumbing","no","Single Lever Exposed Shower Connection to Exposed SHA-1213 & Hand Shower Legs & Wall Flanges Shower, But"
"needs-price","DRC-37147","Jaquar","Bathware & plumbing","no","Single Lever Exposed Shower Mixer With Provision Connection to Exposed Shower Pipe (SHA-1211N) Connecting Legs & Wall Flanges 001 X 541 WALL FLANGE"
"needs-price","DRC-37149","Jaquar","Bathware & plumbing","no","With Single Lever Exposed Shower Mixer for Connection to Hand Shower with Connecting Legs & Wall Flanges 71Ø 42Ø 40 SLEEVE 54Ø BUTTON OPERATING LEVER 52 WALL FLANGE BUTTON SLEEVE 571 44 125 401 44 CARTRIDGE SLEEVE 54Ø OPERATING LEVER 52"
"needs-price","DRC-37165","Jaquar","Bathware & plumbing","no","Single Lever Sink Mixer With Swinging Spout on Upper Side (Wall Mounted Model) With Connecting Legs & Wall Flanges 102 44 ½""BSP 58 45° 872 05 xaM 102 45° 44 ½""BSP 522 Mixer Shower &"
"needs-price","DRC-37193K","Jaquar","Bathware & plumbing","no","133 Consisting Single Lever 3-inlet Divertor Exposed parts kit Consisting (with of Operating Lever, Wall Flange & Button Only (Suitable For Item ALD-193)"
"needs-price","DRC-37227K","Jaquar","Bathware & plumbing","no","Single Lever Exposed Parts Kit of Deusch Mixer of Operating Lever, Cartridge Sleeve, Wall Flange"
"needs-price","DRC-37233NK","Jaquar","Bathware & plumbing","no","Fixed Long ½"" BSP 35° 59 115 165 Exposed Part Kit of Single Consisting of Operating Flange, Nipple & Spout ALD-235N"
"needs-price","DRC-37309","Jaquar","Bathware & plumbing","no","Non-Return Quarter Turn | Taps PSB""½ 55Ø 25 140 20° Sink Mixer With Regular Swinging Spout (Wall Mounted Model) With Connecting Legs & Wall Flanges 145 88 182 302"
"needs-price","DRC-37347S","Jaquar","Bathware & plumbing","no","PSB""½ 55Ø 25 42 Sink Cock with Regular Swinging Spout (Wall Model) With Wall Flange"
"needs-price","DRC-37421","Jaquar","Bathware & plumbing","no","4-Way Divertor for Concealed Fitting with Built-in Valves with Divertor Handle PSB""½ 55Ø 85 25"
"needs-price","DRC-37433","Jaquar","Bathware & plumbing","no","134 Two Concealed Stop Cocks with Basin Spout One Piece Body"
"needs-price","DRC-37441K","Jaquar","Bathware & plumbing","no","Composite Exposed Part Kit of Single Concealed Stop Cock Consisting of Operating Lever, Cartridge Sleeve, Wall Flange (with Seals) & Basin Spout (Compatible with ALD-441)"
"needs-price","EKO-33001B","Jaquar","Bathware & plumbing","no","Single Lever Basin Mixer 450mm Long Braided Hoses"
"needs-price","EKO-33011","Jaquar","Bathware & plumbing","no","with Pillar Cock 1/2""BSP 023 05 042 82 20°"
"needs-price","EKO-33021","Jaquar","Bathware & plumbing","no","Pillar Cock Long Neck with Aerator 264"
"needs-price","EKO-33023B","Jaquar","Bathware & plumbing","no","Single Lever Extended Basin Mixer (Height-83mm) without Popup Waste with 450mm Long Braided Hoses 38 110 35° Ø50 054 Ø63 1-1/4""BSP 12"" BSP"
"needs-price","EKO-33037","Jaquar","Bathware & plumbing","no","265 Model with Bib Cock with Wall Flange"
"needs-price","EKO-33041","Jaquar","Bathware & plumbing","no","2 Way Bib Cock with Wall Flange"
"needs-price","EKO-33051B","Jaquar","Bathware & plumbing","no","Single Lever Basin Mixer with 450mm Long Braided Hoses"
"needs-price","EKO-33052B","Jaquar","Bathware & plumbing","no","Single Lever Extended Basin Mixer (Height-83mm) with Popup Waste 450mm Long Braided Hoses Single Lever | Bath & Shower 05 150 1/2""BSP Ø70 53 571 PSB""2/1 170±1 130±1 °03 110"
"needs-price","EKO-33053","Jaquar","Bathware & plumbing","no","Angular Stop Cock with Wall Flange Ø65 sleeve, with"
"needs-price","EKO-33055NK","Jaquar","Bathware & plumbing","no","Consisting S.L. Exposed Parts Kit of Diverter Consisting of Operating (with Lever, Cartridge Sleeve,Wall Flange (with Seals) Button Assembly Sleeve & Button (Compatible with ALD-055N) 150 PSB ""2/1 07Ø 170±1 130±1 35 258"
"needs-price","EKO-33069K","Jaquar","Bathware & plumbing","no","Exposed part kit of concealed stop cock with fitting operating lever & adjustable wall flange (Compatible ALD-069) 266"
"needs-price","EKO-33119","Jaquar","Bathware & plumbing","no","Single Lever Wall Mixer with Provision of Hand Shower, But without Hand Shower"
"needs-price","EKO-33141","Jaquar","Bathware & plumbing","no","Single Lever Wall Mixer with Provision for Overhead from rear side with 50mm Long Collar Pipe, Elbow, & Washers on Upper Side with Connecting Legs Flanges 011Ø WALL FLANGE"
"needs-price","EKO-33149","Jaquar","Bathware & plumbing","no","Shower Single Lever Exposed Shower Mixer for Connection to Hand nuts Shower with Connecting Legs & Wall Flanges & Wall 46 831 71Ø 42Ø 40 SLEEVE 54Ø OPERATING LEVER WALL FLANGE BUTTON 52 BUTTON SLEEVE CARTRIDGE SLEEVE 54Ø OPERATING LEVER 52 001 54Ø"
"needs-price","EKO-33163","Jaquar","Bathware & plumbing","no","System Single Lever Sink Mixer Swinging Spout (Wall Mounted Model) with Connecting Legs & Wall Flanges 263"
"needs-price","EKO-33167B","Jaquar","Bathware & plumbing","no","Central Hole Basin Mixer without Popup Waste System with 450mm Long Braided Hoses 1/2"" BSP 09 147 221"
"needs-price","EKO-33169B","Jaquar","Bathware & plumbing","no","Central Hole Basin Mixer with Popup Waste System 450mm Long Braided Hoses"
"needs-price","EKO-33173B","Jaquar","Bathware & plumbing","no","Single Lever Sink Mixer with Swinging Spout (Table Mounted) with 450mm Long Braided Hoses Quarter Turn | Basin 20° 110 1/2"" BSP"
"needs-price","EKO-33213B","Jaquar","Bathware & plumbing","no","Single Lever 1 - Hole Bidet Mixer with Popup Waste with 375mm Long Braided Hoses"
"needs-price","EKO-33227K","Jaquar","Bathware & plumbing","no","Single Lever Exposed Parts Kit of Deusch Mixer of Operating Lever, Cartridge Sleeve, Wall Flange"
"needs-price","EKO-33233NK","Jaquar","Bathware & plumbing","no","Exposed Part Kit of Single Consisting of Operating Lever, Flange, Nipple & Spout ALD-235N 262"
"needs-price","EKO-33273UPR","Jaquar","Bathware & plumbing","no","166 1/2"" BSP Wall Mixer with Provision for Overhead Shower Bend Pipe On Upper Side, Connecting Legs & 5° Ø48"
"needs-price","EKO-33281","Jaquar","Bathware & plumbing","no","Wall Mixer 3-In-1 System With Provision For Both Hand Shower And Overhead Shower Complete With 115Mm Long Bend Pipe, Connecting Legs & Wall Flange (Without Hand & Overhead Shower) 011 851 Model) with Quarter Turn | Taps 5° 206 PSB""2/1 30° 13 132 56Ø"
"needs-price","EKO-33309","Jaquar","Bathware & plumbing","no","1/2"" BSP 151 with 115mm Long Wall Flanges Sink Mixer with Swinging Spout (Wall Mounted Model) with Connecting Legs & Wall Flanges 128 170 ± 1 130 ± 1 20 185 150±1 1/2"" BSP Ø70 132 100 160 max"
"needs-price","EKO-33309B","Jaquar","Bathware & plumbing","no","PSB ""2/1 55Ø Sink Mixer with Swinging Spout (Table Mounted 450mm Long Braided Hoses"
"needs-price","EKO-33347","Jaquar","Bathware & plumbing","no","Sink Cock with Swinging Spout (Wall Mounted Wall Flange"
"needs-price","EKO-33673LWR","Jaquar","Bathware & plumbing","no","Shower Flanges Exposed Shower Mixer (Wall Mounted) with Thermostatic Control Cartridge, 115mm Long Bend Pipe on Lower Side, Connecting Legs & Wall Flanges Flow rate: 26.54 ℓ/min"
"debris","ELM-WHT-3KWV006","Jaquar","Bathware & plumbing","no","Rs"
"debris","ELM-WHT-3KWV010","Jaquar","Bathware & plumbing","no","jaquar.com 115"
"debris","ELM-WHT-V006","Jaquar","Bathware & plumbing","no","Rs"
"debris","ELM-WHT-V010","Jaquar","Bathware & plumbing","no","Rs"
"debris","ELM-WHT-V015","Jaquar","Bathware & plumbing","no","Rs"
"debris","ELM-WHT-V025","Jaquar","Bathware & plumbing","no","+ ELENA VERTICAL (Manual) Product Specifications Details Elena+ Vertical (Manual) Volume (L) 6/10 Rated Wattage 3 kW Required Power Supply (V/Hz) 230/50 Temperature Range 25ºC to 75ºC Working Pressure (Mpa) 0.8 Inlet/Outlet Connection (Inch) 1/2 Warranty 7 Years on Tank 4 Years on Heating Element 2 Years on Other Parts Product Dimensions (in mm) W H D 6 Litres 288 288 260 10 Litres 328 328 295 Available in 6/10 Litres Rs"
"debris","EPM-WHT-V006","Jaquar","Bathware & plumbing","no","Rs"
"debris","EPM-WHT-V010","Jaquar","Bathware & plumbing","no","Rs"
"debris","EPM-WHT-V015","Jaquar","Bathware & plumbing","no","Rs. Recommended for: Kitchen / Bucket Baths / Overhead Showers"
"debris","EPM-WHT-V025","Jaquar","Bathware & plumbing","no","TERRA VERTICAL Product Specifications (Semi-Digital) Details Terra Vertical (Semi-Digital) Volume (L) 6/10/15/25 Rated Wattage 2 kW Required Power Supply (V/Hz) 230/50 Temperature Range 25ºC to 75ºC Working Pressure (Mpa) 0.8 Inlet/Outlet Connection (Inch) 1/2 Warranty 7 Years on Tank 4 Years on Heating Element 2 Years on Other Parts Product Dimensions (in mm) W H D 6 Litres 330 370 280 10 Litres 390 410 300 15 Litres 425 455 345 25 Litres 475 530 385 Rs. Available in 6/10/15/25 Litres"
"debris","ERD-WHT-V015","Jaquar","Bathware & plumbing","no","Rs. Recommended for: Kitchen / Bucket Baths / Overhead Showers"
"debris","ERD-WHT-V025","Jaquar","Bathware & plumbing","no","ELENA VERTICAL (Manual) Product Specifications Details Elena Vertical (Manual) Volume (L) 6/10/15/25 Rated Wattage 2 kW Required Power Supply (V/Hz) 230/50 Temperature Range 25ºC to 75ºC Working Pressure (Mpa) 0.8 Inlet/Outlet Connection (Inch) 1/2 Warranty 7 Years on Tank 4 Years on Heating Element 2 Years on Other Parts Product Dimensions (in mm) W H D 6 Litres 288 288 260 10 Litres 328 328 295 15 Litres 385 385 305 25 Litres 448 448 345 Rs"
"debris","ERM-WHT-V006","Jaquar","Bathware & plumbing","no","Rs. Available in 6/10/15/25 Litres"
"debris","ERM-WHT-V010","Jaquar","Bathware & plumbing","no","Rs"
"debris","ERM-WHT-V015","Jaquar","Bathware & plumbing","no","Rs"
"debris","ERM-WHT-V025","Jaquar","Bathware & plumbing","no","114 jaquar.com"
"needs-price","ESA-GBL-LDG0812","Jaquar","Bathware & plumbing","no","Artificial Marble Ledge 801-1200 Rs"
"needs-price","ESA-GBL-LDG1010","Jaquar","Bathware & plumbing","no","Artificial Marble Ledge 1000 x 1000 Rs"
"needs-price","ESA-GBL-LDG1012","Jaquar","Bathware & plumbing","no","Artificial Marble Ledge 1000 x 1200 Rs"
"needs-price","ESA-GBL-LDG1212","Jaquar","Bathware & plumbing","no","Artificial Marble Ledge 1200 x 1200 Rs. White"
"needs-price","ESA-GBL-LDG1216","Jaquar","Bathware & plumbing","no","Artificial Marble Ledge 1201-1600 Rs"
"needs-price","ESA-GBL-LDG1620","Jaquar","Bathware & plumbing","no","Artificial Marble Ledge 1601-2000 Rs"
"needs-price","ESA-GBL-LDG2024","Jaquar","Bathware & plumbing","no","Artificial Marble Ledge 2001-2400 Rs"
"needs-price","ESA-GBL-LDG9090","Jaquar","Bathware & plumbing","no","Artificial Marble Ledge 900 x 900 Rs"
"needs-price","ESA-WHT-LDG1012","Jaquar","Bathware & plumbing","no","Artificial Marble Ledge 1000 x 1200 Rs"
"debris","ESA-WHT-LDG1212","Jaquar","Bathware & plumbing","no","Artificial Marble Ledge 1200 x 1200 Rs. Raw Material: PVC and Stone Dust Dimensions: Width - 60 mm, Features: Easy to Fix • Weight Carrying Capacity: 250 Kg, Longer"
"needs-price","ESA-WHT-LDG2024","Jaquar","Bathware & plumbing","no","Artificial Marble Ledge 2001-2400 Rs"
"needs-price","FLR-5001B","Jaquar","Bathware & plumbing","no","Single Lever Basin Mixer without Popup Waste 450mm Long Braided Hoses 831 ½""BSP Max. 180 054 105 Ø52"
"needs-price","FLR-5003B","Jaquar","Bathware & plumbing","no","System with Single Lever Basin Mixer (Small System with 450mm Long 25 ½""BSP 25° Ø63 1-1/4""BSP"
"needs-price","FLR-5005NB","Jaquar","Bathware & plumbing","no","Single Lever Tall Boy with & Spout without Popup Waste Braided Hoses 45° 07 Ø70 WALL"
"needs-price","FLR-5007B","Jaquar","Bathware & plumbing","no","Mounted Single Lever Sink Mixer with 170mm Extension Body Swinging Spout without popup Waste (Table Mounted) with 600mm Long Braided Hoses"
"needs-price","FLR-5009B","Jaquar","Bathware & plumbing","no","Single Lever Sink Mixer with 210mm Extension Swinging Spout without popup Waste (Table 600mm Long Braided Hoses"
"needs-price","FLR-5011N","Jaquar","Bathware & plumbing","no","041 90 56 05 .xaM 25° Ø45 ½""BSP Pillar Cock 125 502 30° 1/2"" BSP"
"needs-price","FLR-5015","Jaquar","Bathware & plumbing","no","Pillar Cock with Lift Type Operating Knob & Base Flange 232 ½""BSP ½""BSP 0.1±051 26 0.1±612 Min.30 178 Max.50 26X061 07 65 170 PSB""½ Ø30.5 04Ø WALL FLANGE HANDLES SPOUT 70 SPOUT NIPPLE SLEEVES"
"needs-price","FLR-5021M","Jaquar","Bathware & plumbing","no","07 Pillar Cock with Extension Body"
"needs-price","FLR-5025B","Jaquar","Bathware & plumbing","no","Single Lever Mini Basin Mixer Without Popup Waste System With 450mm Long Braided Hoses 176"
"needs-price","FLR-5031N","Jaquar","Bathware & plumbing","no","Florentine Pillar Cock with Extended Lever Handle Kitchen 160 131 07 1±071 1±031 PSB""2/1 07Ø 35 260 1±051 87"
"needs-price","FLR-5033B","Jaquar","Bathware & plumbing","no","Florentine Single Lever Surgical Purpose Elbow Basin Mixer with Extended Operating Lever without Waste System with 450mm Long Braided Hoses Taps 47 47 PSB ""2/1 07Ø"
"needs-price","FLR-5037N","Jaquar","Bathware & plumbing","no","Bib Cock (Angular Shape) With Wall Flange"
"needs-price","FLR-5041N","Jaquar","Bathware & plumbing","no","2 Way Bib Cock With 40 57 ½""BSP"
"needs-price","FLR-5043N","Jaquar","Bathware & plumbing","no","Florentine Bib Cock with Extended Lever Handle and Wall Flange 214"
"needs-price","FLR-5047N","Jaquar","Bathware & plumbing","no","Bib Cock (Straight Line Model) With Wall Flange PSB""½ 25 54 07Ø"
"needs-price","FLR-5051B","Jaquar","Bathware & plumbing","no","Single Lever Basin Mixer with Popup Waste System 450mm Long Braided Hoses 85 Ø45 ½""BSP 041 054"
"needs-price","FLR-5053N","Jaquar","Bathware & plumbing","no","Angular Stop Cock With Wall Flange Aquamax Thermostatic Mixer 105 572 38° 8 WALL FLANGE"
"needs-price","FLR-5063B","Jaquar","Bathware & plumbing","no","Single Lever Basin Mixer (Small System with 450mm Long Also available ½""BSP"
"needs-price","FLR-5065NK","Jaquar","Bathware & plumbing","no","Single Lever Exposed Parts Kit of Diverter Consisting Operating Lever, Wall Flange (with Seals) & Button (Compatible with Item ALD-065N) WALL FLANGE BUTTON 21 581Ø 71Ø"
"needs-price","FLR-5075K","Jaquar","Bathware & plumbing","no","of Single Lever Exposed Parts Kit of Divertor Consisting of Only Operating Lever, Wall Flange (With Seals) & Button Only (Suitable For Item ALD-075) 581Ø 06Ø 51Ø OPERATING LEVER 52 70 BUTTON SLEEVE 26Ø SLEEVE 06Ø"
"needs-price","FLR-5079NK","Jaquar","Bathware & plumbing","no","Single Lever Exposed Parts Kit of Hi-flow Diverter of Operating Lever, Cartridge Sleeve, Wall Flange Button Assembly Sleeve & Button (Compatible"
"needs-price","FLR-5083NK","Jaquar","Bathware & plumbing","no","Exposed Part Kit of Fitting Sleeve, Operating Seal (compatible with Ø45 DIVERTER HANDLE Ø45 THERMOSTATE HANDLE"
"needs-price","FLR-5095N","Jaquar","Bathware & plumbing","no","Bath Tub Filler Consisting of 2 Control Cocks and Spout, 20mm Cartridge Size 1±071 051 PSB""½"
"needs-price","FLR-5105B","Jaquar","Bathware & plumbing","no","Single Lever 1- Hole Bath & Shower Mixer (High Flow) Tub Mounted With Concealed Provision For Connection to Hand Shower With 450mm Long Braided Hoses 1±071 1±031 PSB ""2/1 07 Ø 1±051 501 1/2"" BSP 15° 35 170"
"needs-price","FLR-5107B","Jaquar","Bathware & plumbing","no","Single Lever 1- Hole Mounted With Exposed Shower With 450mm"
"needs-price","FLR-5119","Jaquar","Bathware & plumbing","no","Single Lever Wall Mixer With Provision of Hand Shower, But W/O Hand Shower 100 1/2"" BSP 180 Ø70 PSB ""4/3 PSB ""2/1 84 50 70 100 50 071 05Ø"
"needs-price","FLR-5121K","Jaquar","Bathware & plumbing","no","Exposed Parts of Floor Mounted Single Lever Bath Mixer with Provision for Hand Shower, without Hand Shower & Shower Hose (Compatible with ALD-121) ½""BSP ½""BSP Max. 180 05 100 Ø55 Ø63 1-¼""BSP Single Lever | Kitchen °54 170 ± 1 150 130 ± 1 Ø70 5˚ PSB""½ 60 230 35 271 533"
"needs-price","FLR-5123","Jaquar","Bathware & plumbing","no","Single Lever Bath & Mounted Model with But W/O Hand Shower"
"needs-price","FLR-5133","Jaquar","Bathware & plumbing","no","Single Lever Bath Tub Mixer (High Flow) with Hand Shower Arrangement with Exposed Straight Legs 177"
"needs-price","FLR-5135","Jaquar","Bathware & plumbing","no","Lower Side, Single Lever High Flow Bath Filler (Concealed Body) Wall Mounted Model with Bath Spout (Composite One Piece Body) 175 521 34±1.0 Centre For Hot & Cold ½""BSP Min. 30 75 Max. 65 240 86 170±1 150±1 130±1 Ø70 07 801 3/4""BSP 1/2""BSP PSB""2/1 35 134 60"
"needs-price","FLR-5137","Jaquar","Bathware & plumbing","no","Single Lever High Flow Bath & Shower Mixer Body Wall Mounted Model with Button Spout One Piece Body) 170±1 150±1 130±1"
"needs-price","FLR-5139","Jaquar","Bathware & plumbing","no","Single Lever Concealed Shower Mixer For Overhead Shower WALL FLANGE 841Ø"
"needs-price","FLR-5143","Jaquar","Bathware & plumbing","no","Single Lever Wall Mixer With Provision For Overhead Shower With 150X150mm Long Bend Pipe On Connecting Legs & Wall Flanges 1/2"" BSP"
"needs-price","FLR-5145","Jaquar","Bathware & plumbing","no","Concealed Single Lever Exposed Shower Mixer With Provision For (Composite Connection to Exposed Shower Pipe (SHA-1211NH & SHA- 1213) & Hand Shower With Connecting Legs & Wall Flanges 25 3/4 ""BSP PSB"" 2/1 07Ø 35 134 60 PSB ""2/1 07 Ø 170±1 130±1 150±1 1/2"" BSP 35 70"
"needs-price","FLR-5147","Jaquar","Bathware & plumbing","no","Single Lever Exposed Shower Mixer With Provision Connection to Exposed Shower Pipe (SHA-1211N) Connecting Legs & Wall Flanges 178"
"needs-price","FLR-5149","Jaquar","Bathware & plumbing","no","With Single Lever Exposed Shower Mixer for Connection to Hand Shower With Connecting Legs & Wall Flanges"
"needs-price","FLR-5163","Jaquar","Bathware & plumbing","no","180 Single Lever Sink Mixer Swinging Spout (Wall Model) With Connecting Legs & Wall Flanges"
"needs-price","FLR-5165","Jaquar","Bathware & plumbing","no","System Single Lever Sink Mixer With Swinging Spout on Upper Side (Wall Mounted Model) With Connecting Legs & Wall Flanges 200 841 10° ½""BSP 092 Ø52 1±051 260 87"
"needs-price","FLR-5166","Jaquar","Bathware & plumbing","no","Single Lever Surgical Purpose Elbow Action Sink Mixer (Wall Mounted) with Extended Operating Lever, Connecting Legs & Wall Flanges"
"needs-price","FLR-5167NB","Jaquar","Bathware & plumbing","no","Central Hole Basin Mixer with Regular Spout without Popup Waste System with 450mm Long Braided Hoses, 20mm Cartridge Size Also available"
"needs-price","FLR-5169NB","Jaquar","Bathware & plumbing","no","Central Hole Basin Mixer with RoundSpout with Popup Waste System with450mm Long Braided Hoses, 20mm Cartridge Size"
"needs-price","FLR-5173B","Jaquar","Bathware & plumbing","no","Mounted with Single Lever Sink Mixer with Swinging Spout (Table Mounted) with 450mm Long Braided Hoses ½""BSP 054 230 5° Ø52 332 593 1/2"" BSP 731 511 17º 205 Ø55 SHOWER HOUSE 1.2 MTR WEIGHT"
"needs-price","FLR-5177B","Jaquar","Bathware & plumbing","no","Quarter Turn | Basin Single Lever Sink Mixer (Table Mounted) with Hand Shower Dual Flow Complete with 1.2m with 450mm long Braided Hoses"
"needs-price","FLR-5179B","Jaquar","Bathware & plumbing","no","Side Single Lever Sink Mixer with Swinging Spout (Table Mounted) with 450mm Long Braided Hoses 56 081 054 long tube 25° 115 Ø50 ½""BSP Min.175 145 Max.200 M28 001 012 Ø58 1/2""BSP 75 M28 M28 1/2""BSP"
"needs-price","FLR-5189N","Jaquar","Bathware & plumbing","no","181 3-Hole Basin Mixer without Popup Waste System, 20mm Cartridge Size"
"needs-price","FLR-5191N","Jaquar","Bathware & plumbing","no","092 05.xaM 3-Hole Basin Mixer with Popup Waste System, 20mm Cartridge Size"
"needs-price","FLR-5193K","Jaquar","Bathware & plumbing","no","179 Consisting Single Lever 3-inlet Divertor Exposed parts kit Consisting of (with Seals), Operating Lever, Wall Flange & Button Only with ALD-079N) (Suitable For Item ALD-193)"
"needs-price","FLR-5213B","Jaquar","Bathware & plumbing","no","Single Lever 1-Hole Bidet Mixer with Popup Waste with 375mm Long Braided Hoses 1 1 ± ± 0 0 3 7 1 1 PSB ""2/1 07 Ø 35"
"needs-price","FLR-5215N","Jaquar","Bathware & plumbing","no","Exposed Wall Mixer With Provision Only for Overhead Hand Shower with Connecting Legs & Wall Flanges 200±1.0 180±1.0 160±1.0"
"needs-price","FLR-5217N","Jaquar","Bathware & plumbing","no","Wall Mixer with Telephone Shower Arrangement, Legs & Wall Flanges but without Crutch & Telephone 081 05.xaM ¾""BSP"
"needs-price","FLR-5219N","Jaquar","Bathware & plumbing","no","Shower & Wall Mixer Non-Telephonic Shower Arrangement with Connecting Legs & Wall Flanges 801 ¾""BSP PSB""½ Ø70 10° 35 70 155 1±002 1±081 1±061 07Ø 35 PSB""2/1 07Ø Ø34 43 66 155 10° 801 1/2"" BSP"
"needs-price","FLR-5227K","Jaquar","Bathware & plumbing","no","Connection To Single Lever Exposed Parts Kit of Deusch Mixer Consisting of Operating Lever, Cartridge Sleeve, Wall Flange (with"
"needs-price","FLR-5231NK","Jaquar","Bathware & plumbing","no","Exposed Parts kit of Single Consisting of Operating Lever, Spout & Two Wall Flanges & ALD-235NPSO"
"needs-price","FLR-5233NK","Jaquar","Bathware & plumbing","no","Exposed Part Kit of Consisting of Operating Nipple & Spout (Compatible"
"needs-price","FLR-5267N","Jaquar","Bathware & plumbing","no","Connecting Shower 011 ½""BSP Ø52 53 155 10° 35 66 155 10° PSB""½ 061 .xaM PSB""½ 07Ø 07Ø 801 Wall Mixer with Connector for Hand Shower arrangement with Connecting Legs, Wall Flanges & Wall Bracket forHand Shower 200±1 180±1 160±1 Ø70"
"needs-price","FLR-5271N","Jaquar","Bathware & plumbing","no","Bath Tub Mixer (Exposed Adjustable Legs) with Shower Arrangement & Crutch"
"needs-price","FLR-5273UPR","Jaquar","Bathware & plumbing","no","183 Telephone Wall Mixer with Provision For Overhead Shower with 115mm Long Bend Pipe On Upper Side, Connecting Legs & Wall Flanges"
"needs-price","FLR-5281N","Jaquar","Bathware & plumbing","no","031 54.niM 57.xaM Wall Mixer 3-in-1 System with Provision for both Shower and Overhead Shower Complete with Long Bend Pipe, Connecting Legs & Wall Flange Hand & Overhead Shower"
"needs-price","FLR-5309N","Jaquar","Bathware & plumbing","no","Sink Mixer with Regular Swinging Spout (Wall With Connecting Legs & Wall Flanges Ø50 ½""BSP"
"needs-price","FLR-5309ND","Jaquar","Bathware & plumbing","no","Mounted Model 55 10° 237 802 054 153 PSB""½ 07Ø 25° 25 100 521 091 Sink Mixer with Extended Swinging Spout (Wall Mounted Model) with Connecting Legs & Wall Flanges"
"needs-price","FLR-5319NB","Jaquar","Bathware & plumbing","no","Sink Mixer, 1-Hole with Swinging Extended Spout Mounted Model with 450mm Long Braided Hoses"
"needs-price","FLR-5347N","Jaquar","Bathware & plumbing","no","185 (Table Sink Cock with Regular Swinging Spout (Wall Mounted Model) With Wall Flange"
"needs-price","FLR-5347SD","Jaquar","Bathware & plumbing","no","½""BSP Sink Cock with Extended Swinging Spout (Wall Model) With Wall Flange"
"needs-price","FLR-5355N","Jaquar","Bathware & plumbing","no","½""BSP 051 05 10° 237 24 25° 115 24 561 05 032 Sink Cock with Provision for Connection to RO from rear side & Swinging Spout Mounted"
"needs-price","FLR-5357N","Jaquar","Bathware & plumbing","no","Sink Cock with Regular Swinging Spout (Table Mounted Model)F Ø42"
"needs-price","FLR-5357SD","Jaquar","Bathware & plumbing","no","85 PSB ""2/1 57 30 07 Ø Sink Cock with Extended Swinging Spout (Table Mounted Model) 45° 118 25° 561 115 05.xaM 1/2"" BSP"
"needs-price","FLR-5359N","Jaquar","Bathware & plumbing","no","186 Sink Cock (Table Mounted) with Angular Knob"
"needs-price","FLR-5421N","Jaquar","Bathware & plumbing","no","PSB""½ PSB""½ 4-Way Divertor for Concealed Fitting with Built-in Non-Return Valves with Divertor Handle 305 x 102 225 ½""BSP Hand 115mm (without PSB""½ 0063..xnaiMM 211 PSB""½ 216±1.0 232x62 150"
"needs-price","FLR-5427N","Jaquar","Bathware & plumbing","no","Concealed 4-Way Divertor Set with Hot & Cold Stop Cock with Built-in Non-Return Valves Piece Body"
"needs-price","FLR-5431N","Jaquar","Bathware & plumbing","no","232 x 62 ½""BSP ½""BSP Min.30 Max.50 150±1.0 216 173 68 232 x 62 ½""BSP ½""BSP Min.30 Max.50 216 ½""BSP 150±1.0 75 173 68 Concealed Two Concealed Stop Cocks (Composite One Piece Body) (Composite One"
"needs-price","FLR-5433N","Jaquar","Bathware & plumbing","no","182 Two Concealed Stop Cocks with Basin Spout One Piece Body"
"needs-price","FLR-5435N","Jaquar","Bathware & plumbing","no","Two Concealed Stop Cocks with Bath Spout one piece body 184"
"needs-price","FLR-5437N","Jaquar","Bathware & plumbing","no","Composite Two Concealed Stop Cocks with Bath Spout Button Attachment (Composite One Piece Body)"
"needs-price","FLR-5441NK","Jaquar","Bathware & plumbing","no","Composite Exposed Part Kit of Single ConcealedStop Cock Consisting of OperatingLever, Cartridge Sleeve, Wall Flange(with Seals) & Basin Spout (Compatible with ALD-441)"
"needs-price","FLR-5613NB","Jaquar","Bathware & plumbing","no","one 1±031 07Ø 56 021 1-Hole Bidet Mixer with Popup Waste System with 375mm Long Braided Hoses 25° 125 35182 PSB""½ 741 10° 35 125 305 0.1±071 051 0.1±031 07Ø"
"debris","FLR-5653","Jaquar","Bathware & plumbing","no","Opal OPP-CHR-15653PM Multifunction Thermostatic Shower Mixer with Divertor and Provision for Connection to Exposed Pipe (SHA-1211NH & SHA-1213), Overhead & with Connecting Legs & Wall Flange Queen’s Prime QQP-CHR-7215PM Exposed Wall Mixer with Provision Only for Overhead & Hand Shower with Connecting Legs & Wall 304 Multifunction Thermostatic Shower Mixer with Divertor and Provision for Connection to Exposed Shower Pipe (SHA-1211NH & SHA-1213), Overhead Shower with Connecting Legs & Wall Flange Flow rate: 35.16 ℓ/min* 53 PSB ""4/3 ±1002 081 PSB ""2/1"
"needs-price","FLR-5655","Jaquar","Bathware & plumbing","no","Mixer Exposed Shower Mixer (Wall Mounted) with Thermosatic Control with Connecting Legs & Wall Flanges 20° PSB ""2/1 53 1/2"" BSP Ø70 55 522"
"needs-price","FLR-5657","Jaquar","Bathware & plumbing","no","Exposed Bath Shower Mixer (Wall Mounted) with Control Cartridge with Button Attachment on Connecting Legs & Wall Flanges"
"needs-price","FLR-5659","Jaquar","Bathware & plumbing","no","303 Thermosatic Exposed Bath Shower Mixer (Tub Mounted) with Spout with Thermosatic Control Cartridge with Button Attachment on Spout with Straight Legs"
"needs-price","FLR-5661K","Jaquar","Bathware & plumbing","no","Aquamax Exposed Part Kit of Thermostatic Shower (Suitable for ALD-661)"
"debris","FLR-5677","Jaquar","Bathware & plumbing","no","OPP-CHR-15655PM Integrated Exposed Shower Mixer (Wall Mounted) with Thermostatic Shower Control with Connecting Legs & Wall Flanges Hand Shower 1/2""BSP Ø70 170 ± 1.0 150 130 ± 1.0 1/2""BSP 67 53 1/2""BSP 68 Ø70 53 4-Hole Thermostatic Bath & Shower Mixer, Deck Mounted 150 Eko 170±1 150 130±1 Ø70 275 1/2"" BSP PSB""2/1 1/2"" BSP 53 80 09 50 PSB ""2/1 170±1 150 130±1 Ø70 275 53 1/2"" BSP 1/2"" BSP ±1061 07Ø 07Ø 53 001 3/4"" BSP 75 35 153 55 1/2"" BSP"
"needs-price","FLR-5681K","Jaquar","Bathware & plumbing","no","Mixer Aquamax Exposed Part with 2-way diverter"
"needs-price","FLR-5683K","Jaquar","Bathware & plumbing","no","Aquamax Exposed Part Kit of Thermostatic Shower Mixer with 3-way diverter (Suitable for ALD-683) 188"
"needs-price","FLR-5783K","Jaquar","Bathware & plumbing","no","Aquamax Exposed Part Kit of SingleLever Shower 3-way diverter (Suitable for ALD-783) Single Lever | Bidet 211 573"
"needs-price","FLV-1039","Jaquar","Bathware & plumbing","no","Flush Valve Dual Flow with 32mm C ontrol Cock Set (Regular Size-front Operating Lever)"
"needs-price","FON-40005B","Jaquar","Bathware & plumbing","no","Single Lever Tall Boy With 150mm Extension Body & 600mm Long Braided Hoses Single Lever | Bath & Shower PSB ""2/1 43 501 1/2"" BSP 35 175 1±071 1±051 1±031 07 Ø 30° 84Ø R"
"needs-price","FON-40011","Jaquar","Bathware & plumbing","no","Pillar Cock 216 PSB ”½"
"needs-price","FON-40021","Jaquar","Bathware & plumbing","no","Pillar Cock with 140mm Extension Body 56 197 212 70 SPOUT NIPPLE 26X061 53Ø 5.03Ø WALL FLANGE HANDLES SLEEVES SPOUT 03.niM 05.xaM PSB ”½ 232x62 150±1.0 PSB ”½ 502"
"needs-price","FON-40023B","Jaquar","Bathware & plumbing","no","Single Lever Extended Basin Popup Waste System with Long Braided Hoses"
"needs-price","FON-40037","Jaquar","Bathware & plumbing","no","Bib Cock with Wall Flange PSB""½ 25 55Ø"
"needs-price","FON-40041","Jaquar","Bathware & plumbing","no","2 Way Bib Cock with 35 73 1/2"" BSP 92"
"needs-price","FON-40052B","Jaquar","Bathware & plumbing","no","Single Lever Extended Basin Popup Waste System with Also available"
"needs-price","FON-40053","Jaquar","Bathware & plumbing","no","Angular Stop Cock With Wall Flange"
"needs-price","FON-40055NK","Jaquar","Bathware & plumbing","no","Single Lever Exposed Parts Kit of Diverter Consisting Operating Lever, Cartridge Sleeve, Wall Flange (with Button Assembly Sleeve & Button (Compatible 581Ø"
"needs-price","FON-40079NK","Jaquar","Bathware & plumbing","no","of Single Lever Exposed Parts Kit of Hi-fl ow Diverter Consisting Seals of Operating Lever, Cartridge Sleeve, Wall Flange with ALD-055N) (with Seals), Button Assembly Sleeve & Button (Compatible with ALD-079N) Ø60 51Ø telnI dloC PSB ""2/1 telnI toH PSB ""2/1 058 06.niM )dednemm ocer( 021 .xaM 5101 220 Ø130 51 50 100 0711 1/2"" BSP Ø48 FRONT 1/2"" BSP 061 ot pu og nac ti"
"needs-price","FON-40083K","Jaquar","Bathware & plumbing","no","Exposed Part Kit of Fitting Sleeve, Operating Seal (compatible with"
"needs-price","FON-40119","Jaquar","Bathware & plumbing","no","Single Lever Wall Mixer With Provision Of Hand Shower, But W/O Hand Shower 170±1 150±1 130±1 Ø70 25 3/4 ""BSP PSB""2/1 35 138 60"
"needs-price","FON-40121K","Jaquar","Bathware & plumbing","no","Consisting of Exposed Parts of Floor Mounted Single Lever Bath Mixer For Item with Provision for Hand Shower, without Hand Shower & Shower Hose (Compatible with ALD-121) 127"
"needs-price","FON-40145","Jaquar","Bathware & plumbing","no","Single Lever Exposed Shower Connection to Exposed SHA-1213 & Hand Shower & Wall Flanges 126"
"needs-price","FON-40147","Jaquar","Bathware & plumbing","no","Single Lever Exposed Shower Mixer With Provision For Connection to Exposed Shower Pipe (SHA-1211N) With Connecting Legs & Wall Flanges"
"needs-price","FON-40149","Jaquar","Bathware & plumbing","no","Single Lever Exposed Shower Mixer for Connection Hand Shower with Connecting Legs & Wall Flanges 831Ø 71Ø 54Ø WALL FLANGE BUTTON"
"needs-price","FON-40165","Jaquar","Bathware & plumbing","no","Single Lever Sink Mixer With Swinging Spout on Side (Wall Mounted Model) With Connecting Legs Wall Flanges Quarter Turn | Basin 05.xaM 841"
"needs-price","FON-40173B","Jaquar","Bathware & plumbing","no","& Single Lever Sink Mixer with Swinging Spout (Table Mounted) with 450mm Long Braided Hoses 105 ½""BSP 38 25° Ø45 105 25° 882 05.xaM 322 Ø45 ½""BSP"
"needs-price","FON-40193K","Jaquar","Bathware & plumbing","no","Single Lever 3-inlet Divertor Exposed parts kit Operating Lever, Wall Flange & Button Only (Suitable ALD-193)"
"needs-price","FON-40227K","Jaquar","Bathware & plumbing","no","to Single Lever Exposed Parts Kit of Deusch Mixer Consisting of Operating Lever, Crtridge Sleeve, Wall Flange (with Seals)"
"needs-price","FON-40233NK","Jaquar","Bathware & plumbing","no","Exposed Part Kit of Single Consisting of Operating Flange, Nipple & Spout ALD-235N"
"needs-price","FON-40421","Jaquar","Bathware & plumbing","no","4-Way Divertor for Concealed Fitting with Built-in Non-Return Valves with Divertor Handle Quarter Turn | Taps PSB""½ 55Ø 30"
"needs-price","FON-40427","Jaquar","Bathware & plumbing","no","Concealed 4-Way Stop Cock with Built-in Piece Body 132 4 20°"
"needs-price","FON-40433","Jaquar","Bathware & plumbing","no","Two Concealed Stop Cocks with Basin Spout One Piece Body 128"
"needs-price","FON-40441K","Jaquar","Bathware & plumbing","no","Exposed Part Kit of Single Concealed Stop Cock Consisting (Composite of Operating Lever, Cartridge Sleeve, Wall Flange (with Seals) & Basin Spout (Compatible with ALD-441)"
"needs-price","FUS-29065NK","Jaquar","Bathware & plumbing","no","Consisting Single Lever Exposed Parts Kit of Diverter Consisting of (with Operating Lever, Wall Flange (with Seals) & Button Only (Compatible with Item ALD-065N) 841Ø Ø50 71Ø OPERATING LEVER WALL FLANGE 52 70 BUTTON B S U LE T E T V O E N 26Ø 21 SLEEVE 581Ø 71Ø 06x06"
"needs-price","FUS-29075K","Jaquar","Bathware & plumbing","no","581Ø Single Lever Exposed Parts Kit of Divertor Consisting Operating Lever, Wall Flange (With Seals) & Button (Suitable For Item ALD-075)"
"needs-price","FUS-29193K","Jaquar","Bathware & plumbing","no","Single Lever 3-inlet Divertor Exposed parts kit Operating Lever, Wall Flange & Button Only (Suitable For Item ALD-193) 148"
"needs-price","FUS-29231NK","Jaquar","Bathware & plumbing","no","Exposed Parts kit of Single Consisting of Operating Lever, Spout & Two Wall Flanges & ALD-235NPSO Single Lever | Bath &"
"needs-price","FUS-29783K","Jaquar","Bathware & plumbing","no","Aquamax Exposed Part Kit of Single Lever Shower Mixer with 3-way diverter (Suitable for ALD-783)"
"needs-price","HDR-SLV-AK2030","Jaquar","Bathware & plumbing","no","Nuovo dualflow touch-free infrared hand dryer with intelligent LED display, 1850W rated power, DC brushless motor & double HEPA filter Material: ABS Finish: Silver Paper Towel Dispenser Paper Towel Dispenser - Towels with c/z Folds - Wall Mounted"
"needs-price","HDR-SSF-AK2803D","Jaquar","Bathware & plumbing","no","Bolt touch-free infrared hand dryer with 1150W rated power & carbon brush motor Material: 304 Stainless Steel Finish: Stainless Steel Finish Accessories Hand Dryer - NUOVO"
"needs-price","HDR-SSF-AK2807","Jaquar","Bathware & plumbing","no","Flash touch-free infrared hand dryer with 1150W rated power & carbon brush motor Material: 304 Stainless Steel Finish: Stainless Steel Finish Hand Dryer - BOLT"
"needs-price","HIGH-FLOW","Jaquar","Bathware & plumbing","no","SHOWER MIXERS Max Performance More Flexibility Anti- scalding technology Works effi ciently even at low pressure Universal design, concealed body in Child lock for extra safety No need for pressure pump 1, 2 & 3 outlet options 8 ranges and 9 colours to select from 298"
"debris","HPM-WHT-P200","Jaquar","Bathware & plumbing","no","Rs"
"needs-price","HPM-WHT-P300","Jaquar","Bathware & plumbing","no","For use in multiple bathrooms with shower panels & bathtubs Recommended for: the Centralised Heating Solution for Multiple Bathrooms 119"
"debris","HPS-GRY-200X","Jaquar","Bathware & plumbing","no","Rs"
"debris","HPS-GRY-300X","Jaquar","Bathware & plumbing","no","Rs"
"debris","HPS-GRY-400X","Jaquar","Bathware & plumbing","no","Rs"
"debris","HPS-GRY-500X","Jaquar","Bathware & plumbing","no","jaquar.com 121"
"debris","HPS-WHT-200X","Jaquar","Bathware & plumbing","no","Rs"
"debris","HPS-WHT-300","Jaquar","Bathware & plumbing","no","Rs. For use in multiple bathrooms with shower panels & bathtubs"
"debris","HPS-WHT-300X","Jaquar","Bathware & plumbing","no","Rs"
"debris","HPS-WHT-400","Jaquar","Bathware & plumbing","no","Rs"
"debris","HPS-WHT-400X","Jaquar","Bathware & plumbing","no","Rs"
"debris","HPS-WHT-500","Jaquar","Bathware & plumbing","no","INTEGRA-X Product Specifications (Split Heat Pump) Details Integra-X (Split Heat Pump) Tank Volume (L) 200/300/400/500 Rated Heating Capacity (kW) 200 - 3.6/300 - 5.4 400 - 8.7/500 - 12.0 Rated Input Power (kW) 200 - 0.87/300 - 1.3 400 - 2.15/500 - 2.95 Working Ambient Temperature (Deg C) -7 ~ 43 Max Outlet Temperature (Deg C) 55/75 Required Power Supply (V/Ph/Hz) 220/1/50 Heating Element (kW) 200/300L - 3.0 400/500L - 4.0 Refrigerant Type R410a Net Dimension - Heat Pump (mm) D H W 200L 385 550 936 300L 385 550 936 400L 420 800 986 500L 420 800 986 Net Dimension - Water Tank (mm) W H 200L 515 1730 300L 685 1360 400L 685 1740 500L 733 1820 Warranty 4 Years on Tank, 3 Years on heating element, Compressor and Sealed System 2 Years on other components Weight - Heat Pump - Net/Gross (Kg) 200L 55/59 300L 60/65 400L 80/87 500L 96/104 Weight - Water Tank - Net/Gross (Kg) 200L 78/84 300L 88/95 400L 99/108 Rs"
"debris","HPS-WHT-500X","Jaquar","Bathware & plumbing","no","120 jaquar.com"
"needs-price","HSH-1653","Jaquar","Bathware & plumbing","no","Maze Hand Shower ø95mm Round Shape Single Flow (Face Plate Stainless Steel & ABS Body in Chrome finish) with Rubit Cleaning System Registered design no.283936 SQ.95 ½”BSP 091 65 °01 ½""BSP 59 091 °01"
"needs-price","HSH-1655","Jaquar","Bathware & plumbing","no","Maze Hand Shower 95X95mm Square Shape Single Flow (Face Plate Stainless Steel & ABS Body in Chrome finish) with Rubit Cleaning System Registered design no.283939 280"
"needs-price","HSH-1657","Jaquar","Bathware & plumbing","no","Maze Hand Shower 65X95mm Rectangular Shape Single Flow (Face Plate Stainless Steel & ABS Body in Chrome finish) with Rubit Cleaning System Registered design no.283937"
"needs-price","HSH-1715","Jaquar","Bathware & plumbing","no","Hand Shower ø105mm Round Shape Single Flow with Air Effect (ABS Body & Face Plate Chrome Plated) with Rubit Cleaning System HSH-BLM-1715 Hand Shower ø105mm Round Shape Single Flow with Air Effect (ABS Body with Face Plate Black Matt) with Rubit Cleaning System 275 57 57 Ø105 25 25 248 248 ½""BSP ½""BSP"
"needs-price","HSH-1717","Jaquar","Bathware & plumbing","no","Flow Hand Shower ø105mm Round Shape Single Flow Plated with Air Effect (ABS Body & Face Plate Chrome Plated) with Rubit Cleaning System"
"debris","HSH-1721","Jaquar","Bathware & plumbing","no","Hand Shower ø105mm Round Shape Multi Flow with Air Effect (ABS Body & Face Plate Chrome Plated) with Rubit Cleaning System HSH -1729 Hand Shower ø140mm Round Shape Multi Flow with Air Effect (ABS Body & Face Plate Chrome Plated) with Rubit Cleaning System HSH-WHM-1715 Hand Shower ø105mm Round Shape Single Flow with Air Effect (ABS Body with Face Plate White Matt) with Rubit Cleaning System Ø105 382 24"
"needs-price","HSH-1727","Jaquar","Bathware & plumbing","no","Hand Shower ø140mm Round Shape Single Flow with Air Effect (ABS Body & Face Plate Chrome Plated) with Rubit Cleaning System 57 Ø105 25 248 ½""BSP Ø140 1/2""BSP 26 mm"
"needs-price","HSH-1731","Jaquar","Bathware & plumbing","no","Hand Shower ø120mm Round Shape Multi Flow with Cascade Effect (ABS Body Chrome Plated with Gray Face Plate) with Rubit Cleaning System"
"needs-price","HSH-1737","Jaquar","Bathware & plumbing","no","Hand Shower ø95mm Round Shape Single Flow (ABS Body Chrome Plated with Gray Face Plate) with Rubit Cleaning System"
"needs-price","HSH-1739","Jaquar","Bathware & plumbing","no","Hand Shower ø95mm Round Shape Multi Flow (ABS Body Chrome Plated with Gray Face Plate) with Rubit Cleaning System 052 Ø120 ½ ""BSP 51 12""BSP 022 01"
"needs-price","HSH-1781","Jaquar","Bathware & plumbing","no","Hand Shower ø180mm Round Shape Single Flow (ABS Body Chrome Plated with Gray Face Plate) with Rubit Cleaning System Flow rate: 24.52 ℓ/min* ½""BSP 522 212 51 Multi-Function Showers ½""BSP"
"needs-price","HSH-1797","Jaquar","Bathware & plumbing","no","Hand Shower ø75mm Cylindrical Shape Multi Flow (Rain, Massage & Mist), Chrome Plated ABS Body with Gray Face Plate & Rubit Cleaning System Ø100"
"needs-price","HSH-1937","Jaquar","Bathware & plumbing","no","Hand Shower ø100mm Round Shape Single Flow (ABS Body Chrome Plated with Gray Face Plate) with Rubit Cleaning System Ø95"
"needs-price","HSH-1939","Jaquar","Bathware & plumbing","no","Hand Shower ø100mm Round Shape Multi Flow (ABS Body Chrome Plated with Gray Face Plate) with Rubit Cleaning System 284"
"needs-price","HSH-35537","Jaquar","Bathware & plumbing","no","Hand Shower 27x27mm Square Shape Single Flow (ABS Body & Face Plate Chrome Plated) with Rubit Cleaning System"
"needs-price","HSH-49537","Jaquar","Bathware & plumbing","no","Hand Shower 25x38mm Oval Shape Single Flow (ABS Body & Face Plate Chrome Plated) with Cleaning System 022 01"
"needs-price","HSH-5537N","Jaquar","Bathware & plumbing","no","282 Hand Shower ø24mm Round Shape Single Flow (ABS Body & Face Plate Chrome Plated) with Rubit Cleaning System"
"needs-price","HSH-5541","Jaquar","Bathware & plumbing","no","283 Hand Shower 32mm Round Shape Straight De- sign Dual Flow (ABS Body & Face Plate Chrome Plated) with Rubit Cleaning System"
"needs-price","HSH-85537","Jaquar","Bathware & plumbing","no","Alive Maze Hand Shower 68X100mm Round Edge & Rectangular Head Single Flow (Face Plate Stainless Steel & ABS Body in Chrome finish) with Rubit Cleaning System Registered design no.283938"
"needs-price","HSH-9537N","Jaquar","Bathware & plumbing","no","Victorian Hand Shower Head Round (Bell Type) Rubit Single Flow (Brass Chrome Plated ) with Rubit Cleaning System Ø100 ½""BSP Ø180 ½""BSP"
"debris","INP-BLM-12KW","Jaquar","Bathware & plumbing","no","Rs"
"debris","INP-BLM-18KW","Jaquar","Bathware & plumbing","no","Rs"
"debris","INP-BLM-24KW","Jaquar","Bathware & plumbing","no","INSTA Product Specifications Details Insta Volume (L) 1/3 Rated Wattage 3/4.5 kW Required Power Supply (V/Hz) 230/50 Temperature Range 25ºC to 75ºC Working Pressure (Mpa) 0.65 Inlet/Outlet Connection (Inch) 1/2 Inner Container Material Stainless Steel Warranty 5 Years on Tank 2 Years on Heating Element 2 Years on Other Parts Product Dimensions (in mm) W H D 1 Litre 200 330 150 3 Litres 230 370 200 Rs"
"debris","INP-WHT-07KW","Jaquar","Bathware & plumbing","no","Rs"
"debris","INP-WHT-09KW","Jaquar","Bathware & plumbing","no","jaquar.com 113"
"debris","INS-WHT-3KW01","Jaquar","Bathware & plumbing","no","Rs"
"debris","ITS-BEM-89107","Jaquar","Bathware & plumbing","no","15753NP180PPZ"
"debris","ITS-WHT-89107","Jaquar","Bathware & plumbing","no","15753NP180PPZ"
"needs-price","ITS-WHT-89851S300PPPM","Jaquar","Bathware & plumbing","no","PP SEAT COVER FOR ITS-WHT-6955P180PP, 6953NBIPP, 15753NS250PPZ, 23,500 15955P180PP & 15853S300PP"
"needs-price","JBT-WHT-ALIVE180FX","Jaquar","Bathware & plumbing","no","Built-in Bathtub with Powder MS Frame"
"debris","JBT-WHT-ALIVE180X","Jaquar","Bathware & plumbing","no","12,000"
"needs-price","JBT-WHT-ARC190FX","Jaquar","Bathware & plumbing","no","Built-in Bathtub with Powder MS Frame"
"debris","JBT-WHT-ARC190X","Jaquar","Bathware & plumbing","no","12,000"
"needs-price","JBT-WHT-DARC180FX","Jaquar","Bathware & plumbing","no","Built-in Bathtub with Powder MS Frame"
"needs-price","JBT-WHT-DARC180X","Jaquar","Bathware & plumbing","no","Built-in Bathtub"
"needs-price","JBT-WHT-FONT150FX","Jaquar","Bathware & plumbing","no","Built-in Bathtub with Powder MS Frame 4,150 JWA-WHT-FONT150FPXRs. Front Panels"
"debris","JBT-WHT-FONT150X","Jaquar","Bathware & plumbing","no","12,000"
"needs-price","JBT-WHT-FONT160FX","Jaquar","Bathware & plumbing","no","Built In Bathtub with Powder MS Frame JWA-WHT-FONT160FPXRs. Front Panel"
"needs-price","JBT-WHT-FONT160X","Jaquar","Bathware & plumbing","no","Built In Bathtub"
"needs-price","JBT-WHT-FONT170FX","Jaquar","Bathware & plumbing","no","Built In Bathtub with Powder MS Frame 12,000 JWA-WHT-FONT170FPXRs. Filler Front Panel 4,150"
"debris","JBT-WHT-FONT170X","Jaquar","Bathware & plumbing","no","5,800"
"needs-price","JBT-WHT-FONT180FX","Jaquar","Bathware & plumbing","no","Built In Bathtub with Powder MS Frame"
"needs-price","JBT-WHT-FONT180X","Jaquar","Bathware & plumbing","no","Built In Bathtub"
"needs-price","JBT-WHT-FONTR150FX","Jaquar","Bathware & plumbing","no","Built-in Bathtub with Powder MS Frame"
"debris","JBT-WHT-FONTR150X","Jaquar","Bathware & plumbing","no","12,000"
"needs-price","JBT-WHT-FSBT167543X","Jaquar","Bathware & plumbing","no","Free Standing Bathtub with built in over flow & pop-up waste *560 mm is the outer size"
"needs-price","JBT-WHT-FSBT177542X","Jaquar","Bathware & plumbing","no","& Legs Free Standing Bathtub with Over Flow & Drain Legs jaquar.com 187"
"needs-price","JBT-WHT-FSBT177544X","Jaquar","Bathware & plumbing","no","Free Standing Bathtub with Over Flow & Drain Eggy 1700 x 850 x 450/580 mm"
"needs-price","JBT-WHT-FSBT177840X","Jaquar","Bathware & plumbing","no","Free Standing Bathtub with Over Flow & Drain *560 mm is the outer size Oliv 1600 x 750 x 430/570 mm"
"needs-price","JBT-WHT-FSBTLG6001","Jaquar","Bathware & plumbing","no","Free Standing Bathtub with Built-In Overflow, Pop-Up Queens 1702 x 787 x 434/615 mm"
"needs-price","JBT-WHT-FSBTLG6005","Jaquar","Bathware & plumbing","no","Waste Laguna Free Standing Bathtub with Holes For 5 Hole Filler, Built-In Overflow, Pop-Up Waste Alaska 1712 x 760 x 440/580 mm"
"needs-price","JBT-WHT-FSBTMAD1778","Jaquar","Bathware & plumbing","no","Free Standing Bathtub with Chrome Over Flow, Waste"
"needs-price","JBT-WHT-FSBTMAD1778G","Jaquar","Bathware & plumbing","no","Free Standing Bathtub with Gold Over Flow, Waste &"
"needs-price","JBT-WHT-FSBTPB278X","Jaquar","Bathware & plumbing","no","Free Standing Bathtub with Over Flow & Drain 188 jaquar.com"
"needs-price","JBT-WHT-FUSN140FX","Jaquar","Bathware & plumbing","no","Built-in Bathtub with Powder MS Frame"
"needs-price","JBT-WHT-FUSN140X","Jaquar","Bathware & plumbing","no","Built-in Bathtub"
"needs-price","JBT-WHT-KUBIX180FX","Jaquar","Bathware & plumbing","no","Built-in Bathtub with Powder MS Frame"
"needs-price","JBT-WHT-KUBIX180X","Jaquar","Bathware & plumbing","no","Built-in Bathtub"
"needs-price","JBT-WHT-KUBIXP180FX","Jaquar","Bathware & plumbing","no","Built-in Bathtub with Powder MS Frame"
"needs-price","JBT-WHT-KUBIXP180X","Jaquar","Bathware & plumbing","no","Built in Bathtub"
"needs-price","JBT-WHT-LAGUNA170X","Jaquar","Bathware & plumbing","no","Built-in Bathtub JBT-WHT-LAGUNA170FXRs. Built-in Bathtub with Powder MS Frame"
"debris","JBT-WHT-LAGUNA180X","Jaquar","Bathware & plumbing","no","12,000"
"debris","JBT-WHT-OPALPM180X","Jaquar","Bathware & plumbing","no","12,000"
"needs-price","JBT-WHT-VGNTP190FX","Jaquar","Bathware & plumbing","no","Built-in Bathtub with Powder MS Frame"
"needs-price","JBT-WHT-VGNTP190X","Jaquar","Bathware & plumbing","no","Built-in Bathtub"
"needs-price","JCS-WHT-2400","Jaquar","Bathware & plumbing","no","Single Piece Slim Concealed 5,200 Body With Installation Kit (without Flush Control Plate)"
"needs-price","JCS-WHT-2400FP","Jaquar","Bathware & plumbing","no","Frame, Single Piece Slim Concealed Drain Cistern With Floor Mounting Frame, Hung Installation Kit And “P-Type” Drain Plate Pipe Connection Set For Wall WC (without Flush Control Plate) with Front or Top Actuation 4,700 with control 5,350 with pipe WC"
"needs-price","JCS-WHT-2400FS","Jaquar","Bathware & plumbing","no","Single Piece Slim Concealed Cistern with Floor Mounting Installation Kit and “S-Type” Pipe Connection Set for Wall WC (without Flush Control Concealed Cistern Body"
"debris","JCS-WHT-2400P","Jaquar","Bathware & plumbing","no","214 jaquar.com"
"needs-price","JCS-WHT-2400S","Jaquar","Bathware & plumbing","no","Single Piece Slim Concealed Cistern Body with Installation “S-Type” drain pipe connection for Wall Hung WC (without Control Plate) Also Available"
"needs-price","JCS-WHT-2400WP","Jaquar","Bathware & plumbing","no","Frame, Single Piece Slim Concealed Drain Cistern With Wall Mounting Frame, Hung Installation Kit And “P-Type” Drain Pipe Connection Set For Wall Hung WC (without Flush Control Plate)"
"needs-price","JCS-WHT-2400WS","Jaquar","Bathware & plumbing","no","“P-Type” Single Piece Slim Concealed Wall Cistern With Wall Mounting Installation Kit And “S-Type” Pipe Connection Set For Wall WC (without Flush Control Plate) Cistern"
"needs-price","JCS-WHT-2431","Jaquar","Bathware & plumbing","no","Single Piece Concealed Cistern Body (Front or Top Actuation) Installation Kit (without flush plate)"
"needs-price","JCS-WHT-2431FP","Jaquar","Bathware & plumbing","no","Single Piece Concealed Cistern Body (Front or Top Actuation) with Floor Mounting Frame, Installation Kit and “P-Type” Drain Pipe Connection Set for Wall Hung WC (without Flush Control Plate)"
"needs-price","JCS-WHT-2431FS","Jaquar","Bathware & plumbing","no","Single Piece Concealed Cistern Body (Front or Top Actuation) with Floor Mounting Frame, Installation Kit and “S-Type” Drain Pipe Connection Set for Wall Hung WC (without Flush Control Plate) jaquar.com 215"
"needs-price","JCS-WHT-2431P","Jaquar","Bathware & plumbing","no","Single Piece Concealed Cistern Body (Front or Top Actuation) Installation Kit & “P-Type” drain connection set for Wall Hung (without Flush Control Plate)"
"needs-price","JCS-WHT-2431S","Jaquar","Bathware & plumbing","no","Single Piece Concealed Cistern Body (Front or Top Actuation) with Installation Kit & “S-Type” drain pipe connection set for Wall Hung WC Hung (without Flush Control Plate) Concealed Cistern Body with Front or Top Actuation with Floor Mounted Frame"
"needs-price","JSC-WHT-OASIS1010","Jaquar","Bathware & plumbing","no","Size: 1000 x 1000 x 2160 mm Material: ACP + Glass + Acrylic Steam Generator: 4 kW"
"needs-price","JSC-WHT-OASIS1210","Jaquar","Bathware & plumbing","no","Size: 1200 x 1000 x 2160 mm Material: ACP + Glass + Acrylic Steam Generator: 4 kW jaquar.com 185"
"needs-price","JSC-WHT-OASIS9090","Jaquar","Bathware & plumbing","no","Size: 900 x 900 x 2160 mm Material: ACP + Glass + Acrylic Steam Generator: 4 kW"
"debris","JSE-ABR-ENNA1010X","Jaquar","Bathware & plumbing","no","H: 1950 W: 1000 x 1000 Rs"
"debris","JSE-ABR-ENNA9090X","Jaquar","Bathware & plumbing","no","H: 1950 W: 900 x 900 Rs"
"debris","JSE-ACR-ALP110F1000H20X","Jaquar","Bathware & plumbing","no","H: 2000 W: 1000 Rs"
"debris","JSE-ACR-ALP110F700H20X","Jaquar","Bathware & plumbing","no","H: 2000 W: 700 Rs"
"debris","JSE-ACR-ALP110F800H20X","Jaquar","Bathware & plumbing","no","H: 2000 W: 800 Rs"
"debris","JSE-ACR-ENNA1010X","Jaquar","Bathware & plumbing","no","H: 1950 W: 1000 x 1000 Rs. ENNA Black Matt New Description: Corner entry shower enclosure with door sliding to sides - 4 parts Glass: 6mm Finish: Black Matt Size"
"debris","JSE-ACR-ENNA1012X","Jaquar","Bathware & plumbing","no","both H: 1950 W: 1000 x 1200 Rs"
"debris","JSE-ACR-ENNA1212X","Jaquar","Bathware & plumbing","no","H: 1950 W: 1200 x 1200 Rs"
"debris","JSE-ACR-ENNA1512X","Jaquar","Bathware & plumbing","no","H: 1950 W: 1500 x 1200 Rs"
"debris","JSE-ACR-ENNA9090X","Jaquar","Bathware & plumbing","no","H: 1950 W: 900 x 900 Rs"
"debris","JSE-BLM-DEL9090X","Jaquar","Bathware & plumbing","no","H: 1950 W: 900 x 900 Rs"
"debris","JSE-BLM-ENNA1010X","Jaquar","Bathware & plumbing","no","H: 1950 W: 1000 x 1000 Rs. FUSION PLUS New Description: “L” shaped shower enclosure with sliding door and from the front Glass: 8mm Finish: Chrome Size: 196 jaquar.com"
"debris","JSE-BLM-ENNA1012X","Jaquar","Bathware & plumbing","no","both H: 1950 W: 1000 x 1200 Rs"
"debris","JSE-BLM-ENNA1212X","Jaquar","Bathware & plumbing","no","H: 1950 W: 1200 x 1200 Rs"
"debris","JSE-BLM-ENNA1512X","Jaquar","Bathware & plumbing","no","H: 1950 W: 1500 x 1200 Rs"
"debris","JSE-BLM-ENNA9090X","Jaquar","Bathware & plumbing","no","H: 1950 W: 900 x 900 Rs"
"debris","JSE-CHR-185C2832H19X","Jaquar","Bathware & plumbing","no","H: 1950 W: 2800 - 3200 Rs"
"debris","JSE-CHR-185C3236H19X","Jaquar","Bathware & plumbing","no","H: 1950 W: 3201 - 3600 Rs"
"debris","JSE-CHR-185C3640H19X","Jaquar","Bathware & plumbing","no","H: 1950 W: 3600 - 4000 Rs. Metal finishes CHR ABR ACR BLM GBP GMP The finishes depicted here are only indicative that of actual product. MODEL: 1860-T / 1160-T Description: T- shaped shower enclosure seperating two shower/ wc areas with a common glass. Two doors in the front, fixed on the common glass. Finish: Chrome Glass: 8mm / 10mm 8mm Sizes: (in mm)"
"debris","JSE-CHR-186T303419X","Jaquar","Bathware & plumbing","no","H: 1950 W: 3000 - 3400 Rs. Metal finishes CHR ABR ACR BLM GBP GMP The finishes depicted here are only indicative that of actual product"
"debris","JSE-CHR-810D0680H19X","Jaquar","Bathware & plumbing","no","H: 1950 W: 600 - 800 Rs"
"debris","JSE-CHR-810D0810H19X","Jaquar","Bathware & plumbing","no","H: 1950 W: 801 - 1000 Rs. Metal finishes CHR ABR ACR BLM GBP GMP The finishes depicted here are only that of actual product. MODEL NO. 1810-T / 1110-T Description: Free walk-in shower enclosure - Tub mounted Finish: Chrome Glass: 8mm / 10mm 8mm Sizes"
"debris","JSE-CHR-810F0680H19X","Jaquar","Bathware & plumbing","no","H: 1950 W: 600 - 800 Rs"
"debris","JSE-CHR-810F0812H19X","Jaquar","Bathware & plumbing","no","H: 1950 W: 801 - 1200 Rs"
"debris","JSE-CHR-810F1216H19X","Jaquar","Bathware & plumbing","no","H: 1950 W: 1201 - 1600 Rs. Metal finishes CHR ABR ACR BLM GBP GMP The finishes depicted here are only indicative that of actual product. 1810 S / 1110 S Description: Free walk-in shower enclosure with stabilizer - 1 part Finish: Chrome Glass: 8mm / 10mm 8mm Size: Metal finishes CHR ABR ACR BLM GBP GMP The finishes depicted here are only indicative that of actual product. All product sizes in mm"
"debris","JSE-CHR-810T0680X","Jaquar","Bathware & plumbing","no","H: 1400 W: 600 - 800 Rs"
"debris","JSE-CHR-810T0812X","Jaquar","Bathware & plumbing","no","H: 1400 W: 801 - 1200 Rs"
"debris","JSE-CHR-810T1216X","Jaquar","Bathware & plumbing","no","H: 1400 W: 1201 - 1600 Rs. Metal finishes CHR ABR ACR BLM GBP GMP The finishes depicted here are only that of actual product. All product sizes in mm"
"debris","JSE-CHR-820G1216H19X","Jaquar","Bathware & plumbing","no","H: 1950 W: 1201 - 1600 Rs. Metal finishes CHR ABR ACR BLM GBP GMP The finishes depicted here are only indicative that of actual product. MODEL NO. 1820 W / 1120 W Description: Wall to wall shower enclosure with one fixed glass and one openable door fixed on wall - parts Enclosure Finish: Chrome Glass: 8mm / 10mm 8mm Sizes"
"debris","JSE-CHR-820G8012H19X","Jaquar","Bathware & plumbing","no","H: 1950 W: 800 - 1200 Rs"
"debris","JSE-CHR-830G1216H19X","Jaquar","Bathware & plumbing","no","H: 1950 W: 1201 - 1600 Rs"
"debris","JSE-CHR-830G1620H19X","Jaquar","Bathware & plumbing","no","H: 1950 W: 1601 - 2000 Rs. Metal finishes CHR ABR ACR BLM GBP GMP The finishes depicted here are only indicative that of actual product. MODEL NO. 1840-L / 1140-L Description: Corner shower with two fixed glass and openable door fixed on the side panel - 3 Finish: Chrome Glass: 8mm / 10mm 8mm Sizes"
"debris","JSE-CHR-830ST1216H23","Jaquar","Bathware & plumbing","no","H: 2300 W: 1200 - 1600 Rs"
"debris","JSE-CHR-830ST1620H23","Jaquar","Bathware & plumbing","no","H: 2300 W: 1601 - 2000 Rs"
"debris","JSE-CHR-830ST2024H23","Jaquar","Bathware & plumbing","no","H: 2300 W: 2001 - 2400 Rs"
"debris","JSE-CHR-830ST2428H23","Jaquar","Bathware & plumbing","no","H: 2300 W: 2401 - 2800 Rs. MODEL NO. 1840-ST / 1140-ST Description: Corner enclosure with one fixed glass and openable door the front and one fixed glass on the side covered with a roof on the top. Glass: 8mm / 10mm Finish: Chrome 8mm Size: (in mm)"
"debris","JSE-CHR-840F0812H19X","Jaquar","Bathware & plumbing","no","H: 1950 W: 800 - 1200 Rs"
"debris","JSE-CHR-840F1216H19X","Jaquar","Bathware & plumbing","no","H: 1950 W: 1201 - 1600 Rs. Metal finishes CHR ABR ACR BLM GBP GMP The finishes depicted here are only indicative that of actual product. MODEL: 1840-P / 1140-P Description: Pentagonal shaped entry shower enclosure with two glass and door in between - 3 Finish: Chrome Glass: 8mm / 10mm 8mm Sizes: (in mm)"
"debris","JSE-CHR-840G1620H19X","Jaquar","Bathware & plumbing","no","H: 1950 W: 1600-2000 Rs"
"debris","JSE-CHR-840G2224H19X","Jaquar","Bathware & plumbing","no","H: 1950 W: 2001 - 2400 Rs"
"debris","JSE-CHR-840G2428H19X","Jaquar","Bathware & plumbing","no","H: 1950 W: 2401 - 2800 Rs. Metal finishes CHR ABR ACR BLM GBP GMP The finishes depicted here are only indicative that of actual product"
"debris","JSE-CHR-840L1620H19X","Jaquar","Bathware & plumbing","no","H: 1950 W: 1600 - 2000 Rs"
"debris","JSE-CHR-840L2024H19X","Jaquar","Bathware & plumbing","no","H: 1950 W: 2001 - 2400 Rs"
"debris","JSE-CHR-840L2428H19X","Jaquar","Bathware & plumbing","no","H: 1950 W: 2401 - 2800 Rs. Metal finishes CHR ABR ACR BLM GBP GMP The finishes depicted here are only indicative that of actual product. 206 jaquar.com"
"debris","JSE-CHR-840P1620H19X","Jaquar","Bathware & plumbing","no","H: 1950 W: 1600 - 2000 Rs"
"debris","JSE-CHR-840P2024H19X","Jaquar","Bathware & plumbing","no","H: 1950 W: 2001 - 2400 Rs. Metal finishes CHR ABR ACR BLM GBP GMP The finishes depicted here are only indicative that of actual product. All product sizes in mm"
"debris","JSE-CHR-840ST2024H21","Jaquar","Bathware & plumbing","no","H: 2100 W: 2000 - 2400 Rs"
"debris","JSE-CHR-840U1620H19X","Jaquar","Bathware & plumbing","no","H: 1950 W: 1600 - 2000 Rs"
"debris","JSE-CHR-840U2024H19X","Jaquar","Bathware & plumbing","no","H: 1950 W: 2001 - 2400 Rs. Metal finishes CHR ABR ACR BLM GBP GMP The finishes depicted here are only indicative that of actual product. MODEL: 1840 U-4 PART Description: U Shaped shower enclosure with 2 fixed glass at and 1 openable door & 1 fixed glass in front Finish: Chrome Glass: 8mm 8mm Sizes: (in mm) Metal finishes CHR ABR ACR BLM GBP GMP The finishes depicted here are only indicative that of actual product"
"debris","JSE-CHR-840W1620H19X","Jaquar","Bathware & plumbing","no","H: 1950 W: 1600 - 2000 Rs"
"debris","JSE-CHR-840W2024H19X","Jaquar","Bathware & plumbing","no","H: 1950 W: 2001 - 2400 Rs. Metal finishes CHR ABR ACR BLM GBP GMP The finishes depicted here are only indicative that of actual product. MODEL NO. 1840-G / 1140-G Description: Corner shower enclosure with two fixed glass and openable door fixed on the side panel - 3 Finish: Chrome Glass: 8mm / 10mm 8mm Sizes: (in mm)"
"debris","JSE-CHR-DEL9090X","Jaquar","Bathware & plumbing","no","H: 1950 W: 900 x 900 Rs. DELTA Black Description: Corner entry half 29,000 shower enclosure with curved door - 4 parts 29,500 Finish: Black Matt Glass: 6mm"
"debris","JSE-CHR-ENNA1010X","Jaquar","Bathware & plumbing","no","H: 1950 W: 1000 x 1000 Rs. All product sizes in mm"
"debris","JSE-CHR-ENNA1012X","Jaquar","Bathware & plumbing","no","H: 1950 W: 1000 x 1200 Rs"
"debris","JSE-CHR-ENNA1212X","Jaquar","Bathware & plumbing","no","H: 1950 W: 1200 x 1200 Rs"
"debris","JSE-CHR-ENNA1512X","Jaquar","Bathware & plumbing","no","H: 1950 W: 1500 x 1200 Rs"
"debris","JSE-CHR-ENNA9090X","Jaquar","Bathware & plumbing","no","H: 1950 W: 900 x 900 Rs"
"debris","JSE-CHR-FUSP1210X","Jaquar","Bathware & plumbing","no","H: 2000 W: 1200 x 1000 Rs"
"debris","JSE-CHR-FUSP1280X","Jaquar","Bathware & plumbing","no","entry H: 2000 W: 1200 x 800 Rs"
"debris","JSE-CHR-FUSP1290X","Jaquar","Bathware & plumbing","no","H: 2000 W: 1200 x 900 Rs"
"debris","JSE-CHR-S810S0680H20X","Jaquar","Bathware & plumbing","no","H: 2000 W: 600 - 800 Rs. Stark Series S820 W Description: Wall to wall enclosure with one fixed glass and openable door fixed with wall Finish: Chrome Glass: 8mm Size"
"debris","JSE-CHR-S820W0812H20X","Jaquar","Bathware & plumbing","no","H: 2000 W: 800-1200 Rs"
"debris","JSE-CHR-S830G1216H20X","Jaquar","Bathware & plumbing","no","H: 2000 W: 1200 - 1600 Rs. S840 L Description: Corner enclosure with fixed glass and 1 openable door fixed with side panel with square hardware & profile Finish: Chrome Glass: 8mm Size"
"debris","JSE-CHR-S840L1620H20X","Jaquar","Bathware & plumbing","no","H: 2000 W: 1600 - 2000 Rs. Aura Semi Framed AURA Chrome Description: Wall to wall enclosure with 2 fixed glass and 1 openable in between in standard dimension Adjustable up to 100mm. Glass: 8 mm Finish: Chrome Sizes"
"debris","JSE-CHR-STLSDR1015X","Jaquar","Bathware & plumbing","no","H: 2000 W: 1000 - 1500 Rs. OPTIMA 2D (Double Door) Description: Wall to wall enclosure with 2 fixed glass and 2 sliding door in between Finish: Chrome Glass: 8mm"
"debris","JSE-GLD-OPTSDR1015X","Jaquar","Bathware & plumbing","no","H: 2000 W: 1000 -1500 Rs"
"debris","JSE-GLD-OPTSDR1520X","Jaquar","Bathware & plumbing","no","H: 2000 W: 1500 - 2000 Rs"
"debris","JSE-WHT-STQD9090X","Jaquar","Bathware & plumbing","no","H: 40 W: 900 x 900 Rs. Square Models Description: Shower Tray in square shape with standard dimensions"
"debris","JSE-WHT-STSQ9090X","Jaquar","Bathware & plumbing","no","H: 40 W: 900 x 900 Rs. All product sizes in mm"
"needs-price","JSG-BLK-CPROUND","Jaquar","Bathware & plumbing","no","Control Panel For Jaquar Steam Generator (Black) 89 mm Dia 3,11,000 Oasis Oasis Steam & Shower Cabin"
"needs-price","JSG-BLK-CPSQUARE","Jaquar","Bathware & plumbing","no","Control Panel For Jaquar Steam Generator (Black) 103 x 103 mm 22,900 maetS"
"needs-price","JSG-BLK-PIUVAP5000ST","Jaquar","Bathware & plumbing","no","Jaquar Smart Vapour STEAM GENERATOR MID Series Features Touch button IP67 rating Temperature Auto Auto drain Auto display for display setting water inlet power off Stainless Heating Water Newly Over heat Pressure steel body Element processor designed protection safety value steam nozzle"
"needs-price","JSG-WHT-CPROUND","Jaquar","Bathware & plumbing","no","Control Panel For Jaquar Steam Generator (White) 89 mm Dia 22,900 dlos"
"needs-price","JSG-WHT-CPSQUARE","Jaquar","Bathware & plumbing","no","Control Panel For Jaquar Steam Generator (White) 103 x 103 mm 22,900 rotareneg .yletarapes"
"needs-price","JSG-WHT-NMID120","Jaquar","Bathware & plumbing","no","Steam Generator Without Digital Control Panel- 12 kW 475 x 185 x 450 mm"
"needs-price","JSG-WHT-NMID150","Jaquar","Bathware & plumbing","no","Steam Generator Without Digital Control Panel- 15 kW 510 x 185 x 460 mm"
"needs-price","JSG-WHT-NMID180","Jaquar","Bathware & plumbing","no","Steam Generator Without Digital Control Panel- 18 kW 510 x 185 x 460 mm"
"needs-price","JSG-WHT-NMID225","Jaquar","Bathware & plumbing","no","Steam Generator Without Digital Control Panel- 22.5 kW 510 x 185 x 460 mm"
"needs-price","JSG-WHT-NMID240","Jaquar","Bathware & plumbing","no","Steam Generator Without Digital Control Panel- 24 kW 510 x 185 x 460 mm 184 jaquar.com"
"needs-price","JSG-WHT-NMID40","Jaquar","Bathware & plumbing","no","Steam Generator Without Digital Control Panel- 4 kW 425 x 160 x 315 mm"
"needs-price","JSG-WHT-NMID60","Jaquar","Bathware & plumbing","no","Steam Generator Without Digital Control Panel- 6 kW 425 x 160 x 315 mm"
"needs-price","JSG-WHT-NMID90","Jaquar","Bathware & plumbing","no","Steam Generator Without Digital Control Panel- 9 kW 475 x 185 x 450 mm"
"debris","JWA-WHT-ARCFPX","Jaquar","Bathware & plumbing","no","6,800 (Side Panel) 4,200"
"debris","JWA-WHT-FONT150FPX","Jaquar","Bathware & plumbing","no","Side Panel"
"debris","JWA-WHT-FONT160FPX","Jaquar","Bathware & plumbing","no","Side Panel"
"needs-price","JWA-WHT-FONT160SPX","Jaquar","Bathware & plumbing","no","Fonte -R 1500 x 1500 x 470 mm (Combi System)"
"debris","JWA-WHT-FONT170FPX","Jaquar","Bathware & plumbing","no","Front Panel"
"debris","JWA-WHT-FP180X","Jaquar","Bathware & plumbing","no","Side Panel"
"debris","JWA-WHT-FPLAG170X","Jaquar","Bathware & plumbing","no","Side Panel"
"debris","JWA-WHT-FPLAG180X","Jaquar","Bathware & plumbing","no","Side Panel"
"needs-price","JWA-WHT-FUSNCPX","Jaquar","Bathware & plumbing","no","Angular Panel & Fitting Laguna"
"debris","JWA-WHT-OPALPMFPX","Jaquar","Bathware & plumbing","no","Front Panels"
"needs-price","JWA-WHT-SP110X","Jaquar","Bathware & plumbing","no","Also available (Whirlpool and"
"needs-price","JWA-WHT-SP55X","Jaquar","Bathware & plumbing","no","Also available Laguna 180x70x45 cm"
"needs-price","JWA-WHT-SP75X","Jaquar","Bathware & plumbing","no","Also available Fonte 170x75x42 cm"
"needs-price","JWA-WHT-SP80X","Jaquar","Bathware & plumbing","no","Also available (Combi System"
"debris","JWA-WHT-VGNTPFPX","Jaquar","Bathware & plumbing","no","6,800 (Side Panel) 6,800"
"needs-price","JWA-WHT-VGNTPSPX","Jaquar","Bathware & plumbing","no","Also available 2,97,000 Vignette Prime 2,87,000"
"debris","JWP-WHT-ALIVE180CX","Jaquar","Bathware & plumbing","no","Water System"
"debris","JWP-WHT-ALIVE180WX","Jaquar","Bathware & plumbing","no","Front Panel"
"debris","JWP-WHT-ARC190CX","Jaquar","Bathware & plumbing","no","1,66,000 (Water System) 1,56,000"
"debris","JWP-WHT-ARC190WX","Jaquar","Bathware & plumbing","no","10,000 (Front Panel) 23,300"
"debris","JWP-WHT-DARC180CX","Jaquar","Bathware & plumbing","no","Water System"
"needs-price","JWP-WHT-DARC180FLTCX","Jaquar","Bathware & plumbing","no","Whirlpool and Combi System Filtration System"
"debris","JWP-WHT-DARC180WX","Jaquar","Bathware & plumbing","no","Front Panel"
"debris","JWP-WHT-FONTE150CX","Jaquar","Bathware & plumbing","no","10,000 (Water System) 1,21,000"
"debris","JWP-WHT-FONTE150WX","Jaquar","Bathware & plumbing","no","Front Panel"
"debris","JWP-WHT-FONTE160CX","Jaquar","Bathware & plumbing","no","Water System"
"debris","JWP-WHT-FONTE160WX","Jaquar","Bathware & plumbing","no","Front Panel"
"debris","JWP-WHT-FONTE170CX","Jaquar","Bathware & plumbing","no","1,53,000 (Combi System) 1,41,000"
"needs-price","JWP-WHT-FONTE170FLTCX","Jaquar","Bathware & plumbing","no","Whirlpool and Airpool Combi System with Filtration System"
"debris","JWP-WHT-FONTE170WX","Jaquar","Bathware & plumbing","no","5,700 (Water System) 1,17,000"
"debris","JWP-WHT-FONTE180CX","Jaquar","Bathware & plumbing","no","1,53,000 (Water System) 1,24,000"
"needs-price","JWP-WHT-FONTE180FLTCX","Jaquar","Bathware & plumbing","no","Whirlpool and Airpool Combi System with Filtration System Fonte 1700 x 750 x 420 mm 1500 x 750 x 420 mm 1,72,000 (Combi System) 1,44,000"
"debris","JWP-WHT-FONTE180WX","Jaquar","Bathware & plumbing","no","10,000 (Front Panel) 10,000"
"debris","JWP-WHT-GMI140CX","Jaquar","Bathware & plumbing","no","1,18,000 (Water System) 1,38,000"
"needs-price","JWP-WHT-GMI140WX","Jaquar","Bathware & plumbing","no","9,500 (Angular Panel) 15,200"
"debris","JWP-WHT-KUBIX180CX","Jaquar","Bathware & plumbing","no","Water System"
"needs-price","JWP-WHT-KUBIX180FLTCX","Jaquar","Bathware & plumbing","no","Filtration Alive 1800 x 800 x 470 mm (Combi System)"
"debris","JWP-WHT-KUBIX180WX","Jaquar","Bathware & plumbing","no","Front Panel"
"debris","JWP-WHT-KUBIXPM180CX","Jaquar","Bathware & plumbing","no","Water System"
"needs-price","JWP-WHT-KUBIXPM180FLTCX","Jaquar","Bathware & plumbing","no","Combi System Filtration System D’Arc 1800 x 1100 x 470 mm (Combi System)"
"debris","JWP-WHT-KUBIXPM180WX","Jaquar","Bathware & plumbing","no","Front Panel"
"debris","JWP-WHT-LAGUNA170CX","Jaquar","Bathware & plumbing","no","Water System"
"debris","JWP-WHT-LAGUNA170WX","Jaquar","Bathware & plumbing","no","Front Panel"
"debris","JWP-WHT-LAGUNA180CX","Jaquar","Bathware & plumbing","no","1,53,000 (Water System) 1,58,000"
"needs-price","JWP-WHT-LAGUNA180FLTCX","Jaquar","Bathware & plumbing","no","Whirlpool and Airpool Combi System with Filtration System jaquar.com 181"
"debris","JWP-WHT-LAGUNA180WX","Jaquar","Bathware & plumbing","no","Front Panel"
"debris","JWP-WHT-OPALPM180CX","Jaquar","Bathware & plumbing","no","1,51,000 (Water System) 1,57,000"
"debris","JWP-WHT-OPALPM180WX","Jaquar","Bathware & plumbing","no","15,300 (Front Panel) 23,500"
"debris","JWP-WHT-POINT150CX","Jaquar","Bathware & plumbing","no","Water System"
"debris","JWP-WHT-VGNT190CX","Jaquar","Bathware & plumbing","no","1,59,000 (Water System) 1,53,000"
"needs-price","JWP-WHT-VGNT190FLTCX","Jaquar","Bathware & plumbing","no","Airpool 190x90x47 Whirlpool with and Airpool Combi System with Filtration System jaquar.com 179"
"debris","JWP-WHT-VGNT190WX","Jaquar","Bathware & plumbing","no","10,000 (Front Panel) 11,800"
"needs-price","KUP-35065NKPM","Jaquar","Bathware & plumbing","no","Single Lever Exposed Parts Kit of Diverter Consisting Operating Lever, Wall Flange (with Seals) & Button (Compatible with Item ALD-065N) 80"
"needs-price","KUP-35193KPM","Jaquar","Bathware & plumbing","no","Single Lever 3-inlet Divertor Exposed parts kit Operating Lever, Wall Flange & Button Only (Suitable ALD-193) telnI dloC PSB ""2/1 telnI toH PSB ""2/1 058 220 Ø120 51 50 Ø45 FRONT"
"needs-price","KUP-35661KPM","Jaquar","Bathware & plumbing","no","Aquamax Exposed Part Kit of Thermostatic Shower (Suitable for ALD-661) 105 38° WALL FLANGE 572 8 II I III OFF"
"needs-price","KUP-35681KPM","Jaquar","Bathware & plumbing","no","Aquamax Exposed Part Kit of with 2-way diverter (Suitable for Mixer DIVERTER HANDLE THERMOSTATE HANDLE Mixer 54 46 54 46"
"needs-price","KUP-35683KPM","Jaquar","Bathware & plumbing","no","Aquamax Exposed Part Kit of Thermostatic Shower with 3-way diverter (Suitable for ALD-683)"
"needs-price","KUP-35783KPM","Jaquar","Bathware & plumbing","no","Consisting of For Item Single Lever | Bidet Aquamax Exposed Part Kit of Single Lever Shower Mixer with 3-way diverter (Suitable for ALD-783) 06.niM )dednemm ocer( 021 .xaM 061 otpu og nac ti 5101 100 0711 1/2""BSP 1/2"" BSP 1/2""BSP 511 52x52 27 113 30° Ø63 1 B /2 S "" P 1-1/4""BSP Max. 180"
"needs-price","LYR-38065NK","Jaquar","Bathware & plumbing","no","Single Lever Exposed Parts Kit of Diverter Consisting Operating Lever, Wall Flange (with Seals) & Button (Compatible with Item ALD-065N) 125 571"
"needs-price","LYR-38193K","Jaquar","Bathware & plumbing","no","Single Lever 3-inlet Divertor Exposed parts kit Operating Lever, Wall Flange & Button Only (Suitable For Item ALD-193)"
"needs-price","LYR-38783K","Jaquar","Bathware & plumbing","no","Consisting of Aquamax Exposed Part Kit of Single Lever Shower Mixer with 3-way diverter (Suitable for ALD-783) 111"
"debris","LYS-WHT-38101UF","Jaquar","Bathware & plumbing","no","166 jaquar.com"
"debris","MET-WHT-PV006","Jaquar","Bathware & plumbing","no","Rs"
"debris","MET-WHT-PV010","Jaquar","Bathware & plumbing","no","Rs"
"debris","MET-WHT-PV015","Jaquar","Bathware & plumbing","no","Rs. Recommended for: Kitchen | Bucket Baths | Overhead Showers"
"debris","MET-WHT-PV025","Jaquar","Bathware & plumbing","no","META Product Specifications (Semi-Digital) Details Meta (Semi-Digital) Volume (L) 6/10/15/25 Rated Wattage 2 kW Required Power Supply (V/Hz) 230/50 Temperature Range 25ºC to 75ºC Working Pressure(Mpa) 0.8 Inlet/Outlet Connection (Inch) 1/2 Warranty 7 Years on Tank 4 Years on Heating Element 2 Years on other Parts Product Dimensions (in mm) W H 6 Litres 290 400 10 Litres 290 495 15 Litres 340 495 25 Litres 390 560 Rs"
"debris","MET-WHT-V006","Jaquar","Bathware & plumbing","no","Rs"
"debris","MET-WHT-V010","Jaquar","Bathware & plumbing","no","Rs. The perfect Storage Water heater for small families"
"debris","MET-WHT-V015","Jaquar","Bathware & plumbing","no","Rs"
"debris","MET-WHT-V025","Jaquar","Bathware & plumbing","no","VERSA VERTICAL (Manual) Product Specifications Details Versa Vertical (Manual) Volume (L) 35/50/70/100 Rated Wattage 35/50L 2 kW 70/100L 3 kW Required Power Supply (V/Hz) 230/50 Temperature Range 35-75°C Working Pressure (Mpa) 0.8 lnle / Outlet Connection (Inch) 1/2 Warranty 7 Years on Tank 4 Years on Heating Element 2 Years on Other Components Product Dimensions (in mm) W H 35 Litres 400 715 50 Litres 430 770 70 Litres 510 810 Rs"
"needs-price","OHS-1605","Jaquar","Bathware & plumbing","no","Registered design no.276017 : 200x200mm Chrome"
"debris","OHS-1619","Jaquar","Bathware & plumbing","no","240x240mm"
"needs-price","OHS-1623","Jaquar","Bathware & plumbing","no","Registered design no.276016"
"debris","OHS-1629","Jaquar","Bathware & plumbing","no","003 1/2""BSP 200 54 592 1/2""BSP 54"
"needs-price","OHS-1633","Jaquar","Bathware & plumbing","no","278 Maze Overhead Shower ø300mm Round Shape Single Flow (Body & Face Plate Stainless Steel Chrome Finish) with Rubit Cleaning System Registered design no.276016"
"needs-price","OHS-1635","Jaquar","Bathware & plumbing","no","Maze Overhead Shower 340x220mm Oval Shape Single Flow (Body & Face Plate Stainless Steel with Chrome Finish) with Rubit Cleaning System Registered design no.276015"
"needs-price","OHS-1637","Jaquar","Bathware & plumbing","no","Maze Overhead Shower 190X295mm Rectangular Shape Single Flow (Body & Face Plate Stainless Steel with Chrome Finish) with Rubit Cleaning"
"needs-price","OHS-1639","Jaquar","Bathware & plumbing","no","Maze Overhead Shower 300x300mm Square gle Flow (Body & Face Plate Stainless Steel with Finish) with Rubit Cleaning System Registered design no.276017"
"needs-price","OHS-1649","Jaquar","Bathware & plumbing","no","Water Fall Overhead Shower 552x205x25mm Flat Dual Flow (Maze Rain & Cascade) with Concealed Installation Kit & Wall Flange (Shower Body & Face SS Chrome Plated) with Rubit Cleaning System OHS-WHM-1763 LED Overhead Shower ø180mm Circular Shape Single Flow (ABS Body with Face Plate White Matt) with Rubit Cleaning System Ø180"
"debris","OHS-1673","Jaquar","Bathware & plumbing","no","Maze Prime Round Shape Single Function Shower fi nish 450mm dia AISI 304 stainless steel in chrome fi nish with kit for RGB LED light remote control & installation kit for false 0.23W with ceiling • Chromo therapy (RGB): LED x 0.23W with 12V Power Supply (SMPS) including Controller, connecting to AC 100-240V, 50-60Hz Registered design no.276016 X 350mm LED Power to AC 273 450 R10 54 R182"
"debris","OHS-1679","Jaquar","Bathware & plumbing","no","Maze Prime Square Shape Single Function Shower 450 X 450mm AISI 304 stainless steel in chrome with RGB LED light remote control & installation false ceiling • Chromo therapy (RGB): LED x 12V Power Supply (SMPS) including Controller, connecting to AC 100-240V, 50-60Hz Registered design no.276017 053"
"needs-price","OHS-1709","Jaquar","Bathware & plumbing","no","Overhead Shower ø105mm Round Shape Single Flow with Air Effect (ABS Body & Face Plate Chrome Plated) with Rubit Cleaning System"
"needs-price","OHS-1719","Jaquar","Bathware & plumbing","no","Overhead Shower ø105mm Round Shape Multi Flow with Air Effect (ABS Body & Face Plate Chrome Plated) with Rubit Cleaning System ½""BSP 35 ½""BSP Ø140 Ø140 06"
"needs-price","OHS-1741","Jaquar","Bathware & plumbing","no","LED Overhead Shower 234mm dia Round Shape (ABS Body Chrome Plated With Gray Face Plate) Cleaning System"
"needs-price","OHS-1743","Jaquar","Bathware & plumbing","no","Single Flow LED Overhead Shower 250X250mm Square Shape With Rubit Single Flow (ABS Body Chrome Plated With Gray Face Plate) With Rubit Cleaning System 281"
"needs-price","OHS-1755","Jaquar","Bathware & plumbing","no","Overhead Shower ø180mm Round Shape Single with Air Effect (ABS Body & Face Plate Chrome with Rubit Cleaning System 274"
"needs-price","OHS-1757","Jaquar","Bathware & plumbing","no","Overhead Shower ø140mm Round Shape Single Flow with Air Effect (ABS Body & Face Plate Plated) with Rubit Cleaning System"
"needs-price","OHS-1759","Jaquar","Bathware & plumbing","no","Overhead Shower ø180mm Round Shape Single Flow (ABS Body Chrome Plated with Gray Face Plate) with Rubit Cleaning System 56 ½""BSP ½""BSP SQ.150 06"
"needs-price","OHS-1765","Jaquar","Bathware & plumbing","no","Overhead Shower ø250mm Round Shape Single (ABS Body & Face Plate Chrome Plated) with Rubit Cleaning System OHS-BLM-1765 Overhead Shower ø250mm Round Shape Single (ABS Body with Face Plate Black Matt) with Rubit Cleaning System"
"needs-price","OHS-1769","Jaquar","Bathware & plumbing","no","Overhead Shower ø140mm Round Shape Multi Chrome Flow with Air Effect (ABS Body & Face Plate Chrome Plated) with Rubit Cleaning System Hand Showers 55 1/2"" BSP Ø 180 ½""BSP 532 01 15° Ø105"
"needs-price","OHS-1779","Jaquar","Bathware & plumbing","no","Overhead Shower ø120mm Round Shape Multi Flow with Cascade Effect (ABS Body Chrome Plated with Gray Face Plate) with Rubit Cleaning System 022 PSB""½ 01"
"needs-price","OHS-1787","Jaquar","Bathware & plumbing","no","Overhead Shower ø100mm Cylindrical Shape Multi Flow (Rain, Massage & Mist), Chrome Plated (ABS Body with Gray Face Plate) with Rubit Cleaning System ½""BSP 57 ½""BSP Ø120 57 Ø120"
"needs-price","OHS-1789","Jaquar","Bathware & plumbing","no","Overhead Shower ø120mm Round Shape Single Flow (ABS Body Chrome Plated with Gray Face Plate) with Rubit Cleaning System Ø190"
"needs-price","OHS-1799","Jaquar","Bathware & plumbing","no","Overhead Shower ø120mm Round Shape Multi Flow (ABS Body Chrome Plated with Gray Face Plate) with Rubit Cleaning System Showers | Single Flow Hand Showers"
"needs-price","OHS-1801","Jaquar","Bathware & plumbing","no","Single Overhead Shower ø150mm Round Shape Single Plate Flow (Brass Body Chrome Plated with Gray Face Plate) with Self Cleaning Function 205x100 63 F W in a i l s l hedM M a in x 2 4 8 0 1/2""BSP 25 ½""BSP 891 Ø180"
"needs-price","OHS-1843","Jaquar","Bathware & plumbing","no","Victorian Shower Head Round ø200mm (Bell Type) Single Flow (Body & Face Plate Brass with Chrome Plated) with Rubit Cleaning System"
"needs-price","OHS-1989","Jaquar","Bathware & plumbing","no","Overhead Shower ø100mm Round Shape Single Flow (ABS Body Chrome Plated with Gray Face Plate) with Rubit Cleaning System ½""BSP Ø120 07 ½""BSP 26 Ø180"
"needs-price","OHS-1999","Jaquar","Bathware & plumbing","no","Overhead Shower ø100mm Round Shape Multi Flow (ABS Body Chrome Plated with Gray Face Plate) with Rubit Cleaning System"
"needs-price","OHS-35495","Jaquar","Bathware & plumbing","no","Overhead Shower 150X150mm Squarel Shape Single Flow (ABS Body Chrome Plated with Gray Face Plate) with Rubit Cleaning System"
"needs-price","OHS-35497","Jaquar","Bathware & plumbing","no","Overhead Shower 200X200mm Square Shape Flow (ABS Body Chrome Plated with Gray Face with Rubit Cleaning System 60 150 170 555 205"
"needs-price","OHS-497N","Jaquar","Bathware & plumbing","no","276 Overhead Shower ø190mm Round Shape Single Flow (ABS Body Chrome Plated with Gray Face Plate) with Rubit Cleaning System"
"debris","OHS-85857","Jaquar","Bathware & plumbing","no","Alive- Maze Prime Single Function Shower 450 AISI 304 stainless steel in chrome fi nish with RGB light remote control & installation kit for false ceiling • Chromo therapy (RGB): LED x 0.23W with 12V Supply (SMPS) including Controller, connecting 100-240V, 50-60Hz Registered design no.276014"
"needs-price","OHS-85859M","Jaquar","Bathware & plumbing","no","Alive Maze Overhead Shower 200X300mm Round Edge & Rectangular Head Single Flow (Body & Face Plate Stainless Steel with Chrome finish) with Rubit System Cleaning System Registered design no.276014 279 1/2""BSP 54 022 340"
"needs-price","ONS-WHT-10953NBIUF","Jaquar","Bathware & plumbing","no","CLOSE SLIM SEAT COVER FOR 10853S300UFSM 3,200 CLOSE SLIM SEAT COVER FOR 10753P180UFSM, 10753NS250UFSM, 10955P180UFSM, 15851S300UFSM 3,200"
"needs-price","ONS-WHT-10961BIUFSMTL","Jaquar","Bathware & plumbing","no","CLOSE SEAT COVER FOR OPS WHT-15953BIUFPM, 15753P180UFPMZ, 15953BIUFPM 4,150 CLOSING SEAT COVER FOR 15851S 3,800 CLOSE SEAT COVER FOR OPS WHT-15953BIUFPM, 15753P180UFPMZ, 15953BIUFPM 3,900"
"needs-price","OPP-15065NKPM","Jaquar","Bathware & plumbing","no","Single Lever Exposed Parts Kit of Diverter Consisting Operating Lever, Wall Flange (with Seals) & Button (Compatible with Item ALD-065N) 88"
"needs-price","OPP-15193KPM","Jaquar","Bathware & plumbing","no","Single Lever 3-Inlet Diverter Exposed Parts Kit Operating Lever, Wall Flange & Button Only (Suitable For Item ALD-193) telnI dloC PSB ""2/1 telnI toH PSB ""2/1 058 51 Ø48 FRONT"
"needs-price","OPP-15661KPM","Jaquar","Bathware & plumbing","no","Aquamax Exposed Part Kit of Thermostatic Shower Mixer (Suitable for ALD-661) 105 DIVERTER HANDLE THERMOSTATE HANDLE WALL FLANGE 092 8 66 66 II I III OFF 38° 54Ø 54Ø"
"needs-price","OPP-15681KPM","Jaquar","Bathware & plumbing","no","Aquamax Exposed Part with 2-way diverter"
"needs-price","OPP-15683KPM","Jaquar","Bathware & plumbing","no","91 Aquamax Exposed Part Kit of Thermostatic Shower Mixer with 3-way diverter (Suitable for ALD-683)"
"needs-price","OPP-15783KPM","Jaquar","Bathware & plumbing","no","Consisting of Aquamax Exposed Part Kit of Single Lever Shower Mixer with 3-way diverter (Suitable for ALD-783) Single Lever | Bidet 112 011 07 30° Ø63 573 Ø52 1/2""BSP 1/2""BSP1-1/4""BSP Max. 180 06.niM )dednemmocer( 021 .xaM 061 otpu og nac ti 5101 220 Ø130 50 100 0711 1/2""BSP 1/2"" BSP"
"needs-price","OPS-WHT-15961BIUFSMTL","Jaquar","Bathware & plumbing","no","CLOSE SEAT COVER FOR OPS WHT-15953BIUFPM, 15753P180UFPMZ, 15953BIUFPM 3,900 CLOSE SEAT COVER FOR OPS WHT-15953BIUFPM, 15753P180UFPMZ, 15953BIUFPM 3,900 CLOSE SEAT COVER FOR OPS WHT-15953BIUFPM, 15753P180UFPMZ, 15953BIUFPM 3,900"
"needs-price","ORP-10065NKPM","Jaquar","Bathware & plumbing","no","Single Lever Exposed Parts Kit of Diverter Consisting Operating Lever, Wall Flange (with Seals) & Button (Compatible with Item ALD-065N) 96"
"needs-price","ORP-10193KPM","Jaquar","Bathware & plumbing","no","Single Lever 3-inlet Divertor Exposed parts kit of Operating Lever, Wall Flange & Button Only (Suitable Item ALD-193) telnI dloC PSB ""2/1 telnI toH PSB ""2/1 058 220 Ø130 51 50 100 Ø48 FRONT 1/2"" BSP"
"needs-price","ORP-10661KPM","Jaquar","Bathware & plumbing","no","Aquamax Exposed Part Kit of Thermostatic Shower Mixer (Suitable for ALD-661) 105 DIVERTER HANDLE THERMOSTATE HANDLE WALL FLANGE 092 8 09 54 II I III OFF 38° Ø45"
"needs-price","ORP-10681KPM","Jaquar","Bathware & plumbing","no","Aquamax Exposed Part with 2-way diverter"
"needs-price","ORP-10683KPM","Jaquar","Bathware & plumbing","no","99 Aquamax Exposed Part Kit of Thermostatic Shower Mixer with 3-way diverter (Suitable for ALD-683)"
"needs-price","ORP-10783KPM","Jaquar","Bathware & plumbing","no","Consisting Aquamax Exposed Part Kit of Single Lever Shower Mixer For with 3-way diverter (Suitable for ALD-783) Single Lever | Bidet 573 1-¼""BSP Max. 180 07 110 511 30° Ø52 Ø63 ½""BSP ½""BSP 06.niM )dednemm ocer( 021 .xaM 061 otpu og nac ti 5101 0711 1/2""BSP"
"needs-price","PTD-SAP-DT0106CSN","Jaquar","Bathware & plumbing","no","Capacity: 400-600 C/Z towels Material: AISI 304 stainless steel Finish: satin 10"
"needs-price","QQP-7053PM","Jaquar","Bathware & plumbing","no","Angular Stop Cock with Wall Flange"
"needs-price","QQP-7065NKPM","Jaquar","Bathware & plumbing","no","Single Lever Exposed Parts Kit of Diverter Consisting of Operating Lever, Wall Flange (with Seals) & Button Only (Compatible with Item ALD-065N) 091 Ø22 OPERATING LEVER BUTTON 52 70 BUTTON SLEEVE 26Ø SLEEVE 06Ø 170 ± 1.0 150 130 ± 1.0 1/2"" BSP Ø70 1/2"" BSP 27 53 251"
"needs-price","QQP-7083KPM","Jaquar","Bathware & plumbing","no","Exposed Part Kit of Concealed Stop Cock & Flush Fitting Sleeve, Operating Lever & Adjustable Wall (compatible with ALD-083, ALD-089 & ALD-081) SPJ-CHR-7463PM Bath Tub Spout with Button attachment for Hand with Wall Flange PSB ""2/1 07x58 22 83 + WALL FLANGE"
"needs-price","QQP-7661KPM","Jaquar","Bathware & plumbing","no","Aquamax Exposed Part Kit of Thermostatic Shower (Compatible with ALD-661) *at 3 bar pressure"
"needs-price","QQP-7681KPM","Jaquar","Bathware & plumbing","no","Mixer Aquamax Exposed Part Kit of Thermostatic Shower Mixer with 2-way diverter (Compatible with ALD-681) 57"
"needs-price","QQP-7683KPM","Jaquar","Bathware & plumbing","no","Shower Aquamax Exposed Part Kit of Thermostatic Shower Mixer with 3-way diverter (Compatible with ALD-683) 105 092 105 DIVERTER HANDLE 38° THERMOSTATE HANDLE 092 0 I II DIVERTER HANDLE 38° + THERMOSTATE HANDLE WALL FLANGE"
"needs-price","SDR-BLC-DJ0160ASN","Jaquar","Bathware & plumbing","no","Capacity: 0.8L Material: aluminium/ABS Finish: chrome/black 10 for Specially Abled Stainless Steel"
"needs-price","SDR-WHT-DJ0010FN","Jaquar","Bathware & plumbing","no","Capacity: 0.8L Material: ABS Finish: white/smoked 10 Soap Dispenser - Automatic"
"needs-price","SHA-1183","Jaquar","Bathware & plumbing","no","Sliding Rail 700X30X10mm Flat Shape with Hand Shower Holder 53Ø Ø24 006 45"
"needs-price","SHA-1187N","Jaquar","Bathware & plumbing","no","Sliding Rail ø19mm & 600mm Long Round Shape with Hand Shower Holder & Soap Dish 006 04Ø 50 125 SOAP DISH 541"
"needs-price","SHA-1189N","Jaquar","Bathware & plumbing","no","290 Sliding Rail ø24mm & 600mm Long Round Shape Shower Holder & Soap Dish"
"needs-price","SHA-1195R","Jaquar","Bathware & plumbing","no","Wall Outlet ø30mm, 40mm Long Round Shape Thread to Connect Hand Shower Pipe & Flange"
"needs-price","SHA-1195S","Jaquar","Bathware & plumbing","no","Ceiling Mounted Wall Outlet 35X25X25mm Square Shape with 15mm Thread to Connect Hand Shower Pipe & Flange Shower Tubes 45 28 82 1” BSP 23Ø ½” BSP ½” BS P 1.5 meter long"
"needs-price","SHA-1197N","Jaquar","Bathware & plumbing","no","Sliding Rail ø19mm & 600mm Long Round Shape with Hand Shower Holder with Hand"
"needs-price","SHA-1199N","Jaquar","Bathware & plumbing","no","Sliding Rail ø24mm & 600mm Long Round Shape with Hand Shower Holder 291"
"needs-price","SHA-1211N","Jaquar","Bathware & plumbing","no","Exposed Shower Pipe L-Type in Round Shape 20mm, Size L-Type 1120X410mm (for Connecting Overhead Shower) Sliding 0.5M Shower ½”BSP 56Ø 458 5421 0041~ 0511 350 30º ¾”BSP 0501 1/2"" BSP BSP 350 07"
"needs-price","SHA-1211NH","Jaquar","Bathware & plumbing","no","Exposed Shower Pipe with Hand Shower Holder, Round Shape 20mm, Size 1120X410mm (for Overhead Shower & Sliding Holder for Hand Shower)"
"needs-price","SHA-1213","Jaquar","Bathware & plumbing","no","Exposed Shower Pipe For Wall Mixer Round Shape ø25mm, L-Type in Size 1050X350mm with Provision to Adjust Height Upto Connecting 250mm with Wall Bracket (for Connection to Overhead Shower & Sliding Holder for Hand Shower) 289"
"needs-price","SHA-1217NR","Jaquar","Bathware & plumbing","no","Exposed Shower Pipe with Provision for Simultaneous Working of Showers with Operating Diverter Knob, in Round Shape ø20mm, Size 1120X410mm with Holder for Hand Shower, Wall Bracket & 8mm dia, Long Flexible Tube (for connection to Exposed Mixer) Without Showers 3/4"" 05Ø Ø20 MIn. 62 Max. 70"
"needs-price","SHA-455L400","Jaquar","Bathware & plumbing","no","Shower Arm 400X25X25mm Square Shape for Wall Mounted Showers with Flange Shape with 90˚ Also available"
"needs-price","SHA-455L600","Jaquar","Bathware & plumbing","no","Shape with 90˚ Shower Arm 600X25X25mm Square Shape for Wall Mounted Showers with Flange"
"needs-price","SHA-457L200","Jaquar","Bathware & plumbing","no","Shower Arm 200X25X25mm Square Shape for Showers with Flange PSB ”1 55Ø 20"
"needs-price","SHA-475L100","Jaquar","Bathware & plumbing","no","Shower Arm ø20mm & 100mm Long Round Shape for Ceiling Mounted Showers with Flange Round Shape Also available"
"needs-price","SHA-475L280","Jaquar","Bathware & plumbing","no","Shower Arm ø20mm & 280mm Long Round Shape for Ceiling Mounted Showers with Flange Also available"
"needs-price","SHA-475L450","Jaquar","Bathware & plumbing","no","450mm Long Wall Outlet ½” BSP Sq.50 Sq.25 20 28 PSB ”½ ½” BSP 82 45 05.qS 05.qS"
"needs-price","SHA-477","Jaquar","Bathware & plumbing","no","Shower Arm Casted 190mm Long Light Body for Wall Mounted Showers with Flange PS B ”½ 25 07Ø"
"needs-price","SHA-479L300S","Jaquar","Bathware & plumbing","no","Shower Arm ø20mm & 300mm Long Round Bend for Wall Mounted Showers with Stainless"
"needs-price","SHA-479L450","Jaquar","Bathware & plumbing","no","Shower Arm ø20mm & 450mm Long Round Bend for Wall Mounted Showers with Flange"
"needs-price","SHA-479L600","Jaquar","Bathware & plumbing","no","Shower Arm ø20mm & 600mm Long Round Bend for Wall Mounted Showers with Flange 292"
"needs-price","SHA-483","Jaquar","Bathware & plumbing","no","Round Shape Shower Arm Casted 190mm Long Flat Shape for Wall Mounted Showers with Flange 120 53 ½” BS P 40° 1/2""BSP 1/2""BSP Ø70 20 455"
"needs-price","SHA-485","Jaquar","Bathware & plumbing","no","Victorian Shower Arm ø20mm & 480mm Long Wall Mounted with Flange 502 21 51"
"needs-price","SHA-487","Jaquar","Bathware & plumbing","no","Shower Arm Casted 120mm Long Heavy Body for Wall Mounted Showers with Wall Flange 20 07Ø PSB ”½"
"needs-price","SHA-49483","Jaquar","Bathware & plumbing","no","Shape with 90˚ 85x85 erauqS 52 23 405 06 21 ½” BS P PS B ”½ Shower Arm Straight ø20mm & 450mm Long Round Shape without Bend for Wall Mounted Showers with Flange 10 605 56 ½” BSP"
"needs-price","SHA-549D12","Jaquar","Bathware & plumbing","no","Flexible Tube with 12mm dia & 1.5M Long with Nuts 293"
"needs-price","SHA-549D8","Jaquar","Bathware & plumbing","no","Flexible Tube 8mm dia & 1.5M Long with Nuts with 15mm Also available"
"needs-price","SHA-555","Jaquar","Bathware & plumbing","no","Premium Wall Bracket for Hand Shower, ø35mm & 100mm Nuts Long Round Shape 65 ½” BSP 65 25 35 PS B ”½ ½” BS P 05.qS"
"needs-price","SHA-566R","Jaquar","Bathware & plumbing","no","Wall Outlet with Shower Hook in Round Shape 294"
"needs-price","SHA-566S","Jaquar","Bathware & plumbing","no","Wall Outlet with Shower Hook in Square Shape"
"needs-price","SHA-571","Jaquar","Bathware & plumbing","no","Easy Flex Tube in Chrome Finish 1.5m Long with Wall Outlet with Shower Hook PSB ”½ 55Ø 25 35"
"needs-price","SLS-WHT-6953BIUFSMN","Jaquar","Bathware & plumbing","no","Rimless, Blind Installation Wall Hinges and Accessories Set, Size: 360x375x520 mm (Without"
"needs-price","SOL-6053","Jaquar","Bathware & plumbing","no","Angular Stop Cock with Flange 164"
"needs-price","SOL-6065NK","Jaquar","Bathware & plumbing","no","Consisting Single Lever Exposed Parts Kit of Diverter Consisting of (with Operating Lever, Wall Flange (with Seals) & Button Only (Compatible with Item ALD-065N) 157"
"needs-price","SOL-6075K","Jaquar","Bathware & plumbing","no","Single Lever Exposed Parts Kit of Divertor Consisting Operating Lever, Wall Flange (With Seals) & Button (Suitable For Item ALD-075)"
"needs-price","SOL-6083K","Jaquar","Bathware & plumbing","no","Exposed Part Kit of Fitting Sleeve, Operating Seal (compatible with"
"needs-price","SOL-6193K","Jaquar","Bathware & plumbing","no","Single Lever 3-inlet Divertor Exposed parts kit Operating Lever, Wall Flange & Button Only (Suitable For Item ALD-193) Single Lever | Kitchen 170±1 150 130±1 Ø70 35 PSB”2/1 60"
"needs-price","SOL-6231NK","Jaquar","Bathware & plumbing","no","Exposed Parts kit of Single Consisting of Operating Lever, Spout & Two Wall Flanges & ALD-235NPSO Single Lever | Bath & Ø44 HANDLE 84Ø SPOUT SPACER"
"needs-price","SPJ-429","Jaquar","Bathware & plumbing","no","Continental 38 PSB ""2/1 Bathtub Spout with Wall Flange"
"needs-price","SPJ-433","Jaquar","Bathware & plumbing","no","Florentine 35 PSB""½ 07Ø 170 56 160 Bathtub Spout 235mm Long with Wall Flange"
"needs-price","SPJ-463","Jaquar","Bathware & plumbing","no","Bathtub Spout with Button Attachment for Hand PSB ""2/1 25 07Ø"
"needs-price","SPJ-5429S","Jaquar","Bathware & plumbing","no","Shower Bathtub Spout with Wall Flange, Stainless Steel 35 PSB""½ 07Ø ½""BSP 95 170 56 80 225"
"needs-price","SPJ-5443","Jaquar","Bathware & plumbing","no","234 Basin Spout 7” with Wall Flange"
"needs-price","SPJ-5447","Jaquar","Bathware & plumbing","no","Basin Spout 9” with Wall Flange Also available"
"needs-price","SPJ-5463","Jaquar","Bathware & plumbing","no","Bathtub Spout with Button Attachment for Hand Shower with Wall Flange"
"debris","TMV-WHT-V006","Jaquar","Bathware & plumbing","no","Rs"
"debris","TMV-WHT-V010","Jaquar","Bathware & plumbing","no","Rs"
"debris","TMV-WHT-V015","Jaquar","Bathware & plumbing","no","Rs. Recommended for: Kitchen / Bucket Baths / Overhead Showers"
"debris","TMV-WHT-V025","Jaquar","Bathware & plumbing","no","BRIZA VERTICAL (Manual) Product Specifications Details Briza Vertical (Manual) Volume (L) 6/10/15/25 Rated Wattage 2 kW Required Power Supply (V/Hz) 230/50 Temperature Range 25ºC to 75ºC Working Pressure (Mpa) 0.8 Inlet/Outlet Connection (Inch) 1/2 Warranty 7 Years on Tank 4 Years on Heating Element 2 Years on Other Parts Product Dimensions (in mm) W H D 6 Litres 340 361 294 10 Litres 380 410 320 15 Litres 425 440 348 Rs"
"needs-price","VGP-81065NK","Jaquar","Bathware & plumbing","no","Consisting Single Lever Exposed Parts Kit of Diverter Consisting of (with Operating Lever, Wall Flange (with Seals) & Button Only (Compatible with Item ALD-065N) 571 116 06Ø 51Ø OPERATING LEVER 52 70 BUTTON SLEEVE 26Ø SLEEVE"
"needs-price","VGP-81193K","Jaquar","Bathware & plumbing","no","Single Lever 3-inlet Divertor Exposed parts kit Consisting of Operating Lever, Wall Flange & Button Only (Suitable For Item ALD-193) (with"
"needs-price","VGP-81661K","Jaquar","Bathware & plumbing","no","Aquamax Exposed Part Kit of Thermostatic Shower with 2-way diverter (Suitable for ALD-681) 125 003 8 06 06 WALL FLANGE II I III OFF 38°"
"needs-price","VGP-81681K","Jaquar","Bathware & plumbing","no","Mixer Mixer Aquamax Exposed Part Kit with 2-way diverter (Suitable DIVERTER HANDLE THERMOSTATE HANDLE 54Ø 54Ø"
"needs-price","VGP-81683K","Jaquar","Bathware & plumbing","no","Aquamax Exposed Part Kit of Thermostatic Shower with 3-way diverter (Suitable for ALD-683)"
"needs-price","VGP-81783K","Jaquar","Bathware & plumbing","no","Aquamax Exposed Part Kit of Single Lever Shower with 3-way diverter (Suitable for ALD-783) Single Lever | Bidet 511 573"
"debris","VGS-WHT-81103UF","Jaquar","Bathware & plumbing","no","81753P180UFSMZ"
"needs-price","VGS-WHT-81953BIUFPM","Jaquar","Bathware & plumbing","no","CLOSING SEAT COVER FOR 81751S, 81751P 1,630 CLOSE SLIM SEAT COVER FOR VGS-WHT-81753S250UFSMZ, 15753NP180UFSMZ, 4,550 15753NS250UFSMZ CLOSE SEAT COVER FOR VGS-WHT-81853S300B, 81853P180B, 6851S300UF 4,900"
"debris","VRM-WHT-HD035","Jaquar","Bathware & plumbing","no","Rs. Available in 35/50/70/100 Litres"
"debris","VRM-WHT-HD050","Jaquar","Bathware & plumbing","no","Rs"
"debris","VRM-WHT-HD070","Jaquar","Bathware & plumbing","no","Rs"
"debris","VRM-WHT-HD100","Jaquar","Bathware & plumbing","no","VERNA FLOOR MOUNTED Product Specifications (Manual) Details Verna Floor Mounted (Manual) Volume (L) 225/300/400/500 Rated Wattage 225/300/400L - 2.5 kW x 2 500L - 3.00 kW x 2 Required Power Supply (V/Hz) 230/50 Temperature Range 35ºC to 75ºC Working Pressure (Mpa) 1.0 Inlet/Outlet Connection (Inch) 3/4 Warranty 3 Years on Tank 3 Years on Heating Element 3 Years on Other Parts Product Dimensions (in mm) W H 225 Litres 540 1745 300 Litres 650 1600 400 Litres 710 1650 500 Litres 710 1999 Rs"
"debris","VRM-WHT-VD035","Jaquar","Bathware & plumbing","no","Rs"
"debris","VRM-WHT-VD050","Jaquar","Bathware & plumbing","no","Rs"
"debris","VRM-WHT-VD070","Jaquar","Bathware & plumbing","no","Rs"
"debris","VRM-WHT-VD100","Jaquar","Bathware & plumbing","no","118 jaquar.com"
"debris","VRN-GRY-225","Jaquar","Bathware & plumbing","no","Rs"
"debris","VRN-GRY-300","Jaquar","Bathware & plumbing","no","Rs"
"debris","VRN-GRY-400","Jaquar","Bathware & plumbing","no","Rs. Recommended for: the Centralised Heating Solution for Multiple Bathrooms"
"debris","VRN-GRY-500","Jaquar","Bathware & plumbing","no","INTEGRA-X Product Specifications (Monobloc Heat Pump) Details Integra-X (Monobloc Heat Pump) Tank Volume (L) 200/300 Rated Heating Capacity (kW) 2.60 Rated Input Power (kW) 0.63 Working Ambient Temperature -7 ~ 43 (Deg C) Max Outlet Temperature (Deg C) 55/75 Required Power Supply (V/Ph/Hz) 220/1/50 Heating Element (kW) 2.0 kW Refrigerant Type R134a Warranty 4 Years on Tank, 2 Years on heating element, compressor & Sealed System 1 Year on other components Net Dimension (mm) W H 200L 620 1494 300L 620 1759 Weight - Net/ Gross (Kg) 200L 116/133 Rs"
